	/*
	 Navicat Premium Data Transfer

	 Source Server         : localhost
	 Source Server Type    : MySQL
	 Source Server Version : 50638
	 Source Host           : 192.168.88.65:3306
	 Source Schema         : store

	 Target Server Type    : MySQL
	 Target Server Version : 50638
	 File Encoding         : 65001

	 Date: 05/03/2019 18:05:13
	*/

	SET NAMES utf8mb4;
	SET FOREIGN_KEY_CHECKS = 0;

	-- ----------------------------
	-- Table structure for address
	-- ----------------------------
	DROP TABLE IF EXISTS `address`;
	CREATE TABLE `address`  (
	  `address_id` int(11) NOT NULL AUTO_INCREMENT,
	  `customer_id` int(11) NOT NULL,
	  `firstname` varchar(32) CHARACTER SET utf8 COLLATE utf8_general_ci NOT NULL,
	  `lastname` varchar(32) CHARACTER SET utf8 COLLATE utf8_general_ci NOT NULL,
	  `company` varchar(40) CHARACTER SET utf8 COLLATE utf8_general_ci NOT NULL,
	  `address_1` varchar(128) CHARACTER SET utf8 COLLATE utf8_general_ci NOT NULL,
	  `address_2` varchar(128) CHARACTER SET utf8 COLLATE utf8_general_ci NOT NULL,
	  `city` varchar(128) CHARACTER SET utf8 COLLATE utf8_general_ci NOT NULL,
	  `postcode` varchar(10) CHARACTER SET utf8 COLLATE utf8_general_ci NOT NULL,
	  `country_id` int(11) NOT NULL DEFAULT 0,
	  `zone_id` int(11) NOT NULL DEFAULT 0,
	  `custom_field` text CHARACTER SET utf8 COLLATE utf8_general_ci NOT NULL,
	  PRIMARY KEY (`address_id`) USING BTREE,
	  INDEX `customer_id`(`customer_id`) USING BTREE
	) ENGINE = MyISAM AUTO_INCREMENT = 1 CHARACTER SET = utf8 COLLATE = utf8_general_ci ROW_FORMAT = Dynamic;

	-- ----------------------------
	-- Table structure for api
	-- ----------------------------
	DROP TABLE IF EXISTS `api`;
	CREATE TABLE `api`  (
	  `api_id` int(11) NOT NULL AUTO_INCREMENT,
	  `username` varchar(64) CHARACTER SET utf8 COLLATE utf8_general_ci NOT NULL,
	  `key` text CHARACTER SET utf8 COLLATE utf8_general_ci NOT NULL,
	  `status` tinyint(1) NOT NULL,
	  `date_added` datetime(0) NOT NULL,
	  `date_modified` datetime(0) NOT NULL,
	  PRIMARY KEY (`api_id`) USING BTREE
	) ENGINE = MyISAM AUTO_INCREMENT = 2 CHARACTER SET = utf8 COLLATE = utf8_general_ci ROW_FORMAT = Dynamic;

	-- ----------------------------
	-- Records of api
	-- ----------------------------
	INSERT INTO `api` VALUES (1, 'Default', 'R41mteEF6tKfM0higwE4ic4xYYD1flOja1z7ENadxJlGuz2cOrJ1g8uQqD0kuBN08vv0tTFPR2It3SNmRp5bTs5hE0HXdp1BhIxdT0HDGdt8gLTKHovRVUlmoFTUnrhQulMXcxebtsMCBfYAHC9YaA98cYvevorXMHEukTr6Cvjrp6i456cEbHtpyNJWOoDaWu8P7kgcso26xHccdHNp0703FqF9o0n3Z3RUKG269QShMeeOuMXMg6KLCtXu7Z3S', 1, '2019-02-14 16:27:01', '2019-02-25 11:21:33');

	-- ----------------------------
	-- Table structure for api_ip
	-- ----------------------------
	DROP TABLE IF EXISTS `api_ip`;
	CREATE TABLE `api_ip`  (
	  `api_ip_id` int(11) NOT NULL AUTO_INCREMENT,
	  `api_id` int(11) NOT NULL,
	  `ip` varchar(40) CHARACTER SET utf8 COLLATE utf8_general_ci NOT NULL,
	  PRIMARY KEY (`api_ip_id`) USING BTREE
	) ENGINE = MyISAM AUTO_INCREMENT = 4 CHARACTER SET = utf8 COLLATE = utf8_general_ci ROW_FORMAT = Dynamic;

	-- ----------------------------
	-- Records of api_ip
	-- ----------------------------
	INSERT INTO `api_ip` VALUES (3, 1, '192.168.88.65');

	-- ----------------------------
	-- Table structure for api_session
	-- ----------------------------
	DROP TABLE IF EXISTS `api_session`;
	CREATE TABLE `api_session`  (
	  `api_session_id` int(11) NOT NULL AUTO_INCREMENT,
	  `api_id` int(11) NOT NULL,
	  `session_id` varchar(32) CHARACTER SET utf8 COLLATE utf8_general_ci NOT NULL,
	  `ip` varchar(40) CHARACTER SET utf8 COLLATE utf8_general_ci NOT NULL,
	  `date_added` datetime(0) NOT NULL,
	  `date_modified` datetime(0) NOT NULL,
	  PRIMARY KEY (`api_session_id`) USING BTREE
	) ENGINE = MyISAM AUTO_INCREMENT = 65 CHARACTER SET = utf8 COLLATE = utf8_general_ci ROW_FORMAT = Dynamic;

	-- ----------------------------
	-- Records of api_session
	-- ----------------------------
	INSERT INTO `api_session` VALUES (64, 1, '34c7cb144b83de132cd2ce52dc', '192.168.88.65', '2019-03-05 16:28:16', '2019-03-05 16:28:16');
	INSERT INTO `api_session` VALUES (63, 1, '2cec97a75b0ca393b88c64a035', '192.168.88.65', '2019-03-05 16:19:23', '2019-03-05 16:19:23');
	INSERT INTO `api_session` VALUES (62, 1, '29068efdc994fa869952086d95', '192.168.88.65', '2019-03-05 16:19:20', '2019-03-05 16:19:20');
	INSERT INTO `api_session` VALUES (61, 1, 'a149b5950031cd1e2c61c8ef60', '192.168.88.65', '2019-03-05 12:39:51', '2019-03-05 12:39:51');
	INSERT INTO `api_session` VALUES (60, 1, '11f4f4f8aa16b653a1a125b4a0', '192.168.88.65', '2019-03-05 12:39:49', '2019-03-05 12:39:49');
	INSERT INTO `api_session` VALUES (59, 1, '8d7fbb29f0a41e1d46ee561f23', '192.168.88.65', '2019-03-05 12:30:38', '2019-03-05 12:30:38');
	INSERT INTO `api_session` VALUES (58, 1, '4863a853492553b9ae602b22c8', '192.168.88.65', '2019-03-05 12:30:14', '2019-03-05 12:30:14');
	INSERT INTO `api_session` VALUES (57, 1, 'e64378720bb882dafb37a4b098', '192.168.88.65', '2019-03-05 12:30:11', '2019-03-05 12:30:11');
	INSERT INTO `api_session` VALUES (56, 1, 'c33c0d9fac2cec216ba2f6c86d', '192.168.88.65', '2019-03-05 12:30:08', '2019-03-05 12:30:08');
	INSERT INTO `api_session` VALUES (55, 1, '9ab676d987b06fa83b95cf952e', '192.168.88.65', '2019-03-05 12:29:51', '2019-03-05 12:29:51');
	INSERT INTO `api_session` VALUES (54, 1, 'b3b7890d7cfe6a7994e634d661', '192.168.88.65', '2019-03-05 12:29:46', '2019-03-05 12:29:46');
	INSERT INTO `api_session` VALUES (53, 1, 'bdcf3f9eee57ac1135a01aaf00', '192.168.88.65', '2019-03-05 12:29:43', '2019-03-05 12:29:43');
	INSERT INTO `api_session` VALUES (52, 1, '60aeb5324f74730d1801adf3b9', '192.168.88.65', '2019-03-04 17:25:34', '2019-03-04 17:25:34');
	INSERT INTO `api_session` VALUES (51, 1, '211effdb67f84f09c2f40b612e', '192.168.88.65', '2019-03-04 17:25:31', '2019-03-04 17:25:31');
	INSERT INTO `api_session` VALUES (50, 1, 'bc4eaf3079de6d442e686f6d62', '192.168.88.65', '2019-03-01 14:39:18', '2019-03-01 14:39:18');
	INSERT INTO `api_session` VALUES (49, 1, '532f5d447e625394b941924196', '192.168.88.65', '2019-03-01 14:39:17', '2019-03-01 14:39:17');
	INSERT INTO `api_session` VALUES (46, 1, 'bbb6f8f438076eb951e30c8b4d', '192.168.88.65', '2019-03-01 14:38:26', '2019-03-01 14:38:26');
	INSERT INTO `api_session` VALUES (47, 1, 'ebb5c0dd37dd1fffc226b99bc7', '192.168.88.65', '2019-03-01 14:38:28', '2019-03-01 14:38:28');
	INSERT INTO `api_session` VALUES (48, 1, '6caa50eb16c2f3afea31224f98', '192.168.88.65', '2019-03-01 14:38:36', '2019-03-01 14:39:12');

	-- ----------------------------
	-- Table structure for article
	-- ----------------------------
	DROP TABLE IF EXISTS `article`;
	CREATE TABLE `article`  (
	  `article_id` int(11) NOT NULL AUTO_INCREMENT,
	  `image` varchar(255) CHARACTER SET utf8 COLLATE utf8_general_ci NULL DEFAULT NULL,
	  `date_available` date NOT NULL,
	  `sort_order` int(11) NOT NULL DEFAULT 0,
	  `article_review` tinyint(1) NOT NULL DEFAULT 0,
	  `status` tinyint(1) NOT NULL DEFAULT 0,
	  `noindex` tinyint(1) NOT NULL DEFAULT 1,
	  `date_added` datetime(0) NOT NULL DEFAULT '2019-03-07 00:22:16',
	  `date_modified` datetime(0) NOT NULL DEFAULT '2019-03-07 00:22:16',
	  `viewed` int(5) NOT NULL DEFAULT 0,
	  `gstatus` int(11) NOT NULL DEFAULT 0,
	  PRIMARY KEY (`article_id`) USING BTREE
	) ENGINE = MyISAM AUTO_INCREMENT = 126 CHARACTER SET = utf8 COLLATE = utf8_general_ci ROW_FORMAT = Dynamic;

	-- ----------------------------
	-- Records of article
	-- ----------------------------
	INSERT INTO `article` VALUES (120, 'catalog/cart.png', '1970-01-01', 1, 1, 1, 1, '2014-04-08 04:26:00', '2015-06-29 09:35:55', 8, 0);
	INSERT INTO `article` VALUES (123, 'catalog/demo/canon_eos_5d_2.jpg', '1970-01-01', 1, 1, 1, 1, '2014-03-31 06:55:15', '2015-06-29 09:03:48', 136, 1);
	INSERT INTO `article` VALUES (124, 'catalog/demo/canon_eos_5d_3.jpg', '1970-01-01', 1, 0, 1, 1, '2015-06-29 09:05:38', '2015-06-29 10:11:50', 2, 0);
	INSERT INTO `article` VALUES (125, 'catalog/demo/canon_eos_5d_2.jpg', '1970-01-01', 1, 0, 1, 1, '2015-06-29 09:09:03', '2019-03-07 00:22:16', 2, 0);

	-- ----------------------------
	-- Table structure for article_description
	-- ----------------------------
	DROP TABLE IF EXISTS `article_description`;
	CREATE TABLE `article_description`  (
	  `article_id` int(11) NOT NULL,
	  `language_id` int(11) NOT NULL,
	  `name` varchar(255) CHARACTER SET utf8 COLLATE utf8_general_ci NOT NULL,
	  `description` text CHARACTER SET utf8 COLLATE utf8_general_ci NOT NULL,
	  `meta_description` varchar(255) CHARACTER SET utf8 COLLATE utf8_general_ci NOT NULL,
	  `meta_keyword` varchar(255) CHARACTER SET utf8 COLLATE utf8_general_ci NOT NULL,
	  `meta_title` varchar(255) CHARACTER SET utf8 COLLATE utf8_general_ci NOT NULL,
	  `meta_h1` varchar(255) CHARACTER SET utf8 COLLATE utf8_general_ci NOT NULL,
	  `tag` text CHARACTER SET utf8 COLLATE utf8_general_ci NOT NULL,
	  PRIMARY KEY (`article_id`, `language_id`) USING BTREE,
	  INDEX `name`(`name`) USING BTREE
	) ENGINE = MyISAM CHARACTER SET = utf8 COLLATE = utf8_general_ci ROW_FORMAT = Dynamic;

	-- ----------------------------
	-- Records of article_description
	-- ----------------------------
	INSERT INTO `article_description` VALUES (120, 1, 'CMS для интернет магазинов ocStore v3.x', '&lt;p&gt;Рады представить Вашему вниманию ocStore v3.x основанную на OPENCART v3.x&lt;/p&gt;\r\n', 'CMS для интернет магазинов ocStore v3.x это бесплатный функциональный движок для создания качественных продающих магазинов.', 'cms, opencart, ocstore', 'CMS для интернет магазинов ocStore v3.x - Скачать', 'CMS для интернет магазинов ocStore v3.x', '');
	INSERT INTO `article_description` VALUES (120, 2, 'CMS for online stores ocStore v3.x', '&lt;p&gt;&lt;span class=&quot;long_text&quot; id=&quot;result_box&quot; lang=&quot;en&quot;&gt;&lt;span class=&quot;hps&quot;&gt;Are pleased to announce&lt;/span&gt; &lt;span class=&quot;hps&quot;&gt;ocStore v3.x&lt;/span&gt; &lt;span class=&quot;hps&quot;&gt;based on&lt;/span&gt; &lt;span class=&quot;hps&quot;&gt;OpenCart v2.x&lt;/span&gt;&lt;/span&gt;&lt;/p&gt;\r\n', 'CMS for online stores ocStore v3.x is a free functional engine to create high-quality shops selling.', 'cms, opencart, ocstore', 'CMS for online stores ocStore v3.x - Download', 'CMS for online stores ocStore v3.x', '');
	INSERT INTO `article_description` VALUES (123, 1, 'Обзор Первый', '&lt;p&gt;Это первый фото обзор тут можно написать много какого то текста который описывает фото обзор и говорит что и как и почему для чего :-) Это первый фото обзор тут можно написать много какого то текста который описывает фото обзор и говорит что и как и почему для чего :-) Это первый фото обзор тут можно написать много какого то текста который описывает фото обзор и говорит что и как и почему для чего :-) Это первый фото обзор тут можно написать много какого то текста который описывает фото обзор и говорит что и как и почему для чего :-) Это первый фото обзор тут можно написать много какого то текста который описывает фото обзор и говорит что и как и почему для чего :-) Это первый фото обзор тут можно написать много какого то текста который описывает фото обзор и говорит что и как и почему для чего :-) Это первый фото обзор тут можно написать много какого то текста который описывает фото обзор и говорит что и как и почему для чего :-) Это первый фото обзор тут можно написать много какого то текста который описывает фото обзор и говорит что и как и почему для чего :-) Это первый фото обзор тут можно написать много какого то текста который описывает фото обзор и говорит что и как и почему для чего :-)&lt;/p&gt;\r\n', 'Фото Обзор Первый', 'Фото Обзор Первый', 'Фото Обзор Первый', 'Фото Обзор Первый', '');
	INSERT INTO `article_description` VALUES (123, 2, 'First Overview', '&lt;p&gt;&lt;span id=&quot;result_box&quot; lang=&quot;en&quot;&gt;&lt;span class=&quot;hps&quot;&gt;This is the first&lt;/span&gt; &lt;span class=&quot;hps&quot;&gt;review of the&lt;/span&gt; &lt;span class=&quot;hps&quot;&gt;photos&lt;/span&gt; &lt;span class=&quot;hps&quot;&gt;here&lt;/span&gt;&lt;span&gt;, you can write&lt;/span&gt; &lt;span class=&quot;hps&quot;&gt;a lot of&lt;/span&gt; &lt;span class=&quot;hps&quot;&gt;what that&lt;/span&gt; &lt;span class=&quot;hps&quot;&gt;text&lt;/span&gt; &lt;span class=&quot;hps&quot;&gt;that describes the&lt;/span&gt; &lt;span class=&quot;hps&quot;&gt;photo&lt;/span&gt; &lt;span class=&quot;hps&quot;&gt;review and&lt;/span&gt; &lt;span class=&quot;hps&quot;&gt;says&lt;/span&gt; &lt;span class=&quot;hps&quot;&gt;what and how&lt;/span&gt; &lt;span class=&quot;hps&quot;&gt;and why&lt;/span&gt; &lt;span class=&quot;hps&quot;&gt;what&lt;/span&gt; &lt;span class=&quot;hps&quot;&gt;:-) This is the first&lt;/span&gt; &lt;span class=&quot;hps&quot;&gt;review of the&lt;/span&gt; &lt;span class=&quot;hps&quot;&gt;photos&lt;/span&gt; &lt;span class=&quot;hps&quot;&gt;here&lt;/span&gt;&lt;span&gt;, you can write&lt;/span&gt; &lt;span class=&quot;hps&quot;&gt;a lot of&lt;/span&gt; &lt;span class=&quot;hps&quot;&gt;what that&lt;/span&gt; &lt;span class=&quot;hps&quot;&gt;text&lt;/span&gt; &lt;span class=&quot;hps&quot;&gt;that describes the&lt;/span&gt; &lt;span class=&quot;hps&quot;&gt;photo&lt;/span&gt; &lt;span class=&quot;hps&quot;&gt;review and&lt;/span&gt; &lt;span class=&quot;hps&quot;&gt;says&lt;/span&gt; &lt;span class=&quot;hps&quot;&gt;what and how&lt;/span&gt; &lt;span class=&quot;hps&quot;&gt;and why&lt;/span&gt; &lt;span class=&quot;hps&quot;&gt;what&lt;/span&gt; &lt;span class=&quot;hps&quot;&gt;:-) This is the first&lt;/span&gt; &lt;span class=&quot;hps&quot;&gt;review of the&lt;/span&gt; &lt;span class=&quot;hps&quot;&gt;photos&lt;/span&gt; &lt;span class=&quot;hps&quot;&gt;here&lt;/span&gt;&lt;span&gt;, you can write&lt;/span&gt; &lt;span class=&quot;hps&quot;&gt;a lot of&lt;/span&gt; &lt;span class=&quot;hps&quot;&gt;what that&lt;/span&gt; &lt;span class=&quot;hps&quot;&gt;text&lt;/span&gt; &lt;span class=&quot;hps&quot;&gt;that describes the&lt;/span&gt; &lt;span class=&quot;hps&quot;&gt;photo&lt;/span&gt; &lt;span class=&quot;hps&quot;&gt;review and&lt;/span&gt; &lt;span class=&quot;hps&quot;&gt;says&lt;/span&gt; &lt;span class=&quot;hps&quot;&gt;what and how&lt;/span&gt; &lt;span class=&quot;hps&quot;&gt;and why&lt;/span&gt; &lt;span class=&quot;hps&quot;&gt;what&lt;/span&gt; &lt;span class=&quot;hps&quot;&gt;:-) This is the first&lt;/span&gt; &lt;span class=&quot;hps&quot;&gt;review of the&lt;/span&gt; &lt;span class=&quot;hps&quot;&gt;photos&lt;/span&gt; &lt;span class=&quot;hps&quot;&gt;here&lt;/span&gt;&lt;span&gt;, you can write&lt;/span&gt; &lt;span class=&quot;hps&quot;&gt;a lot of&lt;/span&gt; &lt;span class=&quot;hps&quot;&gt;what that&lt;/span&gt; &lt;span class=&quot;hps&quot;&gt;text&lt;/span&gt; &lt;span class=&quot;hps&quot;&gt;that describes the&lt;/span&gt; &lt;span class=&quot;hps&quot;&gt;photo&lt;/span&gt; &lt;span class=&quot;hps&quot;&gt;review and&lt;/span&gt; &lt;span class=&quot;hps&quot;&gt;says&lt;/span&gt; &lt;span class=&quot;hps&quot;&gt;what and how&lt;/span&gt; &lt;span class=&quot;hps&quot;&gt;and why&lt;/span&gt; &lt;span class=&quot;hps&quot;&gt;what&lt;/span&gt; &lt;span class=&quot;hps&quot;&gt;:-) This is the first&lt;/span&gt; &lt;span class=&quot;hps&quot;&gt;review of the&lt;/span&gt; &lt;span class=&quot;hps&quot;&gt;photos&lt;/span&gt; &lt;span class=&quot;hps&quot;&gt;here&lt;/span&gt;&lt;span&gt;, you can write&lt;/span&gt; &lt;span class=&quot;hps&quot;&gt;a lot of&lt;/span&gt; &lt;span class=&quot;hps&quot;&gt;what that&lt;/span&gt; &lt;span class=&quot;hps&quot;&gt;text&lt;/span&gt; &lt;span class=&quot;hps&quot;&gt;that describes the&lt;/span&gt; &lt;span class=&quot;hps&quot;&gt;photo&lt;/span&gt; &lt;span class=&quot;hps&quot;&gt;review and&lt;/span&gt; &lt;span class=&quot;hps&quot;&gt;says&lt;/span&gt; &lt;span class=&quot;hps&quot;&gt;what and how&lt;/span&gt; &lt;span class=&quot;hps&quot;&gt;and why&lt;/span&gt; &lt;span class=&quot;hps&quot;&gt;what&lt;/span&gt; &lt;span class=&quot;hps&quot;&gt;:-) This is the first&lt;/span&gt; &lt;span class=&quot;hps&quot;&gt;review of the&lt;/span&gt; &lt;span class=&quot;hps&quot;&gt;photos&lt;/span&gt; &lt;span class=&quot;hps&quot;&gt;here&lt;/span&gt;&lt;span&gt;, you can write&lt;/span&gt; &lt;span class=&quot;hps&quot;&gt;a lot of&lt;/span&gt; &lt;span class=&quot;hps&quot;&gt;what that&lt;/span&gt; &lt;span class=&quot;hps&quot;&gt;text&lt;/span&gt; &lt;span class=&quot;hps&quot;&gt;that describes the&lt;/span&gt; &lt;span class=&quot;hps&quot;&gt;photo&lt;/span&gt; &lt;span class=&quot;hps&quot;&gt;review and&lt;/span&gt; &lt;span class=&quot;hps&quot;&gt;says&lt;/span&gt; &lt;span class=&quot;hps&quot;&gt;what and how&lt;/span&gt; &lt;span class=&quot;hps&quot;&gt;and why&lt;/span&gt; &lt;span class=&quot;hps&quot;&gt;what&lt;/span&gt; &lt;span class=&quot;hps&quot;&gt;:-) This is the first&lt;/span&gt; &lt;span class=&quot;hps&quot;&gt;review of the&lt;/span&gt; &lt;span class=&quot;hps&quot;&gt;photos&lt;/span&gt; &lt;span class=&quot;hps&quot;&gt;here&lt;/span&gt;&lt;span&gt;, you can write&lt;/span&gt; &lt;span class=&quot;hps&quot;&gt;a lot of&lt;/span&gt; &lt;span class=&quot;hps&quot;&gt;what that&lt;/span&gt; &lt;span class=&quot;hps&quot;&gt;text&lt;/span&gt; &lt;span class=&quot;hps&quot;&gt;that describes the&lt;/span&gt; &lt;span class=&quot;hps&quot;&gt;photo&lt;/span&gt; &lt;span class=&quot;hps&quot;&gt;review and&lt;/span&gt; &lt;span class=&quot;hps&quot;&gt;says&lt;/span&gt; &lt;span class=&quot;hps&quot;&gt;what and how&lt;/span&gt; &lt;span class=&quot;hps&quot;&gt;and why&lt;/span&gt; &lt;span class=&quot;hps&quot;&gt;what&lt;/span&gt; &lt;span class=&quot;hps&quot;&gt;:-) This is the first&lt;/span&gt; &lt;span class=&quot;hps&quot;&gt;review of the&lt;/span&gt; &lt;span class=&quot;hps&quot;&gt;photos&lt;/span&gt; &lt;span class=&quot;hps&quot;&gt;here&lt;/span&gt;&lt;span&gt;, you can write&lt;/span&gt; &lt;span class=&quot;hps&quot;&gt;a lot of&lt;/span&gt; &lt;span class=&quot;hps&quot;&gt;what that&lt;/span&gt; &lt;span class=&quot;hps&quot;&gt;text&lt;/span&gt; &lt;span class=&quot;hps&quot;&gt;that describes the&lt;/span&gt; &lt;span class=&quot;hps&quot;&gt;photo&lt;/span&gt; &lt;span class=&quot;hps&quot;&gt;review and&lt;/span&gt; &lt;span class=&quot;hps&quot;&gt;says&lt;/span&gt; &lt;span class=&quot;hps&quot;&gt;what and how&lt;/span&gt; &lt;span class=&quot;hps&quot;&gt;and why&lt;/span&gt; &lt;span class=&quot;hps&quot;&gt;what&lt;/span&gt; &lt;span class=&quot;hps&quot;&gt;:-) This is the first&lt;/span&gt; &lt;span class=&quot;hps&quot;&gt;review of the&lt;/span&gt; &lt;span class=&quot;hps&quot;&gt;photos&lt;/span&gt; &lt;span class=&quot;hps&quot;&gt;here&lt;/span&gt;&lt;span&gt;, you can write&lt;/span&gt; &lt;span class=&quot;hps&quot;&gt;a lot of&lt;/span&gt; &lt;span class=&quot;hps&quot;&gt;what that&lt;/span&gt; &lt;span class=&quot;hps&quot;&gt;text&lt;/span&gt; &lt;span class=&quot;hps&quot;&gt;that describes the&lt;/span&gt; &lt;span class=&quot;hps&quot;&gt;photo&lt;/span&gt; &lt;span class=&quot;hps&quot;&gt;review and&lt;/span&gt; &lt;span class=&quot;hps&quot;&gt;says&lt;/span&gt; &lt;span class=&quot;hps&quot;&gt;what and how&lt;/span&gt; &lt;span class=&quot;hps&quot;&gt;and why&lt;/span&gt; &lt;span class=&quot;hps&quot;&gt;what&lt;/span&gt; &lt;span class=&quot;hps&quot;&gt;:-)&lt;/span&gt;&lt;/span&gt;&lt;/p&gt;\r\n', 'First Photo Overview', 'First Photo Overview', 'First Photo Overview', 'First Photo Overview', '');
	INSERT INTO `article_description` VALUES (124, 2, 'Важная статья', '&lt;p&gt;Это очень важная статья которую нужно прочитать всем важным людям про важные события важных людей :-)&lt;br&gt;&lt;/p&gt;', '', '', '', '', '');
	INSERT INTO `article_description` VALUES (124, 1, 'Важная статья', '&lt;p&gt;Это очень важная статья которую нужно прочитать всем важным людям про важные события важных людей :-)&lt;/p&gt;', '', '', '', '', '');
	INSERT INTO `article_description` VALUES (125, 1, 'Первая новость', '&lt;p&gt;Это первая новость всем новостям новость :-)&lt;/p&gt;', '', '', '', '', '');
	INSERT INTO `article_description` VALUES (125, 2, 'Первая новость', '&lt;p&gt;Это первая новость всем новостям новость :-)&lt;br&gt;&lt;/p&gt;', '', '', '', '', '');

	-- ----------------------------
	-- Table structure for article_image
	-- ----------------------------
	DROP TABLE IF EXISTS `article_image`;
	CREATE TABLE `article_image`  (
	  `article_image_id` int(11) NOT NULL AUTO_INCREMENT,
	  `article_id` int(11) NOT NULL,
	  `image` varchar(255) CHARACTER SET utf8 COLLATE utf8_general_ci NULL DEFAULT NULL,
	  `sort_order` int(3) NOT NULL DEFAULT 0,
	  PRIMARY KEY (`article_image_id`) USING BTREE
	) ENGINE = MyISAM AUTO_INCREMENT = 3981 CHARACTER SET = utf8 COLLATE = utf8_general_ci ROW_FORMAT = Dynamic;

	-- ----------------------------
	-- Table structure for article_related
	-- ----------------------------
	DROP TABLE IF EXISTS `article_related`;
	CREATE TABLE `article_related`  (
	  `article_id` int(11) NOT NULL,
	  `related_id` int(11) NOT NULL,
	  PRIMARY KEY (`article_id`, `related_id`) USING BTREE
	) ENGINE = MyISAM CHARACTER SET = utf8 COLLATE = utf8_general_ci ROW_FORMAT = Fixed;

	-- ----------------------------
	-- Records of article_related
	-- ----------------------------
	INSERT INTO `article_related` VALUES (120, 123);
	INSERT INTO `article_related` VALUES (120, 124);
	INSERT INTO `article_related` VALUES (123, 120);
	INSERT INTO `article_related` VALUES (123, 124);
	INSERT INTO `article_related` VALUES (124, 120);
	INSERT INTO `article_related` VALUES (124, 123);

	-- ----------------------------
	-- Table structure for article_related_mn
	-- ----------------------------
	DROP TABLE IF EXISTS `article_related_mn`;
	CREATE TABLE `article_related_mn`  (
	  `article_id` int(11) NOT NULL,
	  `manufacturer_id` int(11) NOT NULL,
	  PRIMARY KEY (`article_id`, `manufacturer_id`) USING BTREE
	) ENGINE = MyISAM CHARACTER SET = utf8 COLLATE = utf8_general_ci ROW_FORMAT = Fixed;

	-- ----------------------------
	-- Records of article_related_mn
	-- ----------------------------
	INSERT INTO `article_related_mn` VALUES (120, 8);
	INSERT INTO `article_related_mn` VALUES (120, 9);
	INSERT INTO `article_related_mn` VALUES (123, 8);
	INSERT INTO `article_related_mn` VALUES (124, 7);

	-- ----------------------------
	-- Table structure for article_related_product
	-- ----------------------------
	DROP TABLE IF EXISTS `article_related_product`;
	CREATE TABLE `article_related_product`  (
	  `article_id` int(11) NOT NULL,
	  `product_id` int(11) NOT NULL,
	  PRIMARY KEY (`article_id`, `product_id`) USING BTREE
	) ENGINE = MyISAM CHARACTER SET = utf8 COLLATE = utf8_general_ci ROW_FORMAT = Fixed;

	-- ----------------------------
	-- Records of article_related_product
	-- ----------------------------
	INSERT INTO `article_related_product` VALUES (30, 123);
	INSERT INTO `article_related_product` VALUES (31, 123);
	INSERT INTO `article_related_product` VALUES (43, 123);
	INSERT INTO `article_related_product` VALUES (45, 123);
	INSERT INTO `article_related_product` VALUES (120, 28);
	INSERT INTO `article_related_product` VALUES (120, 30);
	INSERT INTO `article_related_product` VALUES (120, 41);
	INSERT INTO `article_related_product` VALUES (123, 30);
	INSERT INTO `article_related_product` VALUES (123, 31);
	INSERT INTO `article_related_product` VALUES (123, 43);
	INSERT INTO `article_related_product` VALUES (123, 45);
	INSERT INTO `article_related_product` VALUES (124, 28);
	INSERT INTO `article_related_product` VALUES (124, 30);
	INSERT INTO `article_related_product` VALUES (124, 41);
	INSERT INTO `article_related_product` VALUES (124, 47);

	-- ----------------------------
	-- Table structure for article_related_wb
	-- ----------------------------
	DROP TABLE IF EXISTS `article_related_wb`;
	CREATE TABLE `article_related_wb`  (
	  `article_id` int(11) NOT NULL,
	  `category_id` int(11) NOT NULL,
	  PRIMARY KEY (`article_id`, `category_id`) USING BTREE
	) ENGINE = MyISAM CHARACTER SET = utf8 COLLATE = utf8_general_ci ROW_FORMAT = Fixed;

	-- ----------------------------
	-- Table structure for article_to_blog_category
	-- ----------------------------
	DROP TABLE IF EXISTS `article_to_blog_category`;
	CREATE TABLE `article_to_blog_category`  (
	  `article_id` int(11) NOT NULL,
	  `blog_category_id` int(11) NOT NULL,
	  `main_blog_category` tinyint(1) NOT NULL DEFAULT 0,
	  PRIMARY KEY (`article_id`, `blog_category_id`) USING BTREE
	) ENGINE = MyISAM CHARACTER SET = utf8 COLLATE = utf8_general_ci ROW_FORMAT = Fixed;

	-- ----------------------------
	-- Records of article_to_blog_category
	-- ----------------------------
	INSERT INTO `article_to_blog_category` VALUES (124, 0, 0);
	INSERT INTO `article_to_blog_category` VALUES (123, 70, 1);
	INSERT INTO `article_to_blog_category` VALUES (120, 0, 0);
	INSERT INTO `article_to_blog_category` VALUES (125, 69, 1);
	INSERT INTO `article_to_blog_category` VALUES (120, 69, 0);
	INSERT INTO `article_to_blog_category` VALUES (120, 71, 1);
	INSERT INTO `article_to_blog_category` VALUES (124, 71, 1);

	-- ----------------------------
	-- Table structure for article_to_download
	-- ----------------------------
	DROP TABLE IF EXISTS `article_to_download`;
	CREATE TABLE `article_to_download`  (
	  `article_id` int(11) NOT NULL,
	  `download_id` int(11) NOT NULL,
	  PRIMARY KEY (`article_id`, `download_id`) USING BTREE
	) ENGINE = MyISAM CHARACTER SET = utf8 COLLATE = utf8_general_ci ROW_FORMAT = Fixed;

	-- ----------------------------
	-- Table structure for article_to_layout
	-- ----------------------------
	DROP TABLE IF EXISTS `article_to_layout`;
	CREATE TABLE `article_to_layout`  (
	  `article_id` int(11) NOT NULL,
	  `store_id` int(11) NOT NULL,
	  `layout_id` int(11) NOT NULL,
	  PRIMARY KEY (`article_id`, `store_id`) USING BTREE
	) ENGINE = MyISAM CHARACTER SET = utf8 COLLATE = utf8_general_ci ROW_FORMAT = Fixed;

	-- ----------------------------
	-- Records of article_to_layout
	-- ----------------------------
	INSERT INTO `article_to_layout` VALUES (120, 0, 0);
	INSERT INTO `article_to_layout` VALUES (123, 0, 0);
	INSERT INTO `article_to_layout` VALUES (124, 0, 0);
	INSERT INTO `article_to_layout` VALUES (125, 0, 0);

	-- ----------------------------
	-- Table structure for article_to_store
	-- ----------------------------
	DROP TABLE IF EXISTS `article_to_store`;
	CREATE TABLE `article_to_store`  (
	  `article_id` int(11) NOT NULL,
	  `store_id` int(11) NOT NULL DEFAULT 0,
	  PRIMARY KEY (`article_id`, `store_id`) USING BTREE
	) ENGINE = MyISAM CHARACTER SET = utf8 COLLATE = utf8_general_ci ROW_FORMAT = Fixed;

	-- ----------------------------
	-- Records of article_to_store
	-- ----------------------------
	INSERT INTO `article_to_store` VALUES (120, 0);
	INSERT INTO `article_to_store` VALUES (123, 0);
	INSERT INTO `article_to_store` VALUES (124, 0);
	INSERT INTO `article_to_store` VALUES (125, 0);

	-- ----------------------------
	-- Table structure for as_customer_query
	-- ----------------------------
	DROP TABLE IF EXISTS `as_customer_query`;
	CREATE TABLE `as_customer_query`  (
	  `id` int(11) NOT NULL AUTO_INCREMENT,
	  `customer_id` int(11) NOT NULL,
	  `text` char(128) CHARACTER SET utf8 COLLATE utf8_general_ci NOT NULL,
	  `choose` char(128) CHARACTER SET utf8 COLLATE utf8_general_ci NOT NULL,
	  `type` char(128) CHARACTER SET utf8 COLLATE utf8_general_ci NOT NULL,
	  `type_id` char(128) CHARACTER SET utf8 COLLATE utf8_general_ci NOT NULL,
	  `count` int(11) NOT NULL,
	  `date_modify` datetime(0) NOT NULL,
	  PRIMARY KEY (`id`) USING BTREE,
	  UNIQUE INDEX `no_duplicate`(`customer_id`, `text`, `choose`) USING BTREE
	) ENGINE = MyISAM AUTO_INCREMENT = 1 CHARACTER SET = utf8 COLLATE = utf8_general_ci ROW_FORMAT = Fixed;

	-- ----------------------------
	-- Table structure for as_query
	-- ----------------------------
	DROP TABLE IF EXISTS `as_query`;
	CREATE TABLE `as_query`  (
	  `query_id` int(11) NOT NULL AUTO_INCREMENT,
	  `text` char(128) CHARACTER SET utf8 COLLATE utf8_general_ci NOT NULL,
	  `redirect` char(128) CHARACTER SET utf8 COLLATE utf8_general_ci NOT NULL,
	  `count` int(11) NOT NULL,
	  `date_modify` datetime(0) NOT NULL,
	  PRIMARY KEY (`query_id`) USING BTREE,
	  UNIQUE INDEX `no_duplicate`(`text`) USING BTREE
	) ENGINE = MyISAM AUTO_INCREMENT = 2 CHARACTER SET = utf8 COLLATE = utf8_general_ci ROW_FORMAT = Fixed;

	-- ----------------------------
	-- Records of as_query
	-- ----------------------------
	INSERT INTO `as_query` VALUES (1, 'as', '', 1, '2019-02-27 11:34:22');

	-- ----------------------------
	-- Table structure for as_query_results
	-- ----------------------------
	DROP TABLE IF EXISTS `as_query_results`;
	CREATE TABLE `as_query_results`  (
	  `query_results_id` int(11) NOT NULL AUTO_INCREMENT,
	  `query_id` int(11) NOT NULL,
	  `type` char(128) CHARACTER SET utf8 COLLATE utf8_general_ci NOT NULL,
	  `type_id` char(128) CHARACTER SET utf8 COLLATE utf8_general_ci NOT NULL,
	  `count` int(11) NOT NULL,
	  `status` int(11) NOT NULL,
	  `date_modify` datetime(0) NOT NULL,
	  PRIMARY KEY (`query_results_id`) USING BTREE,
	  UNIQUE INDEX `no_duplicate`(`query_id`, `type`, `type_id`) USING BTREE
	) ENGINE = MyISAM AUTO_INCREMENT = 2 CHARACTER SET = utf8 COLLATE = utf8_general_ci ROW_FORMAT = Fixed;

	-- ----------------------------
	-- Records of as_query_results
	-- ----------------------------
	INSERT INTO `as_query_results` VALUES (1, 1, 'product', '85', 1, 1, '2019-02-27 11:34:22');

	-- ----------------------------
	-- Table structure for as_statistic
	-- ----------------------------
	DROP TABLE IF EXISTS `as_statistic`;
	CREATE TABLE `as_statistic`  (
	  `statistic_id` int(11) NOT NULL AUTO_INCREMENT,
	  `search` char(128) CHARACTER SET utf8 COLLATE utf8_general_ci NOT NULL,
	  `select` char(128) CHARACTER SET utf8 COLLATE utf8_general_ci NOT NULL,
	  `type` char(128) CHARACTER SET utf8 COLLATE utf8_general_ci NOT NULL,
	  `type_id` char(128) CHARACTER SET utf8 COLLATE utf8_general_ci NOT NULL,
	  `count` int(11) NOT NULL,
	  `date_modify` datetime(0) NOT NULL,
	  PRIMARY KEY (`statistic_id`) USING BTREE,
	  UNIQUE INDEX `no_duplicate`(`select`) USING BTREE
	) ENGINE = MyISAM AUTO_INCREMENT = 2 CHARACTER SET = utf8 COLLATE = utf8_general_ci ROW_FORMAT = Fixed;

	-- ----------------------------
	-- Records of as_statistic
	-- ----------------------------
	INSERT INTO `as_statistic` VALUES (1, 'as', 'Antminer S9i', 'product', '85', 1, '2019-02-27 11:34:22');

	-- ----------------------------
	-- Table structure for attribute
	-- ----------------------------
	DROP TABLE IF EXISTS `attribute`;
	CREATE TABLE `attribute`  (
	  `attribute_id` int(11) NOT NULL AUTO_INCREMENT,
	  `attribute_group_id` int(11) NOT NULL,
	  `sort_order` int(3) NOT NULL,
	  PRIMARY KEY (`attribute_id`) USING BTREE
	) ENGINE = MyISAM AUTO_INCREMENT = 22 CHARACTER SET = utf8 COLLATE = utf8_general_ci ROW_FORMAT = Fixed;

	-- ----------------------------
	-- Records of attribute
	-- ----------------------------
	INSERT INTO `attribute` VALUES (12, 7, 1);
	INSERT INTO `attribute` VALUES (13, 7, 2);
	INSERT INTO `attribute` VALUES (14, 7, 5);
	INSERT INTO `attribute` VALUES (15, 7, 9);
	INSERT INTO `attribute` VALUES (16, 7, 8);
	INSERT INTO `attribute` VALUES (17, 7, 7);
	INSERT INTO `attribute` VALUES (18, 7, 3);
	INSERT INTO `attribute` VALUES (19, 7, 4);
	INSERT INTO `attribute` VALUES (20, 7, 0);
	INSERT INTO `attribute` VALUES (21, 7, 10);

	-- ----------------------------
	-- Table structure for attribute_description
	-- ----------------------------
	DROP TABLE IF EXISTS `attribute_description`;
	CREATE TABLE `attribute_description`  (
	  `attribute_id` int(11) NOT NULL,
	  `language_id` int(11) NOT NULL,
	  `name` varchar(64) CHARACTER SET utf8 COLLATE utf8_general_ci NOT NULL,
	  PRIMARY KEY (`attribute_id`, `language_id`) USING BTREE
	) ENGINE = MyISAM CHARACTER SET = utf8 COLLATE = utf8_general_ci ROW_FORMAT = Dynamic;

	-- ----------------------------
	-- Records of attribute_description
	-- ----------------------------
	INSERT INTO `attribute_description` VALUES (12, 1, 'Алгоритм');
	INSERT INTO `attribute_description` VALUES (13, 2, 'Hashrate');
	INSERT INTO `attribute_description` VALUES (13, 1, 'Hashrate');
	INSERT INTO `attribute_description` VALUES (14, 1, 'Энергопотребление');
	INSERT INTO `attribute_description` VALUES (12, 2, 'Algorithm');
	INSERT INTO `attribute_description` VALUES (15, 2, 'Weight');
	INSERT INTO `attribute_description` VALUES (15, 1, 'Вес');
	INSERT INTO `attribute_description` VALUES (16, 2, 'Noise');
	INSERT INTO `attribute_description` VALUES (16, 1, 'Шум');
	INSERT INTO `attribute_description` VALUES (17, 1, 'Рабочая температура');
	INSERT INTO `attribute_description` VALUES (18, 1, 'Кол-во хеш-чипов');
	INSERT INTO `attribute_description` VALUES (19, 1, 'Кол-во хеш-плат');
	INSERT INTO `attribute_description` VALUES (20, 1, 'Размер');
	INSERT INTO `attribute_description` VALUES (20, 2, 'Size');
	INSERT INTO `attribute_description` VALUES (21, 1, 'Режим сетевого подключения');
	INSERT INTO `attribute_description` VALUES (18, 2, 'Quantity of hash chips');
	INSERT INTO `attribute_description` VALUES (19, 2, 'Quantity of hash boards');
	INSERT INTO `attribute_description` VALUES (14, 2, 'Reference power');
	INSERT INTO `attribute_description` VALUES (17, 2, 'Operation temperature');
	INSERT INTO `attribute_description` VALUES (21, 2, 'Networking connection mode');

	-- ----------------------------
	-- Table structure for attribute_group
	-- ----------------------------
	DROP TABLE IF EXISTS `attribute_group`;
	CREATE TABLE `attribute_group`  (
	  `attribute_group_id` int(11) NOT NULL AUTO_INCREMENT,
	  `sort_order` int(3) NOT NULL,
	  PRIMARY KEY (`attribute_group_id`) USING BTREE
	) ENGINE = MyISAM AUTO_INCREMENT = 8 CHARACTER SET = utf8 COLLATE = utf8_general_ci ROW_FORMAT = Fixed;

	-- ----------------------------
	-- Records of attribute_group
	-- ----------------------------
	INSERT INTO `attribute_group` VALUES (7, 1);

	-- ----------------------------
	-- Table structure for attribute_group_description
	-- ----------------------------
	DROP TABLE IF EXISTS `attribute_group_description`;
	CREATE TABLE `attribute_group_description`  (
	  `attribute_group_id` int(11) NOT NULL,
	  `language_id` int(11) NOT NULL,
	  `name` varchar(64) CHARACTER SET utf8 COLLATE utf8_general_ci NOT NULL,
	  PRIMARY KEY (`attribute_group_id`, `language_id`) USING BTREE
	) ENGINE = MyISAM CHARACTER SET = utf8 COLLATE = utf8_general_ci ROW_FORMAT = Dynamic;

	-- ----------------------------
	-- Records of attribute_group_description
	-- ----------------------------
	INSERT INTO `attribute_group_description` VALUES (7, 1, 'Asic');
	INSERT INTO `attribute_group_description` VALUES (7, 2, 'Asic');

	-- ----------------------------
	-- Table structure for banner
	-- ----------------------------
	DROP TABLE IF EXISTS `banner`;
	CREATE TABLE `banner`  (
	  `banner_id` int(11) NOT NULL AUTO_INCREMENT,
	  `name` varchar(64) CHARACTER SET utf8 COLLATE utf8_general_ci NOT NULL,
	  `status` tinyint(1) NOT NULL,
	  PRIMARY KEY (`banner_id`) USING BTREE
	) ENGINE = MyISAM AUTO_INCREMENT = 16 CHARACTER SET = utf8 COLLATE = utf8_general_ci ROW_FORMAT = Dynamic;

	-- ----------------------------
	-- Records of banner
	-- ----------------------------
	INSERT INTO `banner` VALUES (15, 'HOME_BOTTOM', 1);
	INSERT INTO `banner` VALUES (9, 'HOME_TOP', 1);
	INSERT INTO `banner` VALUES (14, 'HOME_CENTER', 1);

	-- ----------------------------
	-- Table structure for banner_image
	-- ----------------------------
	DROP TABLE IF EXISTS `banner_image`;
	CREATE TABLE `banner_image`  (
	  `banner_image_id` int(11) NOT NULL AUTO_INCREMENT,
	  `banner_id` int(11) NOT NULL,
	  `language_id` int(11) NOT NULL,
	  `title` varchar(64) CHARACTER SET utf8 COLLATE utf8_general_ci NOT NULL,
	  `link` varchar(255) CHARACTER SET utf8 COLLATE utf8_general_ci NOT NULL,
	  `image` varchar(255) CHARACTER SET utf8 COLLATE utf8_general_ci NOT NULL,
	  `sort_order` int(3) NOT NULL DEFAULT 0,
	  `description` varchar(255) CHARACTER SET utf8 COLLATE utf8_general_ci NULL DEFAULT NULL,
	  PRIMARY KEY (`banner_image_id`) USING BTREE
	) ENGINE = MyISAM AUTO_INCREMENT = 149 CHARACTER SET = utf8 COLLATE = utf8_general_ci ROW_FORMAT = Dynamic;

	-- ----------------------------
	-- Records of banner_image
	-- ----------------------------
	INSERT INTO `banner_image` VALUES (144, 9, 1, 'ПРОДУКЦИЯ BiXBiT', '/', 'catalog/first.png', 1, 'Супер мега прикольное оборудование, нужно брать полюбому  КУПИТЬ');
	INSERT INTO `banner_image` VALUES (145, 9, 2, 'ПРОДУКЦИЯ BiXBiT', '/', 'catalog/opencart-logo.png', 0, 'Супер мега прикольное оборудование, нужно брать полюбому  КУПИТЬ');
	INSERT INTO `banner_image` VALUES (147, 14, 1, 'РЕМОНТНАЯ ЗОНА', '/', 'catalog/two2.png', 0, 'Супер мега прикольное оборудование, нужно брать полюбому');
	INSERT INTO `banner_image` VALUES (146, 14, 1, 'ЛУЧШЕЕ ДЛЯ ВОЗДУХА', '/', 'catalog/two1.png', 0, 'Супер мега прикольное оборудование, нужно брать полюбому');
	INSERT INTO `banner_image` VALUES (148, 15, 1, 'РАСПРОДАЖА АСИКОВ BITMAIN', '/', 'catalog/three.png', 0, 'Welcome To Desiclassifieds Free Classifieds Free Ads Free Advertisement');

	-- ----------------------------
	-- Table structure for bf_attribute_value
	-- ----------------------------
	DROP TABLE IF EXISTS `bf_attribute_value`;
	CREATE TABLE `bf_attribute_value`  (
	  `attribute_value_id` int(11) NOT NULL AUTO_INCREMENT,
	  `attribute_id` int(11) NOT NULL,
	  `language_id` int(11) NOT NULL,
	  `value` varchar(200) CHARACTER SET utf8 COLLATE utf8_general_ci NOT NULL,
	  `sort_order` int(11) NOT NULL,
	  PRIMARY KEY (`attribute_value_id`) USING BTREE,
	  UNIQUE INDEX `attribute_id`(`attribute_id`, `language_id`, `value`) USING BTREE,
	  INDEX `sort_order`(`sort_order`) USING BTREE
	) ENGINE = MyISAM AUTO_INCREMENT = 15 CHARACTER SET = utf8 COLLATE = utf8_general_ci ROW_FORMAT = Dynamic;

	-- ----------------------------
	-- Records of bf_attribute_value
	-- ----------------------------
	INSERT INTO `bf_attribute_value` VALUES (1, 12, 1, 'SHA-256', 0);
	INSERT INTO `bf_attribute_value` VALUES (2, 13, 1, '13 th/s', 0);
	INSERT INTO `bf_attribute_value` VALUES (3, 13, 1, '28 th/s', 0);
	INSERT INTO `bf_attribute_value` VALUES (4, 13, 1, '33 th/s', 0);
	INSERT INTO `bf_attribute_value` VALUES (5, 14, 1, '1400 Вт', 0);
	INSERT INTO `bf_attribute_value` VALUES (6, 14, 1, '1490 Вт', 0);
	INSERT INTO `bf_attribute_value` VALUES (7, 14, 1, '1596 Вт', 0);
	INSERT INTO `bf_attribute_value` VALUES (8, 16, 1, '7 дБ', 0);
	INSERT INTO `bf_attribute_value` VALUES (9, 18, 1, '288 шт.', 0);
	INSERT INTO `bf_attribute_value` VALUES (10, 18, 1, '296 шт.', 0);
	INSERT INTO `bf_attribute_value` VALUES (11, 19, 1, '3 шт.\r\n', 0);
	INSERT INTO `bf_attribute_value` VALUES (12, 19, 1, '4 шт.\r\n', 0);
	INSERT INTO `bf_attribute_value` VALUES (13, 19, 1, '3 шт.', 0);
	INSERT INTO `bf_attribute_value` VALUES (14, 19, 1, '4 шт.', 0);

	-- ----------------------------
	-- Table structure for bf_filter
	-- ----------------------------
	DROP TABLE IF EXISTS `bf_filter`;
	CREATE TABLE `bf_filter`  (
	  `product_id` int(11) NOT NULL,
	  `filter_group` varchar(10) CHARACTER SET utf8 COLLATE utf8_general_ci NOT NULL,
	  `filter_id` int(11) NOT NULL,
	  `language_id` int(11) NOT NULL,
	  `out_of_stock` int(1) NOT NULL,
	  INDEX `product_id`(`product_id`) USING BTREE
	) ENGINE = MyISAM CHARACTER SET = utf8 COLLATE = utf8_general_ci ROW_FORMAT = Dynamic;

	-- ----------------------------
	-- Records of bf_filter
	-- ----------------------------
	INSERT INTO `bf_filter` VALUES (84, 'c0', 72, 1, 0);
	INSERT INTO `bf_filter` VALUES (84, 'c0', 59, 1, 0);
	INSERT INTO `bf_filter` VALUES (84, 's0', 7, 1, 0);
	INSERT INTO `bf_filter` VALUES (84, 'm0', 11, 1, 0);
	INSERT INTO `bf_filter` VALUES (84, 'a19', 13, 1, 0);
	INSERT INTO `bf_filter` VALUES (84, 'a18', 10, 1, 0);
	INSERT INTO `bf_filter` VALUES (85, 'c0', 72, 1, 0);
	INSERT INTO `bf_filter` VALUES (85, 'c0', 59, 1, 0);
	INSERT INTO `bf_filter` VALUES (85, 's0', 7, 1, 0);
	INSERT INTO `bf_filter` VALUES (85, 'm0', 11, 1, 0);
	INSERT INTO `bf_filter` VALUES (85, 'a19', 14, 1, 0);
	INSERT INTO `bf_filter` VALUES (85, 'a18', 9, 1, 0);
	INSERT INTO `bf_filter` VALUES (86, 'c0', 72, 1, 0);
	INSERT INTO `bf_filter` VALUES (86, 'c0', 59, 1, 0);
	INSERT INTO `bf_filter` VALUES (86, 's0', 7, 1, 0);
	INSERT INTO `bf_filter` VALUES (86, 'm0', 11, 1, 0);
	INSERT INTO `bf_filter` VALUES (86, 'a19', 14, 1, 0);
	INSERT INTO `bf_filter` VALUES (86, 'a18', 9, 1, 0);
	INSERT INTO `bf_filter` VALUES (83, 'c0', 72, 1, 0);
	INSERT INTO `bf_filter` VALUES (83, 'c0', 59, 1, 0);
	INSERT INTO `bf_filter` VALUES (83, 's0', 7, 1, 0);
	INSERT INTO `bf_filter` VALUES (83, 'm0', 11, 1, 0);
	INSERT INTO `bf_filter` VALUES (83, 'a19', 14, 1, 0);
	INSERT INTO `bf_filter` VALUES (83, 'a18', 9, 1, 0);
	INSERT INTO `bf_filter` VALUES (87, 'c0', 72, 1, 0);
	INSERT INTO `bf_filter` VALUES (87, 'c0', 59, 1, 0);
	INSERT INTO `bf_filter` VALUES (87, 's0', 7, 1, 0);
	INSERT INTO `bf_filter` VALUES (87, 'm0', 11, 1, 0);
	INSERT INTO `bf_filter` VALUES (87, 'a19', 14, 1, 0);
	INSERT INTO `bf_filter` VALUES (87, 'a18', 9, 1, 0);
	INSERT INTO `bf_filter` VALUES (84, 'a16', 8, 1, 0);
	INSERT INTO `bf_filter` VALUES (85, 'a16', 8, 1, 0);
	INSERT INTO `bf_filter` VALUES (86, 'a16', 8, 1, 0);
	INSERT INTO `bf_filter` VALUES (83, 'a16', 8, 1, 0);
	INSERT INTO `bf_filter` VALUES (87, 'a16', 8, 1, 0);
	INSERT INTO `bf_filter` VALUES (84, 'a14', 5, 1, 0);
	INSERT INTO `bf_filter` VALUES (85, 'a14', 7, 1, 0);
	INSERT INTO `bf_filter` VALUES (86, 'a14', 6, 1, 0);
	INSERT INTO `bf_filter` VALUES (83, 'a14', 7, 1, 0);
	INSERT INTO `bf_filter` VALUES (87, 'a14', 6, 1, 0);
	INSERT INTO `bf_filter` VALUES (84, 'a13', 2, 1, 0);
	INSERT INTO `bf_filter` VALUES (84, 'a12', 1, 1, 0);
	INSERT INTO `bf_filter` VALUES (85, 'a13', 3, 1, 0);
	INSERT INTO `bf_filter` VALUES (85, 'a12', 1, 1, 0);
	INSERT INTO `bf_filter` VALUES (86, 'a13', 2, 1, 0);
	INSERT INTO `bf_filter` VALUES (86, 'a12', 1, 1, 0);
	INSERT INTO `bf_filter` VALUES (83, 'a13', 3, 1, 0);
	INSERT INTO `bf_filter` VALUES (83, 'a12', 1, 1, 0);
	INSERT INTO `bf_filter` VALUES (87, 'a13', 4, 1, 0);
	INSERT INTO `bf_filter` VALUES (87, 'a12', 1, 1, 0);

	-- ----------------------------
	-- Table structure for bf_product_attribute_value
	-- ----------------------------
	DROP TABLE IF EXISTS `bf_product_attribute_value`;
	CREATE TABLE `bf_product_attribute_value`  (
	  `product_id` int(11) NOT NULL,
	  `attribute_id` int(11) NOT NULL,
	  `attribute_value_id` int(11) NOT NULL,
	  `language_id` int(11) NOT NULL,
	  PRIMARY KEY (`product_id`, `attribute_value_id`) USING BTREE,
	  INDEX `product_id`(`product_id`) USING BTREE
	) ENGINE = MyISAM CHARACTER SET = utf8 COLLATE = utf8_general_ci ROW_FORMAT = Fixed;

	-- ----------------------------
	-- Records of bf_product_attribute_value
	-- ----------------------------
	INSERT INTO `bf_product_attribute_value` VALUES (86, 19, 14, 1);
	INSERT INTO `bf_product_attribute_value` VALUES (84, 19, 13, 1);
	INSERT INTO `bf_product_attribute_value` VALUES (84, 18, 10, 1);
	INSERT INTO `bf_product_attribute_value` VALUES (84, 16, 8, 1);
	INSERT INTO `bf_product_attribute_value` VALUES (84, 14, 5, 1);
	INSERT INTO `bf_product_attribute_value` VALUES (84, 13, 2, 1);
	INSERT INTO `bf_product_attribute_value` VALUES (84, 12, 1, 1);
	INSERT INTO `bf_product_attribute_value` VALUES (86, 12, 1, 1);
	INSERT INTO `bf_product_attribute_value` VALUES (86, 13, 2, 1);
	INSERT INTO `bf_product_attribute_value` VALUES (86, 14, 6, 1);
	INSERT INTO `bf_product_attribute_value` VALUES (86, 16, 8, 1);
	INSERT INTO `bf_product_attribute_value` VALUES (86, 18, 9, 1);
	INSERT INTO `bf_product_attribute_value` VALUES (85, 12, 1, 1);
	INSERT INTO `bf_product_attribute_value` VALUES (85, 13, 3, 1);
	INSERT INTO `bf_product_attribute_value` VALUES (85, 14, 7, 1);
	INSERT INTO `bf_product_attribute_value` VALUES (85, 16, 8, 1);
	INSERT INTO `bf_product_attribute_value` VALUES (85, 18, 9, 1);
	INSERT INTO `bf_product_attribute_value` VALUES (85, 19, 14, 1);
	INSERT INTO `bf_product_attribute_value` VALUES (87, 19, 14, 1);
	INSERT INTO `bf_product_attribute_value` VALUES (87, 18, 9, 1);
	INSERT INTO `bf_product_attribute_value` VALUES (87, 16, 8, 1);
	INSERT INTO `bf_product_attribute_value` VALUES (87, 14, 6, 1);
	INSERT INTO `bf_product_attribute_value` VALUES (87, 13, 4, 1);
	INSERT INTO `bf_product_attribute_value` VALUES (87, 12, 1, 1);
	INSERT INTO `bf_product_attribute_value` VALUES (83, 12, 1, 1);
	INSERT INTO `bf_product_attribute_value` VALUES (83, 13, 3, 1);
	INSERT INTO `bf_product_attribute_value` VALUES (83, 14, 7, 1);
	INSERT INTO `bf_product_attribute_value` VALUES (83, 16, 8, 1);
	INSERT INTO `bf_product_attribute_value` VALUES (83, 18, 9, 1);
	INSERT INTO `bf_product_attribute_value` VALUES (83, 19, 14, 1);

	-- ----------------------------
	-- Table structure for bf_tax_rate
	-- ----------------------------
	DROP TABLE IF EXISTS `bf_tax_rate`;
	CREATE TABLE `bf_tax_rate`  (
	  `id` int(11) NOT NULL AUTO_INCREMENT,
	  `customer_group_id` int(11) NOT NULL,
	  `country_id` int(11) NOT NULL,
	  `zone_id` int(11) NOT NULL,
	  `tax_class_id` int(11) NOT NULL,
	  `based` varchar(10) CHARACTER SET utf8 COLLATE utf8_general_ci NOT NULL,
	  `percent_rate` decimal(15, 4) NOT NULL,
	  `fixed_rate` decimal(15, 4) NOT NULL,
	  PRIMARY KEY (`id`) USING BTREE,
	  INDEX `customer_group_id`(`customer_group_id`, `country_id`, `zone_id`) USING BTREE,
	  INDEX `tax_class_id`(`tax_class_id`) USING BTREE
	) ENGINE = InnoDB AUTO_INCREMENT = 512 CHARACTER SET = utf8 COLLATE = utf8_general_ci ROW_FORMAT = Compact;

	-- ----------------------------
	-- Records of bf_tax_rate
	-- ----------------------------
	INSERT INTO `bf_tax_rate` VALUES (1, 1, 222, 3513, 9, 'shipping', 20.0000, 2.0000);
	INSERT INTO `bf_tax_rate` VALUES (2, 1, 222, 3513, 10, 'payment', 20.0000, 0.0000);
	INSERT INTO `bf_tax_rate` VALUES (3, 1, 222, 3513, 10, 'store', 0.0000, 2.0000);
	INSERT INTO `bf_tax_rate` VALUES (4, 1, 222, 3514, 9, 'shipping', 20.0000, 2.0000);
	INSERT INTO `bf_tax_rate` VALUES (5, 1, 222, 3514, 10, 'payment', 20.0000, 0.0000);
	INSERT INTO `bf_tax_rate` VALUES (6, 1, 222, 3514, 10, 'store', 0.0000, 2.0000);
	INSERT INTO `bf_tax_rate` VALUES (7, 1, 222, 3515, 9, 'shipping', 20.0000, 2.0000);
	INSERT INTO `bf_tax_rate` VALUES (8, 1, 222, 3515, 10, 'payment', 20.0000, 0.0000);
	INSERT INTO `bf_tax_rate` VALUES (9, 1, 222, 3515, 10, 'store', 0.0000, 2.0000);
	INSERT INTO `bf_tax_rate` VALUES (10, 1, 222, 3516, 9, 'shipping', 20.0000, 2.0000);
	INSERT INTO `bf_tax_rate` VALUES (11, 1, 222, 3516, 10, 'payment', 20.0000, 0.0000);
	INSERT INTO `bf_tax_rate` VALUES (12, 1, 222, 3516, 10, 'store', 0.0000, 2.0000);
	INSERT INTO `bf_tax_rate` VALUES (13, 1, 222, 3517, 9, 'shipping', 20.0000, 2.0000);
	INSERT INTO `bf_tax_rate` VALUES (14, 1, 222, 3517, 10, 'payment', 20.0000, 0.0000);
	INSERT INTO `bf_tax_rate` VALUES (15, 1, 222, 3517, 10, 'store', 0.0000, 2.0000);
	INSERT INTO `bf_tax_rate` VALUES (16, 1, 222, 3518, 9, 'shipping', 20.0000, 2.0000);
	INSERT INTO `bf_tax_rate` VALUES (17, 1, 222, 3518, 10, 'payment', 20.0000, 0.0000);
	INSERT INTO `bf_tax_rate` VALUES (18, 1, 222, 3518, 10, 'store', 0.0000, 2.0000);
	INSERT INTO `bf_tax_rate` VALUES (19, 1, 222, 3519, 9, 'shipping', 20.0000, 2.0000);
	INSERT INTO `bf_tax_rate` VALUES (20, 1, 222, 3519, 10, 'payment', 20.0000, 0.0000);
	INSERT INTO `bf_tax_rate` VALUES (21, 1, 222, 3519, 10, 'store', 0.0000, 2.0000);
	INSERT INTO `bf_tax_rate` VALUES (22, 1, 222, 3520, 9, 'shipping', 20.0000, 2.0000);
	INSERT INTO `bf_tax_rate` VALUES (23, 1, 222, 3520, 10, 'payment', 20.0000, 0.0000);
	INSERT INTO `bf_tax_rate` VALUES (24, 1, 222, 3520, 10, 'store', 0.0000, 2.0000);
	INSERT INTO `bf_tax_rate` VALUES (25, 1, 222, 3521, 9, 'shipping', 20.0000, 2.0000);
	INSERT INTO `bf_tax_rate` VALUES (26, 1, 222, 3521, 10, 'payment', 20.0000, 0.0000);
	INSERT INTO `bf_tax_rate` VALUES (27, 1, 222, 3521, 10, 'store', 0.0000, 2.0000);
	INSERT INTO `bf_tax_rate` VALUES (28, 1, 222, 3522, 9, 'shipping', 20.0000, 2.0000);
	INSERT INTO `bf_tax_rate` VALUES (29, 1, 222, 3522, 10, 'payment', 20.0000, 0.0000);
	INSERT INTO `bf_tax_rate` VALUES (30, 1, 222, 3522, 10, 'store', 0.0000, 2.0000);
	INSERT INTO `bf_tax_rate` VALUES (31, 1, 222, 3523, 9, 'shipping', 20.0000, 2.0000);
	INSERT INTO `bf_tax_rate` VALUES (32, 1, 222, 3523, 10, 'payment', 20.0000, 0.0000);
	INSERT INTO `bf_tax_rate` VALUES (33, 1, 222, 3523, 10, 'store', 0.0000, 2.0000);
	INSERT INTO `bf_tax_rate` VALUES (34, 1, 222, 3524, 9, 'shipping', 20.0000, 2.0000);
	INSERT INTO `bf_tax_rate` VALUES (35, 1, 222, 3524, 10, 'payment', 20.0000, 0.0000);
	INSERT INTO `bf_tax_rate` VALUES (36, 1, 222, 3524, 10, 'store', 0.0000, 2.0000);
	INSERT INTO `bf_tax_rate` VALUES (37, 1, 222, 3525, 9, 'shipping', 20.0000, 2.0000);
	INSERT INTO `bf_tax_rate` VALUES (38, 1, 222, 3525, 10, 'payment', 20.0000, 0.0000);
	INSERT INTO `bf_tax_rate` VALUES (39, 1, 222, 3525, 10, 'store', 0.0000, 2.0000);
	INSERT INTO `bf_tax_rate` VALUES (40, 1, 222, 3526, 9, 'shipping', 20.0000, 2.0000);
	INSERT INTO `bf_tax_rate` VALUES (41, 1, 222, 3526, 10, 'payment', 20.0000, 0.0000);
	INSERT INTO `bf_tax_rate` VALUES (42, 1, 222, 3526, 10, 'store', 0.0000, 2.0000);
	INSERT INTO `bf_tax_rate` VALUES (43, 1, 222, 3527, 9, 'shipping', 20.0000, 2.0000);
	INSERT INTO `bf_tax_rate` VALUES (44, 1, 222, 3527, 10, 'payment', 20.0000, 0.0000);
	INSERT INTO `bf_tax_rate` VALUES (45, 1, 222, 3527, 10, 'store', 0.0000, 2.0000);
	INSERT INTO `bf_tax_rate` VALUES (46, 1, 222, 3528, 9, 'shipping', 20.0000, 2.0000);
	INSERT INTO `bf_tax_rate` VALUES (47, 1, 222, 3528, 10, 'payment', 20.0000, 0.0000);
	INSERT INTO `bf_tax_rate` VALUES (48, 1, 222, 3528, 10, 'store', 0.0000, 2.0000);
	INSERT INTO `bf_tax_rate` VALUES (49, 1, 222, 3529, 9, 'shipping', 20.0000, 2.0000);
	INSERT INTO `bf_tax_rate` VALUES (50, 1, 222, 3529, 10, 'payment', 20.0000, 0.0000);
	INSERT INTO `bf_tax_rate` VALUES (51, 1, 222, 3529, 10, 'store', 0.0000, 2.0000);
	INSERT INTO `bf_tax_rate` VALUES (52, 1, 222, 3530, 9, 'shipping', 20.0000, 2.0000);
	INSERT INTO `bf_tax_rate` VALUES (53, 1, 222, 3530, 10, 'payment', 20.0000, 0.0000);
	INSERT INTO `bf_tax_rate` VALUES (54, 1, 222, 3530, 10, 'store', 0.0000, 2.0000);
	INSERT INTO `bf_tax_rate` VALUES (55, 1, 222, 3531, 9, 'shipping', 20.0000, 2.0000);
	INSERT INTO `bf_tax_rate` VALUES (56, 1, 222, 3531, 10, 'payment', 20.0000, 0.0000);
	INSERT INTO `bf_tax_rate` VALUES (57, 1, 222, 3531, 10, 'store', 0.0000, 2.0000);
	INSERT INTO `bf_tax_rate` VALUES (58, 1, 222, 3532, 9, 'shipping', 20.0000, 2.0000);
	INSERT INTO `bf_tax_rate` VALUES (59, 1, 222, 3532, 10, 'payment', 20.0000, 0.0000);
	INSERT INTO `bf_tax_rate` VALUES (60, 1, 222, 3532, 10, 'store', 0.0000, 2.0000);
	INSERT INTO `bf_tax_rate` VALUES (61, 1, 222, 3533, 9, 'shipping', 20.0000, 2.0000);
	INSERT INTO `bf_tax_rate` VALUES (62, 1, 222, 3533, 10, 'payment', 20.0000, 0.0000);
	INSERT INTO `bf_tax_rate` VALUES (63, 1, 222, 3533, 10, 'store', 0.0000, 2.0000);
	INSERT INTO `bf_tax_rate` VALUES (64, 1, 222, 3534, 9, 'shipping', 20.0000, 2.0000);
	INSERT INTO `bf_tax_rate` VALUES (65, 1, 222, 3534, 10, 'payment', 20.0000, 0.0000);
	INSERT INTO `bf_tax_rate` VALUES (66, 1, 222, 3534, 10, 'store', 0.0000, 2.0000);
	INSERT INTO `bf_tax_rate` VALUES (67, 1, 222, 3535, 9, 'shipping', 20.0000, 2.0000);
	INSERT INTO `bf_tax_rate` VALUES (68, 1, 222, 3535, 10, 'payment', 20.0000, 0.0000);
	INSERT INTO `bf_tax_rate` VALUES (69, 1, 222, 3535, 10, 'store', 0.0000, 2.0000);
	INSERT INTO `bf_tax_rate` VALUES (70, 1, 222, 3536, 9, 'shipping', 20.0000, 2.0000);
	INSERT INTO `bf_tax_rate` VALUES (71, 1, 222, 3536, 10, 'payment', 20.0000, 0.0000);
	INSERT INTO `bf_tax_rate` VALUES (72, 1, 222, 3536, 10, 'store', 0.0000, 2.0000);
	INSERT INTO `bf_tax_rate` VALUES (73, 1, 222, 3537, 9, 'shipping', 20.0000, 2.0000);
	INSERT INTO `bf_tax_rate` VALUES (74, 1, 222, 3537, 10, 'payment', 20.0000, 0.0000);
	INSERT INTO `bf_tax_rate` VALUES (75, 1, 222, 3537, 10, 'store', 0.0000, 2.0000);
	INSERT INTO `bf_tax_rate` VALUES (76, 1, 222, 3538, 9, 'shipping', 20.0000, 2.0000);
	INSERT INTO `bf_tax_rate` VALUES (77, 1, 222, 3538, 10, 'payment', 20.0000, 0.0000);
	INSERT INTO `bf_tax_rate` VALUES (78, 1, 222, 3538, 10, 'store', 0.0000, 2.0000);
	INSERT INTO `bf_tax_rate` VALUES (79, 1, 222, 3539, 9, 'shipping', 20.0000, 2.0000);
	INSERT INTO `bf_tax_rate` VALUES (80, 1, 222, 3539, 10, 'payment', 20.0000, 0.0000);
	INSERT INTO `bf_tax_rate` VALUES (81, 1, 222, 3539, 10, 'store', 0.0000, 2.0000);
	INSERT INTO `bf_tax_rate` VALUES (82, 1, 222, 3540, 9, 'shipping', 20.0000, 2.0000);
	INSERT INTO `bf_tax_rate` VALUES (83, 1, 222, 3540, 10, 'payment', 20.0000, 0.0000);
	INSERT INTO `bf_tax_rate` VALUES (84, 1, 222, 3540, 10, 'store', 0.0000, 2.0000);
	INSERT INTO `bf_tax_rate` VALUES (85, 1, 222, 3541, 9, 'shipping', 20.0000, 2.0000);
	INSERT INTO `bf_tax_rate` VALUES (86, 1, 222, 3541, 10, 'payment', 20.0000, 0.0000);
	INSERT INTO `bf_tax_rate` VALUES (87, 1, 222, 3541, 10, 'store', 0.0000, 2.0000);
	INSERT INTO `bf_tax_rate` VALUES (88, 1, 222, 3542, 9, 'shipping', 20.0000, 2.0000);
	INSERT INTO `bf_tax_rate` VALUES (89, 1, 222, 3542, 10, 'payment', 20.0000, 0.0000);
	INSERT INTO `bf_tax_rate` VALUES (90, 1, 222, 3542, 10, 'store', 0.0000, 2.0000);
	INSERT INTO `bf_tax_rate` VALUES (91, 1, 222, 3543, 9, 'shipping', 20.0000, 2.0000);
	INSERT INTO `bf_tax_rate` VALUES (92, 1, 222, 3543, 10, 'payment', 20.0000, 0.0000);
	INSERT INTO `bf_tax_rate` VALUES (93, 1, 222, 3543, 10, 'store', 0.0000, 2.0000);
	INSERT INTO `bf_tax_rate` VALUES (94, 1, 222, 3544, 9, 'shipping', 20.0000, 2.0000);
	INSERT INTO `bf_tax_rate` VALUES (95, 1, 222, 3544, 10, 'payment', 20.0000, 0.0000);
	INSERT INTO `bf_tax_rate` VALUES (96, 1, 222, 3544, 10, 'store', 0.0000, 2.0000);
	INSERT INTO `bf_tax_rate` VALUES (97, 1, 222, 3545, 9, 'shipping', 20.0000, 2.0000);
	INSERT INTO `bf_tax_rate` VALUES (98, 1, 222, 3545, 10, 'payment', 20.0000, 0.0000);
	INSERT INTO `bf_tax_rate` VALUES (99, 1, 222, 3545, 10, 'store', 0.0000, 2.0000);
	INSERT INTO `bf_tax_rate` VALUES (100, 1, 222, 3546, 9, 'shipping', 20.0000, 2.0000);
	INSERT INTO `bf_tax_rate` VALUES (101, 1, 222, 3546, 10, 'payment', 20.0000, 0.0000);
	INSERT INTO `bf_tax_rate` VALUES (102, 1, 222, 3546, 10, 'store', 0.0000, 2.0000);
	INSERT INTO `bf_tax_rate` VALUES (103, 1, 222, 3547, 9, 'shipping', 20.0000, 2.0000);
	INSERT INTO `bf_tax_rate` VALUES (104, 1, 222, 3547, 10, 'payment', 20.0000, 0.0000);
	INSERT INTO `bf_tax_rate` VALUES (105, 1, 222, 3547, 10, 'store', 0.0000, 2.0000);
	INSERT INTO `bf_tax_rate` VALUES (106, 1, 222, 3548, 9, 'shipping', 20.0000, 2.0000);
	INSERT INTO `bf_tax_rate` VALUES (107, 1, 222, 3548, 10, 'payment', 20.0000, 0.0000);
	INSERT INTO `bf_tax_rate` VALUES (108, 1, 222, 3548, 10, 'store', 0.0000, 2.0000);
	INSERT INTO `bf_tax_rate` VALUES (109, 1, 222, 3549, 9, 'shipping', 20.0000, 2.0000);
	INSERT INTO `bf_tax_rate` VALUES (110, 1, 222, 3549, 10, 'payment', 20.0000, 0.0000);
	INSERT INTO `bf_tax_rate` VALUES (111, 1, 222, 3549, 10, 'store', 0.0000, 2.0000);
	INSERT INTO `bf_tax_rate` VALUES (112, 1, 222, 3550, 9, 'shipping', 20.0000, 2.0000);
	INSERT INTO `bf_tax_rate` VALUES (113, 1, 222, 3550, 10, 'payment', 20.0000, 0.0000);
	INSERT INTO `bf_tax_rate` VALUES (114, 1, 222, 3550, 10, 'store', 0.0000, 2.0000);
	INSERT INTO `bf_tax_rate` VALUES (115, 1, 222, 3551, 9, 'shipping', 20.0000, 2.0000);
	INSERT INTO `bf_tax_rate` VALUES (116, 1, 222, 3551, 10, 'payment', 20.0000, 0.0000);
	INSERT INTO `bf_tax_rate` VALUES (117, 1, 222, 3551, 10, 'store', 0.0000, 2.0000);
	INSERT INTO `bf_tax_rate` VALUES (118, 1, 222, 3552, 9, 'shipping', 20.0000, 2.0000);
	INSERT INTO `bf_tax_rate` VALUES (119, 1, 222, 3552, 10, 'payment', 20.0000, 0.0000);
	INSERT INTO `bf_tax_rate` VALUES (120, 1, 222, 3552, 10, 'store', 0.0000, 2.0000);
	INSERT INTO `bf_tax_rate` VALUES (121, 1, 222, 3553, 9, 'shipping', 20.0000, 2.0000);
	INSERT INTO `bf_tax_rate` VALUES (122, 1, 222, 3553, 10, 'payment', 20.0000, 0.0000);
	INSERT INTO `bf_tax_rate` VALUES (123, 1, 222, 3553, 10, 'store', 0.0000, 2.0000);
	INSERT INTO `bf_tax_rate` VALUES (124, 1, 222, 3554, 9, 'shipping', 20.0000, 2.0000);
	INSERT INTO `bf_tax_rate` VALUES (125, 1, 222, 3554, 10, 'payment', 20.0000, 0.0000);
	INSERT INTO `bf_tax_rate` VALUES (126, 1, 222, 3554, 10, 'store', 0.0000, 2.0000);
	INSERT INTO `bf_tax_rate` VALUES (127, 1, 222, 3555, 9, 'shipping', 20.0000, 2.0000);
	INSERT INTO `bf_tax_rate` VALUES (128, 1, 222, 3555, 10, 'payment', 20.0000, 0.0000);
	INSERT INTO `bf_tax_rate` VALUES (129, 1, 222, 3555, 10, 'store', 0.0000, 2.0000);
	INSERT INTO `bf_tax_rate` VALUES (130, 1, 222, 3556, 9, 'shipping', 20.0000, 2.0000);
	INSERT INTO `bf_tax_rate` VALUES (131, 1, 222, 3556, 10, 'payment', 20.0000, 0.0000);
	INSERT INTO `bf_tax_rate` VALUES (132, 1, 222, 3556, 10, 'store', 0.0000, 2.0000);
	INSERT INTO `bf_tax_rate` VALUES (133, 1, 222, 3557, 9, 'shipping', 20.0000, 2.0000);
	INSERT INTO `bf_tax_rate` VALUES (134, 1, 222, 3557, 10, 'payment', 20.0000, 0.0000);
	INSERT INTO `bf_tax_rate` VALUES (135, 1, 222, 3557, 10, 'store', 0.0000, 2.0000);
	INSERT INTO `bf_tax_rate` VALUES (136, 1, 222, 3558, 9, 'shipping', 20.0000, 2.0000);
	INSERT INTO `bf_tax_rate` VALUES (137, 1, 222, 3558, 10, 'payment', 20.0000, 0.0000);
	INSERT INTO `bf_tax_rate` VALUES (138, 1, 222, 3558, 10, 'store', 0.0000, 2.0000);
	INSERT INTO `bf_tax_rate` VALUES (139, 1, 222, 3559, 9, 'shipping', 20.0000, 2.0000);
	INSERT INTO `bf_tax_rate` VALUES (140, 1, 222, 3559, 10, 'payment', 20.0000, 0.0000);
	INSERT INTO `bf_tax_rate` VALUES (141, 1, 222, 3559, 10, 'store', 0.0000, 2.0000);
	INSERT INTO `bf_tax_rate` VALUES (142, 1, 222, 3560, 9, 'shipping', 20.0000, 2.0000);
	INSERT INTO `bf_tax_rate` VALUES (143, 1, 222, 3560, 10, 'payment', 20.0000, 0.0000);
	INSERT INTO `bf_tax_rate` VALUES (144, 1, 222, 3560, 10, 'store', 0.0000, 2.0000);
	INSERT INTO `bf_tax_rate` VALUES (145, 1, 222, 3561, 9, 'shipping', 20.0000, 2.0000);
	INSERT INTO `bf_tax_rate` VALUES (146, 1, 222, 3561, 10, 'payment', 20.0000, 0.0000);
	INSERT INTO `bf_tax_rate` VALUES (147, 1, 222, 3561, 10, 'store', 0.0000, 2.0000);
	INSERT INTO `bf_tax_rate` VALUES (148, 1, 222, 3562, 9, 'shipping', 20.0000, 2.0000);
	INSERT INTO `bf_tax_rate` VALUES (149, 1, 222, 3562, 10, 'payment', 20.0000, 0.0000);
	INSERT INTO `bf_tax_rate` VALUES (150, 1, 222, 3562, 10, 'store', 0.0000, 2.0000);
	INSERT INTO `bf_tax_rate` VALUES (151, 1, 222, 3563, 9, 'shipping', 20.0000, 2.0000);
	INSERT INTO `bf_tax_rate` VALUES (152, 1, 222, 3563, 10, 'payment', 20.0000, 0.0000);
	INSERT INTO `bf_tax_rate` VALUES (153, 1, 222, 3563, 10, 'store', 0.0000, 2.0000);
	INSERT INTO `bf_tax_rate` VALUES (154, 1, 222, 3564, 9, 'shipping', 20.0000, 2.0000);
	INSERT INTO `bf_tax_rate` VALUES (155, 1, 222, 3564, 10, 'payment', 20.0000, 0.0000);
	INSERT INTO `bf_tax_rate` VALUES (156, 1, 222, 3564, 10, 'store', 0.0000, 2.0000);
	INSERT INTO `bf_tax_rate` VALUES (157, 1, 222, 3565, 9, 'shipping', 20.0000, 2.0000);
	INSERT INTO `bf_tax_rate` VALUES (158, 1, 222, 3565, 10, 'payment', 20.0000, 0.0000);
	INSERT INTO `bf_tax_rate` VALUES (159, 1, 222, 3565, 10, 'store', 0.0000, 2.0000);
	INSERT INTO `bf_tax_rate` VALUES (160, 1, 222, 3566, 9, 'shipping', 20.0000, 2.0000);
	INSERT INTO `bf_tax_rate` VALUES (161, 1, 222, 3566, 10, 'payment', 20.0000, 0.0000);
	INSERT INTO `bf_tax_rate` VALUES (162, 1, 222, 3566, 10, 'store', 0.0000, 2.0000);
	INSERT INTO `bf_tax_rate` VALUES (163, 1, 222, 3567, 9, 'shipping', 20.0000, 2.0000);
	INSERT INTO `bf_tax_rate` VALUES (164, 1, 222, 3567, 10, 'payment', 20.0000, 0.0000);
	INSERT INTO `bf_tax_rate` VALUES (165, 1, 222, 3567, 10, 'store', 0.0000, 2.0000);
	INSERT INTO `bf_tax_rate` VALUES (166, 1, 222, 3568, 9, 'shipping', 20.0000, 2.0000);
	INSERT INTO `bf_tax_rate` VALUES (167, 1, 222, 3568, 10, 'payment', 20.0000, 0.0000);
	INSERT INTO `bf_tax_rate` VALUES (168, 1, 222, 3568, 10, 'store', 0.0000, 2.0000);
	INSERT INTO `bf_tax_rate` VALUES (169, 1, 222, 3569, 9, 'shipping', 20.0000, 2.0000);
	INSERT INTO `bf_tax_rate` VALUES (170, 1, 222, 3569, 10, 'payment', 20.0000, 0.0000);
	INSERT INTO `bf_tax_rate` VALUES (171, 1, 222, 3569, 10, 'store', 0.0000, 2.0000);
	INSERT INTO `bf_tax_rate` VALUES (172, 1, 222, 3570, 9, 'shipping', 20.0000, 2.0000);
	INSERT INTO `bf_tax_rate` VALUES (173, 1, 222, 3570, 10, 'payment', 20.0000, 0.0000);
	INSERT INTO `bf_tax_rate` VALUES (174, 1, 222, 3570, 10, 'store', 0.0000, 2.0000);
	INSERT INTO `bf_tax_rate` VALUES (175, 1, 222, 3571, 9, 'shipping', 20.0000, 2.0000);
	INSERT INTO `bf_tax_rate` VALUES (176, 1, 222, 3571, 10, 'payment', 20.0000, 0.0000);
	INSERT INTO `bf_tax_rate` VALUES (177, 1, 222, 3571, 10, 'store', 0.0000, 2.0000);
	INSERT INTO `bf_tax_rate` VALUES (178, 1, 222, 3572, 9, 'shipping', 20.0000, 2.0000);
	INSERT INTO `bf_tax_rate` VALUES (179, 1, 222, 3572, 10, 'payment', 20.0000, 0.0000);
	INSERT INTO `bf_tax_rate` VALUES (180, 1, 222, 3572, 10, 'store', 0.0000, 2.0000);
	INSERT INTO `bf_tax_rate` VALUES (181, 1, 222, 3573, 9, 'shipping', 20.0000, 2.0000);
	INSERT INTO `bf_tax_rate` VALUES (182, 1, 222, 3573, 10, 'payment', 20.0000, 0.0000);
	INSERT INTO `bf_tax_rate` VALUES (183, 1, 222, 3573, 10, 'store', 0.0000, 2.0000);
	INSERT INTO `bf_tax_rate` VALUES (184, 1, 222, 3574, 9, 'shipping', 20.0000, 2.0000);
	INSERT INTO `bf_tax_rate` VALUES (185, 1, 222, 3574, 10, 'payment', 20.0000, 0.0000);
	INSERT INTO `bf_tax_rate` VALUES (186, 1, 222, 3574, 10, 'store', 0.0000, 2.0000);
	INSERT INTO `bf_tax_rate` VALUES (187, 1, 222, 3575, 9, 'shipping', 20.0000, 2.0000);
	INSERT INTO `bf_tax_rate` VALUES (188, 1, 222, 3575, 10, 'payment', 20.0000, 0.0000);
	INSERT INTO `bf_tax_rate` VALUES (189, 1, 222, 3575, 10, 'store', 0.0000, 2.0000);
	INSERT INTO `bf_tax_rate` VALUES (190, 1, 222, 3576, 9, 'shipping', 20.0000, 2.0000);
	INSERT INTO `bf_tax_rate` VALUES (191, 1, 222, 3576, 10, 'payment', 20.0000, 0.0000);
	INSERT INTO `bf_tax_rate` VALUES (192, 1, 222, 3576, 10, 'store', 0.0000, 2.0000);
	INSERT INTO `bf_tax_rate` VALUES (193, 1, 222, 3577, 9, 'shipping', 20.0000, 2.0000);
	INSERT INTO `bf_tax_rate` VALUES (194, 1, 222, 3577, 10, 'payment', 20.0000, 0.0000);
	INSERT INTO `bf_tax_rate` VALUES (195, 1, 222, 3577, 10, 'store', 0.0000, 2.0000);
	INSERT INTO `bf_tax_rate` VALUES (196, 1, 222, 3578, 9, 'shipping', 20.0000, 2.0000);
	INSERT INTO `bf_tax_rate` VALUES (197, 1, 222, 3578, 10, 'payment', 20.0000, 0.0000);
	INSERT INTO `bf_tax_rate` VALUES (198, 1, 222, 3578, 10, 'store', 0.0000, 2.0000);
	INSERT INTO `bf_tax_rate` VALUES (199, 1, 222, 3579, 9, 'shipping', 20.0000, 2.0000);
	INSERT INTO `bf_tax_rate` VALUES (200, 1, 222, 3579, 10, 'payment', 20.0000, 0.0000);
	INSERT INTO `bf_tax_rate` VALUES (201, 1, 222, 3579, 10, 'store', 0.0000, 2.0000);
	INSERT INTO `bf_tax_rate` VALUES (202, 1, 222, 3580, 9, 'shipping', 20.0000, 2.0000);
	INSERT INTO `bf_tax_rate` VALUES (203, 1, 222, 3580, 10, 'payment', 20.0000, 0.0000);
	INSERT INTO `bf_tax_rate` VALUES (204, 1, 222, 3580, 10, 'store', 0.0000, 2.0000);
	INSERT INTO `bf_tax_rate` VALUES (205, 1, 222, 3581, 9, 'shipping', 20.0000, 2.0000);
	INSERT INTO `bf_tax_rate` VALUES (206, 1, 222, 3581, 10, 'payment', 20.0000, 0.0000);
	INSERT INTO `bf_tax_rate` VALUES (207, 1, 222, 3581, 10, 'store', 0.0000, 2.0000);
	INSERT INTO `bf_tax_rate` VALUES (208, 1, 222, 3582, 9, 'shipping', 20.0000, 2.0000);
	INSERT INTO `bf_tax_rate` VALUES (209, 1, 222, 3582, 10, 'payment', 20.0000, 0.0000);
	INSERT INTO `bf_tax_rate` VALUES (210, 1, 222, 3582, 10, 'store', 0.0000, 2.0000);
	INSERT INTO `bf_tax_rate` VALUES (211, 1, 222, 3583, 9, 'shipping', 20.0000, 2.0000);
	INSERT INTO `bf_tax_rate` VALUES (212, 1, 222, 3583, 10, 'payment', 20.0000, 0.0000);
	INSERT INTO `bf_tax_rate` VALUES (213, 1, 222, 3583, 10, 'store', 0.0000, 2.0000);
	INSERT INTO `bf_tax_rate` VALUES (214, 1, 222, 3584, 9, 'shipping', 20.0000, 2.0000);
	INSERT INTO `bf_tax_rate` VALUES (215, 1, 222, 3584, 10, 'payment', 20.0000, 0.0000);
	INSERT INTO `bf_tax_rate` VALUES (216, 1, 222, 3584, 10, 'store', 0.0000, 2.0000);
	INSERT INTO `bf_tax_rate` VALUES (217, 1, 222, 3585, 9, 'shipping', 20.0000, 2.0000);
	INSERT INTO `bf_tax_rate` VALUES (218, 1, 222, 3585, 10, 'payment', 20.0000, 0.0000);
	INSERT INTO `bf_tax_rate` VALUES (219, 1, 222, 3585, 10, 'store', 0.0000, 2.0000);
	INSERT INTO `bf_tax_rate` VALUES (220, 1, 222, 3586, 9, 'shipping', 20.0000, 2.0000);
	INSERT INTO `bf_tax_rate` VALUES (221, 1, 222, 3586, 10, 'payment', 20.0000, 0.0000);
	INSERT INTO `bf_tax_rate` VALUES (222, 1, 222, 3586, 10, 'store', 0.0000, 2.0000);
	INSERT INTO `bf_tax_rate` VALUES (223, 1, 222, 3587, 9, 'shipping', 20.0000, 2.0000);
	INSERT INTO `bf_tax_rate` VALUES (224, 1, 222, 3587, 10, 'payment', 20.0000, 0.0000);
	INSERT INTO `bf_tax_rate` VALUES (225, 1, 222, 3587, 10, 'store', 0.0000, 2.0000);
	INSERT INTO `bf_tax_rate` VALUES (226, 1, 222, 3588, 9, 'shipping', 20.0000, 2.0000);
	INSERT INTO `bf_tax_rate` VALUES (227, 1, 222, 3588, 10, 'payment', 20.0000, 0.0000);
	INSERT INTO `bf_tax_rate` VALUES (228, 1, 222, 3588, 10, 'store', 0.0000, 2.0000);
	INSERT INTO `bf_tax_rate` VALUES (229, 1, 222, 3589, 9, 'shipping', 20.0000, 2.0000);
	INSERT INTO `bf_tax_rate` VALUES (230, 1, 222, 3589, 10, 'payment', 20.0000, 0.0000);
	INSERT INTO `bf_tax_rate` VALUES (231, 1, 222, 3589, 10, 'store', 0.0000, 2.0000);
	INSERT INTO `bf_tax_rate` VALUES (232, 1, 222, 3590, 9, 'shipping', 20.0000, 2.0000);
	INSERT INTO `bf_tax_rate` VALUES (233, 1, 222, 3590, 10, 'payment', 20.0000, 0.0000);
	INSERT INTO `bf_tax_rate` VALUES (234, 1, 222, 3590, 10, 'store', 0.0000, 2.0000);
	INSERT INTO `bf_tax_rate` VALUES (235, 1, 222, 3591, 9, 'shipping', 20.0000, 2.0000);
	INSERT INTO `bf_tax_rate` VALUES (236, 1, 222, 3591, 10, 'payment', 20.0000, 0.0000);
	INSERT INTO `bf_tax_rate` VALUES (237, 1, 222, 3591, 10, 'store', 0.0000, 2.0000);
	INSERT INTO `bf_tax_rate` VALUES (238, 1, 222, 3592, 9, 'shipping', 20.0000, 2.0000);
	INSERT INTO `bf_tax_rate` VALUES (239, 1, 222, 3592, 10, 'payment', 20.0000, 0.0000);
	INSERT INTO `bf_tax_rate` VALUES (240, 1, 222, 3592, 10, 'store', 0.0000, 2.0000);
	INSERT INTO `bf_tax_rate` VALUES (241, 1, 222, 3593, 9, 'shipping', 20.0000, 2.0000);
	INSERT INTO `bf_tax_rate` VALUES (242, 1, 222, 3593, 10, 'payment', 20.0000, 0.0000);
	INSERT INTO `bf_tax_rate` VALUES (243, 1, 222, 3593, 10, 'store', 0.0000, 2.0000);
	INSERT INTO `bf_tax_rate` VALUES (244, 1, 222, 3594, 9, 'shipping', 20.0000, 2.0000);
	INSERT INTO `bf_tax_rate` VALUES (245, 1, 222, 3594, 10, 'payment', 20.0000, 0.0000);
	INSERT INTO `bf_tax_rate` VALUES (246, 1, 222, 3594, 10, 'store', 0.0000, 2.0000);
	INSERT INTO `bf_tax_rate` VALUES (247, 1, 222, 3595, 9, 'shipping', 20.0000, 2.0000);
	INSERT INTO `bf_tax_rate` VALUES (248, 1, 222, 3595, 10, 'payment', 20.0000, 0.0000);
	INSERT INTO `bf_tax_rate` VALUES (249, 1, 222, 3595, 10, 'store', 0.0000, 2.0000);
	INSERT INTO `bf_tax_rate` VALUES (250, 1, 222, 3596, 9, 'shipping', 20.0000, 2.0000);
	INSERT INTO `bf_tax_rate` VALUES (251, 1, 222, 3596, 10, 'payment', 20.0000, 0.0000);
	INSERT INTO `bf_tax_rate` VALUES (252, 1, 222, 3596, 10, 'store', 0.0000, 2.0000);
	INSERT INTO `bf_tax_rate` VALUES (253, 1, 222, 3597, 9, 'shipping', 20.0000, 2.0000);
	INSERT INTO `bf_tax_rate` VALUES (254, 1, 222, 3597, 10, 'payment', 20.0000, 0.0000);
	INSERT INTO `bf_tax_rate` VALUES (255, 1, 222, 3597, 10, 'store', 0.0000, 2.0000);
	INSERT INTO `bf_tax_rate` VALUES (256, 1, 222, 3598, 9, 'shipping', 20.0000, 2.0000);
	INSERT INTO `bf_tax_rate` VALUES (257, 1, 222, 3598, 10, 'payment', 20.0000, 0.0000);
	INSERT INTO `bf_tax_rate` VALUES (258, 1, 222, 3598, 10, 'store', 0.0000, 2.0000);
	INSERT INTO `bf_tax_rate` VALUES (259, 1, 222, 3599, 9, 'shipping', 20.0000, 2.0000);
	INSERT INTO `bf_tax_rate` VALUES (260, 1, 222, 3599, 10, 'payment', 20.0000, 0.0000);
	INSERT INTO `bf_tax_rate` VALUES (261, 1, 222, 3599, 10, 'store', 0.0000, 2.0000);
	INSERT INTO `bf_tax_rate` VALUES (262, 1, 222, 3600, 9, 'shipping', 20.0000, 2.0000);
	INSERT INTO `bf_tax_rate` VALUES (263, 1, 222, 3600, 10, 'payment', 20.0000, 0.0000);
	INSERT INTO `bf_tax_rate` VALUES (264, 1, 222, 3600, 10, 'store', 0.0000, 2.0000);
	INSERT INTO `bf_tax_rate` VALUES (265, 1, 222, 3601, 9, 'shipping', 20.0000, 2.0000);
	INSERT INTO `bf_tax_rate` VALUES (266, 1, 222, 3601, 10, 'payment', 20.0000, 0.0000);
	INSERT INTO `bf_tax_rate` VALUES (267, 1, 222, 3601, 10, 'store', 0.0000, 2.0000);
	INSERT INTO `bf_tax_rate` VALUES (268, 1, 222, 3602, 9, 'shipping', 20.0000, 2.0000);
	INSERT INTO `bf_tax_rate` VALUES (269, 1, 222, 3602, 10, 'payment', 20.0000, 0.0000);
	INSERT INTO `bf_tax_rate` VALUES (270, 1, 222, 3602, 10, 'store', 0.0000, 2.0000);
	INSERT INTO `bf_tax_rate` VALUES (271, 1, 222, 3603, 9, 'shipping', 20.0000, 2.0000);
	INSERT INTO `bf_tax_rate` VALUES (272, 1, 222, 3603, 10, 'payment', 20.0000, 0.0000);
	INSERT INTO `bf_tax_rate` VALUES (273, 1, 222, 3603, 10, 'store', 0.0000, 2.0000);
	INSERT INTO `bf_tax_rate` VALUES (274, 1, 222, 3604, 9, 'shipping', 20.0000, 2.0000);
	INSERT INTO `bf_tax_rate` VALUES (275, 1, 222, 3604, 10, 'payment', 20.0000, 0.0000);
	INSERT INTO `bf_tax_rate` VALUES (276, 1, 222, 3604, 10, 'store', 0.0000, 2.0000);
	INSERT INTO `bf_tax_rate` VALUES (277, 1, 222, 3605, 9, 'shipping', 20.0000, 2.0000);
	INSERT INTO `bf_tax_rate` VALUES (278, 1, 222, 3605, 10, 'payment', 20.0000, 0.0000);
	INSERT INTO `bf_tax_rate` VALUES (279, 1, 222, 3605, 10, 'store', 0.0000, 2.0000);
	INSERT INTO `bf_tax_rate` VALUES (280, 1, 222, 3606, 9, 'shipping', 20.0000, 2.0000);
	INSERT INTO `bf_tax_rate` VALUES (281, 1, 222, 3606, 10, 'payment', 20.0000, 0.0000);
	INSERT INTO `bf_tax_rate` VALUES (282, 1, 222, 3606, 10, 'store', 0.0000, 2.0000);
	INSERT INTO `bf_tax_rate` VALUES (283, 1, 222, 3607, 9, 'shipping', 20.0000, 2.0000);
	INSERT INTO `bf_tax_rate` VALUES (284, 1, 222, 3607, 10, 'payment', 20.0000, 0.0000);
	INSERT INTO `bf_tax_rate` VALUES (285, 1, 222, 3607, 10, 'store', 0.0000, 2.0000);
	INSERT INTO `bf_tax_rate` VALUES (286, 1, 222, 3608, 9, 'shipping', 20.0000, 2.0000);
	INSERT INTO `bf_tax_rate` VALUES (287, 1, 222, 3608, 10, 'payment', 20.0000, 0.0000);
	INSERT INTO `bf_tax_rate` VALUES (288, 1, 222, 3608, 10, 'store', 0.0000, 2.0000);
	INSERT INTO `bf_tax_rate` VALUES (289, 1, 222, 3609, 9, 'shipping', 20.0000, 2.0000);
	INSERT INTO `bf_tax_rate` VALUES (290, 1, 222, 3609, 10, 'payment', 20.0000, 0.0000);
	INSERT INTO `bf_tax_rate` VALUES (291, 1, 222, 3609, 10, 'store', 0.0000, 2.0000);
	INSERT INTO `bf_tax_rate` VALUES (292, 1, 222, 3610, 9, 'shipping', 20.0000, 2.0000);
	INSERT INTO `bf_tax_rate` VALUES (293, 1, 222, 3610, 10, 'payment', 20.0000, 0.0000);
	INSERT INTO `bf_tax_rate` VALUES (294, 1, 222, 3610, 10, 'store', 0.0000, 2.0000);
	INSERT INTO `bf_tax_rate` VALUES (295, 1, 222, 3611, 9, 'shipping', 20.0000, 2.0000);
	INSERT INTO `bf_tax_rate` VALUES (296, 1, 222, 3611, 10, 'payment', 20.0000, 0.0000);
	INSERT INTO `bf_tax_rate` VALUES (297, 1, 222, 3611, 10, 'store', 0.0000, 2.0000);
	INSERT INTO `bf_tax_rate` VALUES (298, 1, 222, 3612, 9, 'shipping', 20.0000, 2.0000);
	INSERT INTO `bf_tax_rate` VALUES (299, 1, 222, 3612, 10, 'payment', 20.0000, 0.0000);
	INSERT INTO `bf_tax_rate` VALUES (300, 1, 222, 3612, 10, 'store', 0.0000, 2.0000);
	INSERT INTO `bf_tax_rate` VALUES (301, 1, 222, 3949, 9, 'shipping', 20.0000, 2.0000);
	INSERT INTO `bf_tax_rate` VALUES (302, 1, 222, 3949, 10, 'payment', 20.0000, 0.0000);
	INSERT INTO `bf_tax_rate` VALUES (303, 1, 222, 3949, 10, 'store', 0.0000, 2.0000);
	INSERT INTO `bf_tax_rate` VALUES (304, 1, 222, 3950, 9, 'shipping', 20.0000, 2.0000);
	INSERT INTO `bf_tax_rate` VALUES (305, 1, 222, 3950, 10, 'payment', 20.0000, 0.0000);
	INSERT INTO `bf_tax_rate` VALUES (306, 1, 222, 3950, 10, 'store', 0.0000, 2.0000);
	INSERT INTO `bf_tax_rate` VALUES (307, 1, 222, 3951, 9, 'shipping', 20.0000, 2.0000);
	INSERT INTO `bf_tax_rate` VALUES (308, 1, 222, 3951, 10, 'payment', 20.0000, 0.0000);
	INSERT INTO `bf_tax_rate` VALUES (309, 1, 222, 3951, 10, 'store', 0.0000, 2.0000);
	INSERT INTO `bf_tax_rate` VALUES (310, 1, 222, 3952, 9, 'shipping', 20.0000, 2.0000);
	INSERT INTO `bf_tax_rate` VALUES (311, 1, 222, 3952, 10, 'payment', 20.0000, 0.0000);
	INSERT INTO `bf_tax_rate` VALUES (312, 1, 222, 3952, 10, 'store', 0.0000, 2.0000);
	INSERT INTO `bf_tax_rate` VALUES (313, 1, 222, 3953, 9, 'shipping', 20.0000, 2.0000);
	INSERT INTO `bf_tax_rate` VALUES (314, 1, 222, 3953, 10, 'payment', 20.0000, 0.0000);
	INSERT INTO `bf_tax_rate` VALUES (315, 1, 222, 3953, 10, 'store', 0.0000, 2.0000);
	INSERT INTO `bf_tax_rate` VALUES (316, 1, 222, 3954, 9, 'shipping', 20.0000, 2.0000);
	INSERT INTO `bf_tax_rate` VALUES (317, 1, 222, 3954, 10, 'payment', 20.0000, 0.0000);
	INSERT INTO `bf_tax_rate` VALUES (318, 1, 222, 3954, 10, 'store', 0.0000, 2.0000);
	INSERT INTO `bf_tax_rate` VALUES (319, 1, 222, 3955, 9, 'shipping', 20.0000, 2.0000);
	INSERT INTO `bf_tax_rate` VALUES (320, 1, 222, 3955, 10, 'payment', 20.0000, 0.0000);
	INSERT INTO `bf_tax_rate` VALUES (321, 1, 222, 3955, 10, 'store', 0.0000, 2.0000);
	INSERT INTO `bf_tax_rate` VALUES (322, 1, 222, 3972, 9, 'shipping', 20.0000, 2.0000);
	INSERT INTO `bf_tax_rate` VALUES (323, 1, 222, 3972, 10, 'payment', 20.0000, 0.0000);
	INSERT INTO `bf_tax_rate` VALUES (324, 1, 222, 3972, 10, 'store', 0.0000, 2.0000);

	-- ----------------------------
	-- Table structure for blog_category
	-- ----------------------------
	DROP TABLE IF EXISTS `blog_category`;
	CREATE TABLE `blog_category`  (
	  `blog_category_id` int(11) NOT NULL AUTO_INCREMENT,
	  `image` varchar(255) CHARACTER SET utf8 COLLATE utf8_general_ci NULL DEFAULT NULL,
	  `parent_id` int(11) NOT NULL DEFAULT 0,
	  `top` tinyint(1) NOT NULL,
	  `column` int(3) NOT NULL,
	  `sort_order` int(3) NOT NULL DEFAULT 0,
	  `status` tinyint(1) NOT NULL,
	  `noindex` tinyint(1) NOT NULL DEFAULT 1,
	  `date_added` datetime(0) NOT NULL DEFAULT '2019-03-07 00:22:16',
	  `date_modified` datetime(0) NOT NULL DEFAULT '2019-03-07 00:22:16',
	  PRIMARY KEY (`blog_category_id`) USING BTREE
	) ENGINE = MyISAM AUTO_INCREMENT = 72 CHARACTER SET = utf8 COLLATE = utf8_general_ci ROW_FORMAT = Dynamic;

	-- ----------------------------
	-- Records of blog_category
	-- ----------------------------
	INSERT INTO `blog_category` VALUES (69, 'catalog/demo/canon_eos_5d_2.jpg', 0, 1, 0, 0, 1, 1, '2014-04-08 03:56:26', '2015-06-18 09:15:42');
	INSERT INTO `blog_category` VALUES (70, 'catalog/demo/iphone_2.jpg', 0, 1, 0, 0, 1, 1, '2014-04-08 03:58:55', '2015-06-18 09:16:41');
	INSERT INTO `blog_category` VALUES (71, 'catalog/demo/canon_eos_5d_1.jpg', 69, 1, 1, 0, 1, 1, '2015-06-18 09:13:57', '2015-06-18 09:15:58');

	-- ----------------------------
	-- Table structure for blog_category_description
	-- ----------------------------
	DROP TABLE IF EXISTS `blog_category_description`;
	CREATE TABLE `blog_category_description`  (
	  `blog_category_id` int(11) NOT NULL,
	  `language_id` int(11) NOT NULL,
	  `name` varchar(255) CHARACTER SET utf8 COLLATE utf8_general_ci NOT NULL DEFAULT '',
	  `description` text CHARACTER SET utf8 COLLATE utf8_general_ci NOT NULL,
	  `meta_description` varchar(255) CHARACTER SET utf8 COLLATE utf8_general_ci NOT NULL,
	  `meta_keyword` varchar(255) CHARACTER SET utf8 COLLATE utf8_general_ci NOT NULL,
	  `meta_title` varchar(255) CHARACTER SET utf8 COLLATE utf8_general_ci NOT NULL,
	  `meta_h1` varchar(255) CHARACTER SET utf8 COLLATE utf8_general_ci NOT NULL,
	  PRIMARY KEY (`blog_category_id`, `language_id`) USING BTREE,
	  INDEX `name`(`name`) USING BTREE
	) ENGINE = MyISAM CHARACTER SET = utf8 COLLATE = utf8_general_ci ROW_FORMAT = Dynamic;

	-- ----------------------------
	-- Records of blog_category_description
	-- ----------------------------
	INSERT INTO `blog_category_description` VALUES (69, 2, 'News', '&lt;p&gt;&lt;br&gt;&lt;/p&gt;', '', '', '', '');
	INSERT INTO `blog_category_description` VALUES (70, 1, 'Обзоры', '&lt;p&gt;&lt;br&gt;&lt;/p&gt;', '', '', '', '');
	INSERT INTO `blog_category_description` VALUES (69, 1, 'Новости', '&lt;p&gt;&lt;br&gt;&lt;/p&gt;', '', '', '', '');
	INSERT INTO `blog_category_description` VALUES (71, 2, 'Анонсы', '&lt;p&gt;&lt;br&gt;&lt;/p&gt;', '', '', '', '');
	INSERT INTO `blog_category_description` VALUES (71, 1, 'Анонсы', '&lt;p&gt;&lt;br&gt;&lt;/p&gt;', '', '', '', '');
	INSERT INTO `blog_category_description` VALUES (70, 2, 'Reviews', '&lt;p&gt;&lt;br&gt;&lt;/p&gt;', '', '', '', '');

	-- ----------------------------
	-- Table structure for blog_category_path
	-- ----------------------------
	DROP TABLE IF EXISTS `blog_category_path`;
	CREATE TABLE `blog_category_path`  (
	  `blog_category_id` int(11) NOT NULL,
	  `path_id` int(11) NOT NULL,
	  `level` int(11) NOT NULL,
	  PRIMARY KEY (`blog_category_id`, `path_id`) USING BTREE
	) ENGINE = MyISAM CHARACTER SET = utf8 COLLATE = utf8_general_ci ROW_FORMAT = Fixed;

	-- ----------------------------
	-- Records of blog_category_path
	-- ----------------------------
	INSERT INTO `blog_category_path` VALUES (69, 69, 0);
	INSERT INTO `blog_category_path` VALUES (71, 71, 1);
	INSERT INTO `blog_category_path` VALUES (71, 69, 0);
	INSERT INTO `blog_category_path` VALUES (70, 70, 0);

	-- ----------------------------
	-- Table structure for blog_category_to_layout
	-- ----------------------------
	DROP TABLE IF EXISTS `blog_category_to_layout`;
	CREATE TABLE `blog_category_to_layout`  (
	  `blog_category_id` int(11) NOT NULL,
	  `store_id` int(11) NOT NULL,
	  `layout_id` int(11) NOT NULL,
	  PRIMARY KEY (`blog_category_id`, `store_id`) USING BTREE
	) ENGINE = MyISAM CHARACTER SET = utf8 COLLATE = utf8_general_ci ROW_FORMAT = Fixed;

	-- ----------------------------
	-- Records of blog_category_to_layout
	-- ----------------------------
	INSERT INTO `blog_category_to_layout` VALUES (69, 0, 0);
	INSERT INTO `blog_category_to_layout` VALUES (71, 0, 0);
	INSERT INTO `blog_category_to_layout` VALUES (70, 0, 0);

	-- ----------------------------
	-- Table structure for blog_category_to_store
	-- ----------------------------
	DROP TABLE IF EXISTS `blog_category_to_store`;
	CREATE TABLE `blog_category_to_store`  (
	  `blog_category_id` int(11) NOT NULL,
	  `store_id` int(11) NOT NULL,
	  PRIMARY KEY (`blog_category_id`, `store_id`) USING BTREE
	) ENGINE = MyISAM CHARACTER SET = utf8 COLLATE = utf8_general_ci ROW_FORMAT = Fixed;

	-- ----------------------------
	-- Records of blog_category_to_store
	-- ----------------------------
	INSERT INTO `blog_category_to_store` VALUES (69, 0);
	INSERT INTO `blog_category_to_store` VALUES (70, 0);
	INSERT INTO `blog_category_to_store` VALUES (71, 0);

	-- ----------------------------
	-- Table structure for cart
	-- ----------------------------
	DROP TABLE IF EXISTS `cart`;
	CREATE TABLE `cart`  (
	  `cart_id` int(11) UNSIGNED NOT NULL AUTO_INCREMENT,
	  `api_id` int(11) NOT NULL,
	  `customer_id` int(11) NOT NULL,
	  `session_id` varchar(32) CHARACTER SET utf8 COLLATE utf8_general_ci NOT NULL,
	  `product_id` int(11) NOT NULL,
	  `recurring_id` int(11) NOT NULL,
	  `option` text CHARACTER SET utf8 COLLATE utf8_general_ci NOT NULL,
	  `quantity` int(5) NOT NULL,
	  `date_added` datetime(0) NOT NULL,
	  PRIMARY KEY (`cart_id`) USING BTREE,
	  INDEX `cart_id`(`api_id`, `customer_id`, `session_id`, `product_id`, `recurring_id`) USING BTREE
	) ENGINE = InnoDB AUTO_INCREMENT = 129 CHARACTER SET = utf8 COLLATE = utf8_general_ci ROW_FORMAT = Compact;

	-- ----------------------------
	-- Records of cart
	-- ----------------------------
	INSERT INTO `cart` VALUES (128, 0, 0, 'd996b3f3e0a3deed6f146f66aa', 84, 0, '[]', 1, '2019-03-05 17:52:55');

	-- ----------------------------
	-- Table structure for category
	-- ----------------------------
	DROP TABLE IF EXISTS `category`;
	CREATE TABLE `category`  (
	  `category_id` int(11) NOT NULL AUTO_INCREMENT,
	  `image` varchar(255) CHARACTER SET utf8 COLLATE utf8_general_ci NULL DEFAULT NULL,
	  `parent_id` int(11) NOT NULL DEFAULT 0,
	  `top` tinyint(1) NOT NULL,
	  `column` int(3) NOT NULL,
	  `sort_order` int(3) NOT NULL DEFAULT 0,
	  `status` tinyint(1) NOT NULL,
	  `date_added` datetime(0) NOT NULL,
	  `date_modified` datetime(0) NOT NULL,
	  `noindex` tinyint(1) NOT NULL DEFAULT 1,
	  PRIMARY KEY (`category_id`) USING BTREE,
	  INDEX `parent_id`(`parent_id`) USING BTREE
	) ENGINE = MyISAM AUTO_INCREMENT = 82 CHARACTER SET = utf8 COLLATE = utf8_general_ci ROW_FORMAT = Dynamic;

	-- ----------------------------
	-- Records of category
	-- ----------------------------
	INSERT INTO `category` VALUES (73, '', 59, 0, 1, 0, 1, '2019-02-21 15:50:03', '2019-02-21 15:50:03', 1);
	INSERT INTO `category` VALUES (76, '', 75, 0, 1, 0, 1, '2019-02-21 16:52:07', '2019-02-21 16:52:07', 1);
	INSERT INTO `category` VALUES (65, '', 59, 0, 1, 0, 1, '2019-02-21 13:20:39', '2019-02-21 13:49:33', 1);
	INSERT INTO `category` VALUES (66, '', 59, 0, 1, 0, 1, '2019-02-21 13:24:30', '2019-02-21 13:49:46', 1);
	INSERT INTO `category` VALUES (67, '', 59, 0, 1, 0, 1, '2019-02-21 13:27:19', '2019-02-21 13:49:53', 1);
	INSERT INTO `category` VALUES (68, '', 0, 1, 1, 4, 1, '2019-02-21 13:37:42', '2019-02-21 13:50:14', 1);
	INSERT INTO `category` VALUES (69, '', 0, 1, 1, 5, 1, '2019-02-21 13:39:55', '2019-02-21 13:50:21', 1);
	INSERT INTO `category` VALUES (70, '', 59, 0, 1, 0, 1, '2019-02-21 14:07:55', '2019-02-21 14:07:55', 1);
	INSERT INTO `category` VALUES (71, '', 59, 0, 1, 0, 1, '2019-02-21 14:09:33', '2019-02-21 14:09:33', 1);
	INSERT INTO `category` VALUES (60, '', 0, 1, 2, 2, 1, '2019-02-21 13:08:32', '2019-02-21 13:50:47', 1);
	INSERT INTO `category` VALUES (61, '', 60, 0, 1, 0, 1, '2019-02-21 13:14:37', '2019-02-21 13:50:52', 1);
	INSERT INTO `category` VALUES (62, '', 60, 0, 1, 0, 1, '2019-02-21 13:15:30', '2019-02-21 13:50:57', 1);
	INSERT INTO `category` VALUES (63, '', 0, 1, 3, 3, 1, '2019-02-21 13:16:54', '2019-02-21 13:50:06', 1);
	INSERT INTO `category` VALUES (64, '', 59, 0, 1, 0, 1, '2019-02-21 13:19:37', '2019-02-21 13:49:59', 1);
	INSERT INTO `category` VALUES (75, '', 0, 1, 1, 0, 1, '2019-02-21 16:50:27', '2019-02-21 16:50:43', 1);
	INSERT INTO `category` VALUES (74, '', 68, 0, 1, 0, 1, '2019-02-21 15:55:44', '2019-02-21 15:55:44', 1);
	INSERT INTO `category` VALUES (81, '', 69, 0, 1, 0, 1, '2019-02-21 17:09:37', '2019-02-21 17:09:37', 1);
	INSERT INTO `category` VALUES (80, '', 63, 0, 1, 0, 1, '2019-02-21 17:08:28', '2019-02-21 17:08:28', 1);
	INSERT INTO `category` VALUES (79, '', 63, 0, 1, 0, 1, '2019-02-21 17:07:48', '2019-02-21 17:07:48', 1);
	INSERT INTO `category` VALUES (78, '', 75, 0, 1, 0, 1, '2019-02-21 16:53:13', '2019-02-21 16:53:13', 1);
	INSERT INTO `category` VALUES (77, '', 75, 0, 1, 0, 1, '2019-02-21 16:52:38', '2019-02-21 16:52:38', 1);
	INSERT INTO `category` VALUES (72, '', 59, 0, 1, 0, 1, '2019-02-21 15:40:04', '2019-02-21 15:40:04', 1);
	INSERT INTO `category` VALUES (59, '', 0, 1, 1, 1, 1, '2019-02-20 16:40:59', '2019-02-21 13:34:25', 1);

	-- ----------------------------
	-- Table structure for category_description
	-- ----------------------------
	DROP TABLE IF EXISTS `category_description`;
	CREATE TABLE `category_description`  (
	  `category_id` int(11) NOT NULL,
	  `language_id` int(11) NOT NULL,
	  `name` varchar(255) CHARACTER SET utf8 COLLATE utf8_general_ci NOT NULL,
	  `description` text CHARACTER SET utf8 COLLATE utf8_general_ci NOT NULL,
	  `meta_title` varchar(255) CHARACTER SET utf8 COLLATE utf8_general_ci NOT NULL,
	  `meta_description` varchar(255) CHARACTER SET utf8 COLLATE utf8_general_ci NOT NULL,
	  `meta_keyword` varchar(255) CHARACTER SET utf8 COLLATE utf8_general_ci NOT NULL,
	  `meta_h1` varchar(255) CHARACTER SET utf8 COLLATE utf8_general_ci NOT NULL,
	  PRIMARY KEY (`category_id`, `language_id`) USING BTREE,
	  INDEX `name`(`name`) USING BTREE
	) ENGINE = MyISAM CHARACTER SET = utf8 COLLATE = utf8_general_ci ROW_FORMAT = Dynamic;

	-- ----------------------------
	-- Records of category_description
	-- ----------------------------
	INSERT INTO `category_description` VALUES (62, 1, 'Nvidia', '&lt;p&gt;&lt;span style=&quot;color: rgb(51, 51, 51); font-family: &amp;quot;Open Sans&amp;quot;, Arial, sans-serif; font-size: 14px;&quot;&gt;ASIC — интегральная схема, специализированная для решения конкретной задачи. В отличие от обычных интегральных схем для общего назначения, специализированные интегральные схемы применяются в конкретном устройстве и выполняют строго ограниченные функции, характерные только для данного устройства; вследствие этого выполнение функций происходит быстрее и, в конечном счёте, дешевле.&lt;/span&gt;&lt;br&gt;&lt;/p&gt;', 'Nvidia', 'Nvidia', 'Nvidia', 'Nvidia');
	INSERT INTO `category_description` VALUES (64, 1, 'Lyra2REv2', '&lt;p&gt;&lt;span style=&quot;color: rgb(51, 51, 51); font-family: &amp;quot;Open Sans&amp;quot;, Arial, sans-serif; font-size: 14px;&quot;&gt;ASIC — интегральная схема, специализированная для решения конкретной задачи. В отличие от обычных интегральных схем для общего назначения, специализированные интегральные схемы применяются в конкретном устройстве и выполняют строго ограниченные функции, характерные только для данного устройства; вследствие этого выполнение функций происходит быстрее и, в конечном счёте, дешевле.&lt;/span&gt;&lt;br&gt;&lt;/p&gt;', 'Lyra2REv2 майнеры', 'Lyra2REv2 майнеры', 'Lyra2REv2 майнеры', 'Lyra2REv2 майнеры');
	INSERT INTO `category_description` VALUES (63, 1, 'GPU фермы', '&lt;p&gt;&lt;span style=&quot;color: rgb(51, 51, 51); font-family: &amp;quot;Open Sans&amp;quot;, Arial, sans-serif; font-size: 14px;&quot;&gt;ASIC — интегральная схема, специализированная для решения конкретной задачи. В отличие от обычных интегральных схем для общего назначения, специализированные интегральные схемы применяются в конкретном устройстве и выполняют строго ограниченные функции, характерные только для данного устройства; вследствие этого выполнение функций происходит быстрее и, в конечном счёте, дешевле.&lt;/span&gt;&lt;br&gt;&lt;/p&gt;', 'GPU фермы', 'GPU фермы', 'GPU фермы', 'GPU фермы');
	INSERT INTO `category_description` VALUES (60, 1, 'GPU', '&lt;p&gt;&lt;span style=&quot;color: rgb(51, 51, 51); font-family: &amp;quot;Open Sans&amp;quot;, Arial, sans-serif; font-size: 14px;&quot;&gt;ASIC — интегральная схема, специализированная для решения конкретной задачи. В отличие от обычных интегральных схем для общего назначения, специализированные интегральные схемы применяются в конкретном устройстве и выполняют строго ограниченные функции, характерные только для данного устройства; вследствие этого выполнение функций происходит быстрее и, в конечном счёте, дешевле.&lt;/span&gt;&lt;br&gt;&lt;/p&gt;', 'GPU', 'GPU', 'GPU', 'GPU');
	INSERT INTO `category_description` VALUES (61, 1, 'AMD', '&lt;p&gt;&lt;span style=&quot;color: rgb(51, 51, 51); font-family: &amp;quot;Open Sans&amp;quot;, Arial, sans-serif; font-size: 14px;&quot;&gt;ASIC — интегральная схема, специализированная для решения конкретной задачи. В отличие от обычных интегральных схем для общего назначения, специализированные интегральные схемы применяются в конкретном устройстве и выполняют строго ограниченные функции, характерные только для данного устройства; вследствие этого выполнение функций происходит быстрее и, в конечном счёте, дешевле.&lt;/span&gt;&lt;br&gt;&lt;/p&gt;', '', '', '', '');
	INSERT INTO `category_description` VALUES (65, 1, 'Blake(2b)', '&lt;p style=&quot;box-sizing: inherit; margin-bottom: 1.5em;&quot;&gt;&lt;span style=&quot;color: rgb(51, 51, 51); font-family: &amp;quot;Open Sans&amp;quot;, Arial, sans-serif; font-size: 14px;&quot;&gt;ASIC — интегральная схема, специализированная для решения конкретной задачи. В отличие от обычных интегральных схем для общего назначения, специализированные интегральные схемы применяются в конкретном устройстве и выполняют строго ограниченные функции, характерные только для данного устройства; вследствие этого выполнение функций происходит быстрее и, в конечном счёте, дешевле.&lt;/span&gt;&lt;br&gt;&lt;/p&gt;', 'Blake(2b) майнеры', 'Blake(2b) майнеры', 'Blake(2b) майнеры', 'Blake(2b) майнеры');
	INSERT INTO `category_description` VALUES (59, 1, 'Asic', '&lt;p&gt;&lt;span style=&quot;color: rgb(51, 51, 51); font-family: &amp;quot;Open Sans&amp;quot;, Arial, sans-serif; font-size: 14px;&quot;&gt;ASIC — интегральная схема, специализированная для решения конкретной задачи. В отличие от обычных интегральных схем для общего назначения, специализированные интегральные схемы применяются в конкретном устройстве и выполняют строго ограниченные функции, характерные только для данного устройства; вследствие этого выполнение функций происходит быстрее и, в конечном счёте, дешевле.&lt;/span&gt;&lt;br&gt;&lt;/p&gt;', 'Asic', 'Asic', 'Asic', 'Asic');
	INSERT INTO `category_description` VALUES (66, 1, 'Cryptonight', '&lt;p&gt;&lt;span style=&quot;color: rgb(51, 51, 51); font-family: &amp;quot;Open Sans&amp;quot;, Arial, sans-serif; font-size: 14px;&quot;&gt;ASIC — интегральная схема, специализированная для решения конкретной задачи. В отличие от обычных интегральных схем для общего назначения, специализированные интегральные схемы применяются в конкретном устройстве и выполняют строго ограниченные функции, характерные только для данного устройства; вследствие этого выполнение функций происходит быстрее и, в конечном счёте, дешевле.&lt;/span&gt;&lt;br&gt;&lt;/p&gt;', 'Cryptonight майнеры', 'Cryptonight майнеры', 'Cryptonight майнеры', 'Cryptonight майнеры');
	INSERT INTO `category_description` VALUES (67, 1, 'Equihash', '&lt;p&gt;&lt;span style=&quot;color: rgb(51, 51, 51); font-family: &amp;quot;Open Sans&amp;quot;, Arial, sans-serif; font-size: 14px;&quot;&gt;ASIC — интегральная схема, специализированная для решения конкретной задачи. В отличие от обычных интегральных схем для общего назначения, специализированные интегральные схемы применяются в конкретном устройстве и выполняют строго ограниченные функции, характерные только для данного устройства; вследствие этого выполнение функций происходит быстрее и, в конечном счёте, дешевле.&lt;/span&gt;&lt;br&gt;&lt;/p&gt;', 'Equihash майнеры', 'Equihash майнеры', 'Equihash майнеры', 'Equihash майнеры');
	INSERT INTO `category_description` VALUES (68, 1, 'Комлектующие', '&lt;p&gt;&lt;span style=&quot;color: rgb(51, 51, 51); font-family: &amp;quot;Open Sans&amp;quot;, Arial, sans-serif; font-size: 14px;&quot;&gt;ASIC — интегральная схема, специализированная для решения конкретной задачи. В отличие от обычных интегральных схем для общего назначения, специализированные интегральные схемы применяются в конкретном устройстве и выполняют строго ограниченные функции, характерные только для данного устройства; вследствие этого выполнение функций происходит быстрее и, в конечном счёте, дешевле.&lt;/span&gt;&lt;br&gt;&lt;/p&gt;', 'Комлектующие', 'Комлектующие', 'Комлектующие', 'Комлектующие');
	INSERT INTO `category_description` VALUES (69, 1, 'Кошельки', '&lt;p&gt;&lt;span style=&quot;color: rgb(51, 51, 51); font-family: &amp;quot;Open Sans&amp;quot;, Arial, sans-serif; font-size: 14px;&quot;&gt;ASIC — интегральная схема, специализированная для решения конкретной задачи. В отличие от обычных интегральных схем для общего назначения, специализированные интегральные схемы применяются в конкретном устройстве и выполняют строго ограниченные функции, характерные только для данного устройства; вследствие этого выполнение функций происходит быстрее и, в конечном счёте, дешевле.&lt;/span&gt;&lt;br&gt;&lt;/p&gt;', 'Аппаратные кошельки для криптовалют', 'Аппаратные кошельки для криптовалют', 'Аппаратные кошельки для криптовалют', 'Аппаратные кошельки для криптовалют');
	INSERT INTO `category_description` VALUES (70, 1, 'Ethash', '&lt;p&gt;ASIC — интегральная схема, специализированная для решения конкретной задачи. В отличие от обычных интегральных схем для общего назначения, специализированные интегральные схемы применяются в конкретном устройстве и выполняют строго ограниченные функции, характерные только для данного устройства; вследствие этого выполнение функций происходит быстрее и, в конечном счёте, дешевле.&lt;br&gt;&lt;/p&gt;', 'Ethash майнеры', 'Ethash майнеры', 'Ethash майнеры', 'Ethash майнеры');
	INSERT INTO `category_description` VALUES (71, 1, 'Scrypt', '&lt;p&gt;&lt;span style=&quot;color: rgb(51, 51, 51); font-family: &amp;quot;Open Sans&amp;quot;, Arial, sans-serif; font-size: 14px;&quot;&gt;ASIC — интегральная схема, специализированная для решения конкретной задачи. В отличие от обычных интегральных схем для общего назначения, специализированные интегральные схемы применяются в конкретном устройстве и выполняют строго ограниченные функции, характерные только для данного устройства; вследствие этого выполнение функций происходит быстрее и, в конечном счёте, дешевле.&lt;/span&gt;&lt;br&gt;&lt;/p&gt;', 'Scrypt майнеры', 'Scrypt майнеры', 'Scrypt майнеры', 'Scrypt майнеры');
	INSERT INTO `category_description` VALUES (72, 1, 'SHA256', '&lt;p&gt;&lt;span style=&quot;color: rgb(51, 51, 51); font-family: &amp;quot;Open Sans&amp;quot;, Arial, sans-serif; font-size: 14px;&quot;&gt;ASIC — интегральная схема, специализированная для решения конкретной задачи. В отличие от обычных интегральных схем для общего назначения, специализированные интегральные схемы применяются в конкретном устройстве и выполняют строго ограниченные функции, характерные только для данного устройства; вследствие этого выполнение функций происходит быстрее и, в конечном счёте, дешевле.&lt;/span&gt;&lt;br&gt;&lt;/p&gt;', 'SHA256 майнеры', 'SHA256 майнеры', 'SHA256 майнеры', 'SHA256 майнеры');
	INSERT INTO `category_description` VALUES (73, 1, 'X11', 'ASIC — интегральная схема, специализированная для решения конкретной задачи. В отличие от обычных интегральных схем для общего назначения, специализированные интегральные схемы применяются в конкретном устройстве и выполняют строго ограниченные функции, характерные только для данного устройства; вследствие этого выполнение функций происходит быстрее и, в конечном счёте, дешевле.', 'X11 - добыча Dash', 'X11 - добыча Dash', 'X11 - добыча Dash', 'X11 - добыча Dash');
	INSERT INTO `category_description` VALUES (74, 1, 'Блоки питания', '&lt;p&gt;&lt;span style=&quot;color: rgb(51, 51, 51); font-family: &amp;quot;Open Sans&amp;quot;, Arial, sans-serif; font-size: 14px;&quot;&gt;ASIC — интегральная схема, специализированная для решения конкретной задачи. В отличие от обычных интегральных схем для общего назначения, специализированные интегральные схемы применяются в конкретном устройстве и выполняют строго ограниченные функции, характерные только для данного устройства; вследствие этого выполнение функций происходит быстрее и, в конечном счёте, дешевле.&lt;/span&gt;&lt;br&gt;&lt;/p&gt;', 'Блоки питания', 'Блоки питания', 'Блоки питания', 'Блоки питания');
	INSERT INTO `category_description` VALUES (75, 1, 'BiXBiT', '', 'BiXBiT', 'BiXBiT', 'BiXBiT', 'BiXBiT');
	INSERT INTO `category_description` VALUES (76, 1, 'Контейнеры', '', '', '', '', '');
	INSERT INTO `category_description` VALUES (77, 1, 'Стойки', '', '', '', '', '');
	INSERT INTO `category_description` VALUES (78, 1, 'Ячейки', '', '', '', '', '');
	INSERT INTO `category_description` VALUES (79, 1, 'AMD', '', 'AMD', 'AMD', 'AMD', 'AMD');
	INSERT INTO `category_description` VALUES (80, 1, 'Nvidia', '', 'Nvidia', 'Nvidia', 'Nvidia', 'Nvidia');
	INSERT INTO `category_description` VALUES (81, 1, 'Аппаратные', '', '', '', '', '');

	-- ----------------------------
	-- Table structure for category_filter
	-- ----------------------------
	DROP TABLE IF EXISTS `category_filter`;
	CREATE TABLE `category_filter`  (
	  `category_id` int(11) NOT NULL,
	  `filter_id` int(11) NOT NULL,
	  PRIMARY KEY (`category_id`, `filter_id`) USING BTREE
	) ENGINE = MyISAM CHARACTER SET = utf8 COLLATE = utf8_general_ci ROW_FORMAT = Fixed;

	-- ----------------------------
	-- Table structure for category_path
	-- ----------------------------
	DROP TABLE IF EXISTS `category_path`;
	CREATE TABLE `category_path`  (
	  `category_id` int(11) NOT NULL,
	  `path_id` int(11) NOT NULL,
	  `level` int(11) NOT NULL,
	  PRIMARY KEY (`category_id`, `path_id`) USING BTREE
	) ENGINE = MyISAM CHARACTER SET = utf8 COLLATE = utf8_general_ci ROW_FORMAT = Fixed;

	-- ----------------------------
	-- Records of category_path
	-- ----------------------------
	INSERT INTO `category_path` VALUES (72, 59, 0);
	INSERT INTO `category_path` VALUES (71, 71, 1);
	INSERT INTO `category_path` VALUES (71, 59, 0);
	INSERT INTO `category_path` VALUES (70, 70, 1);
	INSERT INTO `category_path` VALUES (70, 59, 0);
	INSERT INTO `category_path` VALUES (69, 69, 0);
	INSERT INTO `category_path` VALUES (68, 68, 0);
	INSERT INTO `category_path` VALUES (67, 59, 0);
	INSERT INTO `category_path` VALUES (67, 67, 1);
	INSERT INTO `category_path` VALUES (66, 66, 1);
	INSERT INTO `category_path` VALUES (66, 59, 0);
	INSERT INTO `category_path` VALUES (65, 65, 1);
	INSERT INTO `category_path` VALUES (65, 59, 0);
	INSERT INTO `category_path` VALUES (64, 64, 1);
	INSERT INTO `category_path` VALUES (64, 59, 0);
	INSERT INTO `category_path` VALUES (63, 63, 0);
	INSERT INTO `category_path` VALUES (62, 62, 1);
	INSERT INTO `category_path` VALUES (77, 77, 1);
	INSERT INTO `category_path` VALUES (77, 75, 0);
	INSERT INTO `category_path` VALUES (76, 76, 1);
	INSERT INTO `category_path` VALUES (76, 75, 0);
	INSERT INTO `category_path` VALUES (75, 75, 0);
	INSERT INTO `category_path` VALUES (61, 60, 0);
	INSERT INTO `category_path` VALUES (74, 74, 1);
	INSERT INTO `category_path` VALUES (74, 68, 0);
	INSERT INTO `category_path` VALUES (73, 73, 1);
	INSERT INTO `category_path` VALUES (73, 59, 0);
	INSERT INTO `category_path` VALUES (72, 72, 1);
	INSERT INTO `category_path` VALUES (61, 61, 1);
	INSERT INTO `category_path` VALUES (60, 60, 0);
	INSERT INTO `category_path` VALUES (81, 81, 1);
	INSERT INTO `category_path` VALUES (81, 69, 0);
	INSERT INTO `category_path` VALUES (80, 80, 1);
	INSERT INTO `category_path` VALUES (80, 63, 0);
	INSERT INTO `category_path` VALUES (79, 79, 1);
	INSERT INTO `category_path` VALUES (79, 63, 0);
	INSERT INTO `category_path` VALUES (78, 78, 1);
	INSERT INTO `category_path` VALUES (78, 75, 0);
	INSERT INTO `category_path` VALUES (62, 60, 0);
	INSERT INTO `category_path` VALUES (59, 59, 0);

	-- ----------------------------
	-- Table structure for category_to_layout
	-- ----------------------------
	DROP TABLE IF EXISTS `category_to_layout`;
	CREATE TABLE `category_to_layout`  (
	  `category_id` int(11) NOT NULL,
	  `store_id` int(11) NOT NULL,
	  `layout_id` int(11) NOT NULL,
	  PRIMARY KEY (`category_id`, `store_id`) USING BTREE
	) ENGINE = MyISAM CHARACTER SET = utf8 COLLATE = utf8_general_ci ROW_FORMAT = Fixed;

	-- ----------------------------
	-- Records of category_to_layout
	-- ----------------------------
	INSERT INTO `category_to_layout` VALUES (60, 0, 0);
	INSERT INTO `category_to_layout` VALUES (61, 0, 0);
	INSERT INTO `category_to_layout` VALUES (59, 0, 0);
	INSERT INTO `category_to_layout` VALUES (62, 0, 0);
	INSERT INTO `category_to_layout` VALUES (63, 0, 0);
	INSERT INTO `category_to_layout` VALUES (64, 0, 0);
	INSERT INTO `category_to_layout` VALUES (65, 0, 0);
	INSERT INTO `category_to_layout` VALUES (66, 0, 0);
	INSERT INTO `category_to_layout` VALUES (67, 0, 0);
	INSERT INTO `category_to_layout` VALUES (68, 0, 0);
	INSERT INTO `category_to_layout` VALUES (69, 0, 0);
	INSERT INTO `category_to_layout` VALUES (70, 0, 0);
	INSERT INTO `category_to_layout` VALUES (71, 0, 0);
	INSERT INTO `category_to_layout` VALUES (72, 0, 0);
	INSERT INTO `category_to_layout` VALUES (73, 0, 0);
	INSERT INTO `category_to_layout` VALUES (74, 0, 0);
	INSERT INTO `category_to_layout` VALUES (75, 0, 0);
	INSERT INTO `category_to_layout` VALUES (76, 0, 0);
	INSERT INTO `category_to_layout` VALUES (77, 0, 0);
	INSERT INTO `category_to_layout` VALUES (78, 0, 0);
	INSERT INTO `category_to_layout` VALUES (79, 0, 0);
	INSERT INTO `category_to_layout` VALUES (80, 0, 0);
	INSERT INTO `category_to_layout` VALUES (81, 0, 0);

	-- ----------------------------
	-- Table structure for category_to_store
	-- ----------------------------
	DROP TABLE IF EXISTS `category_to_store`;
	CREATE TABLE `category_to_store`  (
	  `category_id` int(11) NOT NULL,
	  `store_id` int(11) NOT NULL,
	  PRIMARY KEY (`category_id`, `store_id`) USING BTREE
	) ENGINE = MyISAM CHARACTER SET = utf8 COLLATE = utf8_general_ci ROW_FORMAT = Fixed;

	-- ----------------------------
	-- Records of category_to_store
	-- ----------------------------
	INSERT INTO `category_to_store` VALUES (59, 0);
	INSERT INTO `category_to_store` VALUES (60, 0);
	INSERT INTO `category_to_store` VALUES (61, 0);
	INSERT INTO `category_to_store` VALUES (62, 0);
	INSERT INTO `category_to_store` VALUES (63, 0);
	INSERT INTO `category_to_store` VALUES (64, 0);
	INSERT INTO `category_to_store` VALUES (65, 0);
	INSERT INTO `category_to_store` VALUES (66, 0);
	INSERT INTO `category_to_store` VALUES (67, 0);
	INSERT INTO `category_to_store` VALUES (68, 0);
	INSERT INTO `category_to_store` VALUES (69, 0);
	INSERT INTO `category_to_store` VALUES (70, 0);
	INSERT INTO `category_to_store` VALUES (71, 0);
	INSERT INTO `category_to_store` VALUES (72, 0);
	INSERT INTO `category_to_store` VALUES (73, 0);
	INSERT INTO `category_to_store` VALUES (74, 0);
	INSERT INTO `category_to_store` VALUES (75, 0);
	INSERT INTO `category_to_store` VALUES (76, 0);
	INSERT INTO `category_to_store` VALUES (77, 0);
	INSERT INTO `category_to_store` VALUES (78, 0);
	INSERT INTO `category_to_store` VALUES (79, 0);
	INSERT INTO `category_to_store` VALUES (80, 0);
	INSERT INTO `category_to_store` VALUES (81, 0);

	-- ----------------------------
	-- Table structure for country
	-- ----------------------------
	DROP TABLE IF EXISTS `country`;
	CREATE TABLE `country`  (
	  `country_id` int(11) NOT NULL AUTO_INCREMENT,
	  `name` varchar(128) CHARACTER SET utf8 COLLATE utf8_general_ci NOT NULL,
	  `iso_code_2` varchar(2) CHARACTER SET utf8 COLLATE utf8_general_ci NOT NULL,
	  `iso_code_3` varchar(3) CHARACTER SET utf8 COLLATE utf8_general_ci NOT NULL,
	  `address_format` text CHARACTER SET utf8 COLLATE utf8_general_ci NOT NULL,
	  `postcode_required` tinyint(1) NOT NULL,
	  `status` tinyint(1) NOT NULL DEFAULT 1,
	  PRIMARY KEY (`country_id`) USING BTREE
	) ENGINE = MyISAM AUTO_INCREMENT = 258 CHARACTER SET = utf8 COLLATE = utf8_general_ci ROW_FORMAT = Dynamic;

	-- ----------------------------
	-- Records of country
	-- ----------------------------
	INSERT INTO `country` VALUES (1, 'Afghanistan', 'AF', 'AFG', '', 0, 1);
	INSERT INTO `country` VALUES (2, 'Albania', 'AL', 'ALB', '', 0, 1);
	INSERT INTO `country` VALUES (3, 'Algeria', 'DZ', 'DZA', '', 0, 1);
	INSERT INTO `country` VALUES (4, 'American Samoa', 'AS', 'ASM', '', 0, 1);
	INSERT INTO `country` VALUES (5, 'Andorra', 'AD', 'AND', '', 0, 1);
	INSERT INTO `country` VALUES (6, 'Angola', 'AO', 'AGO', '', 0, 1);
	INSERT INTO `country` VALUES (7, 'Anguilla', 'AI', 'AIA', '', 0, 1);
	INSERT INTO `country` VALUES (8, 'Antarctica', 'AQ', 'ATA', '', 0, 1);
	INSERT INTO `country` VALUES (9, 'Antigua and Barbuda', 'AG', 'ATG', '', 0, 1);
	INSERT INTO `country` VALUES (10, 'Argentina', 'AR', 'ARG', '', 0, 1);
	INSERT INTO `country` VALUES (11, 'Армения', 'AM', 'ARM', '', 0, 1);
	INSERT INTO `country` VALUES (12, 'Aruba', 'AW', 'ABW', '', 0, 1);
	INSERT INTO `country` VALUES (13, 'Australia', 'AU', 'AUS', '', 0, 1);
	INSERT INTO `country` VALUES (14, 'Austria', 'AT', 'AUT', '', 0, 1);
	INSERT INTO `country` VALUES (15, 'Азербайджан', 'AZ', 'AZE', '', 0, 1);
	INSERT INTO `country` VALUES (16, 'Bahamas', 'BS', 'BHS', '', 0, 1);
	INSERT INTO `country` VALUES (17, 'Bahrain', 'BH', 'BHR', '', 0, 1);
	INSERT INTO `country` VALUES (18, 'Bangladesh', 'BD', 'BGD', '', 0, 1);
	INSERT INTO `country` VALUES (19, 'Barbados', 'BB', 'BRB', '', 0, 1);
	INSERT INTO `country` VALUES (20, 'Белоруссия (Беларусь)', 'BY', 'BLR', '', 0, 1);
	INSERT INTO `country` VALUES (21, 'Belgium', 'BE', 'BEL', '{firstname} {lastname}\r\n{company}\r\n{address_1}\r\n{address_2}\r\n{postcode} {city}\r\n{country}', 0, 1);
	INSERT INTO `country` VALUES (22, 'Belize', 'BZ', 'BLZ', '', 0, 1);
	INSERT INTO `country` VALUES (23, 'Benin', 'BJ', 'BEN', '', 0, 1);
	INSERT INTO `country` VALUES (24, 'Bermuda', 'BM', 'BMU', '', 0, 1);
	INSERT INTO `country` VALUES (25, 'Bhutan', 'BT', 'BTN', '', 0, 1);
	INSERT INTO `country` VALUES (26, 'Bolivia', 'BO', 'BOL', '', 0, 1);
	INSERT INTO `country` VALUES (27, 'Bosnia and Herzegovina', 'BA', 'BIH', '', 0, 1);
	INSERT INTO `country` VALUES (28, 'Botswana', 'BW', 'BWA', '', 0, 1);
	INSERT INTO `country` VALUES (29, 'Bouvet Island', 'BV', 'BVT', '', 0, 1);
	INSERT INTO `country` VALUES (30, 'Brazil', 'BR', 'BRA', '', 0, 1);
	INSERT INTO `country` VALUES (31, 'British Indian Ocean Territory', 'IO', 'IOT', '', 0, 1);
	INSERT INTO `country` VALUES (32, 'Brunei Darussalam', 'BN', 'BRN', '', 0, 1);
	INSERT INTO `country` VALUES (33, 'Bulgaria', 'BG', 'BGR', '', 0, 1);
	INSERT INTO `country` VALUES (34, 'Burkina Faso', 'BF', 'BFA', '', 0, 1);
	INSERT INTO `country` VALUES (35, 'Burundi', 'BI', 'BDI', '', 0, 1);
	INSERT INTO `country` VALUES (36, 'Cambodia', 'KH', 'KHM', '', 0, 1);
	INSERT INTO `country` VALUES (37, 'Cameroon', 'CM', 'CMR', '', 0, 1);
	INSERT INTO `country` VALUES (38, 'Canada', 'CA', 'CAN', '', 0, 1);
	INSERT INTO `country` VALUES (39, 'Cape Verde', 'CV', 'CPV', '', 0, 1);
	INSERT INTO `country` VALUES (40, 'Cayman Islands', 'KY', 'CYM', '', 0, 1);
	INSERT INTO `country` VALUES (41, 'Central African Republic', 'CF', 'CAF', '', 0, 1);
	INSERT INTO `country` VALUES (42, 'Chad', 'TD', 'TCD', '', 0, 1);
	INSERT INTO `country` VALUES (43, 'Chile', 'CL', 'CHL', '', 0, 1);
	INSERT INTO `country` VALUES (44, 'China', 'CN', 'CHN', '', 0, 1);
	INSERT INTO `country` VALUES (45, 'Christmas Island', 'CX', 'CXR', '', 0, 1);
	INSERT INTO `country` VALUES (46, 'Cocos (Keeling) Islands', 'CC', 'CCK', '', 0, 1);
	INSERT INTO `country` VALUES (47, 'Colombia', 'CO', 'COL', '', 0, 1);
	INSERT INTO `country` VALUES (48, 'Comoros', 'KM', 'COM', '', 0, 1);
	INSERT INTO `country` VALUES (49, 'Congo', 'CG', 'COG', '', 0, 1);
	INSERT INTO `country` VALUES (50, 'Cook Islands', 'CK', 'COK', '', 0, 1);
	INSERT INTO `country` VALUES (51, 'Costa Rica', 'CR', 'CRI', '', 0, 1);
	INSERT INTO `country` VALUES (52, 'Cote D\'Ivoire', 'CI', 'CIV', '', 0, 1);
	INSERT INTO `country` VALUES (53, 'Croatia', 'HR', 'HRV', '', 0, 1);
	INSERT INTO `country` VALUES (54, 'Cuba', 'CU', 'CUB', '', 0, 1);
	INSERT INTO `country` VALUES (55, 'Cyprus', 'CY', 'CYP', '', 0, 1);
	INSERT INTO `country` VALUES (56, 'Czech Republic', 'CZ', 'CZE', '', 0, 1);
	INSERT INTO `country` VALUES (57, 'Denmark', 'DK', 'DNK', '', 0, 1);
	INSERT INTO `country` VALUES (58, 'Djibouti', 'DJ', 'DJI', '', 0, 1);
	INSERT INTO `country` VALUES (59, 'Dominica', 'DM', 'DMA', '', 0, 1);
	INSERT INTO `country` VALUES (60, 'Dominican Republic', 'DO', 'DOM', '', 0, 1);
	INSERT INTO `country` VALUES (61, 'East Timor', 'TL', 'TLS', '', 0, 1);
	INSERT INTO `country` VALUES (62, 'Ecuador', 'EC', 'ECU', '', 0, 1);
	INSERT INTO `country` VALUES (63, 'Egypt', 'EG', 'EGY', '', 0, 1);
	INSERT INTO `country` VALUES (64, 'El Salvador', 'SV', 'SLV', '', 0, 1);
	INSERT INTO `country` VALUES (65, 'Equatorial Guinea', 'GQ', 'GNQ', '', 0, 1);
	INSERT INTO `country` VALUES (66, 'Eritrea', 'ER', 'ERI', '', 0, 1);
	INSERT INTO `country` VALUES (67, 'Estonia', 'EE', 'EST', '', 0, 1);
	INSERT INTO `country` VALUES (68, 'Ethiopia', 'ET', 'ETH', '', 0, 1);
	INSERT INTO `country` VALUES (69, 'Falkland Islands (Malvinas)', 'FK', 'FLK', '', 0, 1);
	INSERT INTO `country` VALUES (70, 'Faroe Islands', 'FO', 'FRO', '', 0, 1);
	INSERT INTO `country` VALUES (71, 'Fiji', 'FJ', 'FJI', '', 0, 1);
	INSERT INTO `country` VALUES (72, 'Finland', 'FI', 'FIN', '', 0, 1);
	INSERT INTO `country` VALUES (74, 'France, Metropolitan', 'FR', 'FRA', '{firstname} {lastname}\r\n{company}\r\n{address_1}\r\n{address_2}\r\n{postcode} {city}\r\n{country}', 1, 1);
	INSERT INTO `country` VALUES (75, 'French Guiana', 'GF', 'GUF', '', 0, 1);
	INSERT INTO `country` VALUES (76, 'French Polynesia', 'PF', 'PYF', '', 0, 1);
	INSERT INTO `country` VALUES (77, 'French Southern Territories', 'TF', 'ATF', '', 0, 1);
	INSERT INTO `country` VALUES (78, 'Gabon', 'GA', 'GAB', '', 0, 1);
	INSERT INTO `country` VALUES (79, 'Gambia', 'GM', 'GMB', '', 0, 1);
	INSERT INTO `country` VALUES (80, 'Грузия', 'GE', 'GEO', '', 0, 1);
	INSERT INTO `country` VALUES (81, 'Germany', 'DE', 'DEU', '{company}\r\n{firstname} {lastname}\r\n{address_1}\r\n{address_2}\r\n{postcode} {city}\r\n{country}', 1, 1);
	INSERT INTO `country` VALUES (82, 'Ghana', 'GH', 'GHA', '', 0, 1);
	INSERT INTO `country` VALUES (83, 'Gibraltar', 'GI', 'GIB', '', 0, 1);
	INSERT INTO `country` VALUES (84, 'Greece', 'GR', 'GRC', '', 0, 1);
	INSERT INTO `country` VALUES (85, 'Greenland', 'GL', 'GRL', '', 0, 1);
	INSERT INTO `country` VALUES (86, 'Grenada', 'GD', 'GRD', '', 0, 1);
	INSERT INTO `country` VALUES (87, 'Guadeloupe', 'GP', 'GLP', '', 0, 1);
	INSERT INTO `country` VALUES (88, 'Guam', 'GU', 'GUM', '', 0, 1);
	INSERT INTO `country` VALUES (89, 'Guatemala', 'GT', 'GTM', '', 0, 1);
	INSERT INTO `country` VALUES (90, 'Guinea', 'GN', 'GIN', '', 0, 1);
	INSERT INTO `country` VALUES (91, 'Guinea-Bissau', 'GW', 'GNB', '', 0, 1);
	INSERT INTO `country` VALUES (92, 'Guyana', 'GY', 'GUY', '', 0, 1);
	INSERT INTO `country` VALUES (93, 'Haiti', 'HT', 'HTI', '', 0, 1);
	INSERT INTO `country` VALUES (94, 'Heard and Mc Donald Islands', 'HM', 'HMD', '', 0, 1);
	INSERT INTO `country` VALUES (95, 'Honduras', 'HN', 'HND', '', 0, 1);
	INSERT INTO `country` VALUES (96, 'Hong Kong', 'HK', 'HKG', '', 0, 1);
	INSERT INTO `country` VALUES (97, 'Hungary', 'HU', 'HUN', '', 0, 1);
	INSERT INTO `country` VALUES (98, 'Iceland', 'IS', 'ISL', '', 0, 1);
	INSERT INTO `country` VALUES (99, 'India', 'IN', 'IND', '', 0, 1);
	INSERT INTO `country` VALUES (100, 'Indonesia', 'ID', 'IDN', '', 0, 1);
	INSERT INTO `country` VALUES (101, 'Iran (Islamic Republic of)', 'IR', 'IRN', '', 0, 1);
	INSERT INTO `country` VALUES (102, 'Iraq', 'IQ', 'IRQ', '', 0, 1);
	INSERT INTO `country` VALUES (103, 'Ireland', 'IE', 'IRL', '', 0, 1);
	INSERT INTO `country` VALUES (104, 'Israel', 'IL', 'ISR', '', 0, 1);
	INSERT INTO `country` VALUES (105, 'Italy', 'IT', 'ITA', '', 0, 1);
	INSERT INTO `country` VALUES (106, 'Jamaica', 'JM', 'JAM', '', 0, 1);
	INSERT INTO `country` VALUES (107, 'Japan', 'JP', 'JPN', '', 0, 1);
	INSERT INTO `country` VALUES (108, 'Jordan', 'JO', 'JOR', '', 0, 1);
	INSERT INTO `country` VALUES (109, 'Казахстан', 'KZ', 'KAZ', '', 0, 1);
	INSERT INTO `country` VALUES (110, 'Kenya', 'KE', 'KEN', '', 0, 1);
	INSERT INTO `country` VALUES (111, 'Kiribati', 'KI', 'KIR', '', 0, 1);
	INSERT INTO `country` VALUES (112, 'North Korea', 'KP', 'PRK', '', 0, 1);
	INSERT INTO `country` VALUES (113, 'South Korea', 'KR', 'KOR', '', 0, 1);
	INSERT INTO `country` VALUES (114, 'Kuwait', 'KW', 'KWT', '', 0, 1);
	INSERT INTO `country` VALUES (115, 'Киргизия (Кыргызстан)', 'KG', 'KGZ', '', 0, 1);
	INSERT INTO `country` VALUES (116, 'Lao People\'s Democratic Republic', 'LA', 'LAO', '', 0, 1);
	INSERT INTO `country` VALUES (117, 'Latvia', 'LV', 'LVA', '', 0, 1);
	INSERT INTO `country` VALUES (118, 'Lebanon', 'LB', 'LBN', '', 0, 1);
	INSERT INTO `country` VALUES (119, 'Lesotho', 'LS', 'LSO', '', 0, 1);
	INSERT INTO `country` VALUES (120, 'Liberia', 'LR', 'LBR', '', 0, 1);
	INSERT INTO `country` VALUES (121, 'Libyan Arab Jamahiriya', 'LY', 'LBY', '', 0, 1);
	INSERT INTO `country` VALUES (122, 'Liechtenstein', 'LI', 'LIE', '', 0, 1);
	INSERT INTO `country` VALUES (123, 'Lithuania', 'LT', 'LTU', '', 0, 1);
	INSERT INTO `country` VALUES (124, 'Luxembourg', 'LU', 'LUX', '', 0, 1);
	INSERT INTO `country` VALUES (125, 'Macau', 'MO', 'MAC', '', 0, 1);
	INSERT INTO `country` VALUES (126, 'FYROM', 'MK', 'MKD', '', 0, 1);
	INSERT INTO `country` VALUES (127, 'Madagascar', 'MG', 'MDG', '', 0, 1);
	INSERT INTO `country` VALUES (128, 'Malawi', 'MW', 'MWI', '', 0, 1);
	INSERT INTO `country` VALUES (129, 'Malaysia', 'MY', 'MYS', '', 0, 1);
	INSERT INTO `country` VALUES (130, 'Maldives', 'MV', 'MDV', '', 0, 1);
	INSERT INTO `country` VALUES (131, 'Mali', 'ML', 'MLI', '', 0, 1);
	INSERT INTO `country` VALUES (132, 'Malta', 'MT', 'MLT', '', 0, 1);
	INSERT INTO `country` VALUES (133, 'Marshall Islands', 'MH', 'MHL', '', 0, 1);
	INSERT INTO `country` VALUES (134, 'Martinique', 'MQ', 'MTQ', '', 0, 1);
	INSERT INTO `country` VALUES (135, 'Mauritania', 'MR', 'MRT', '', 0, 1);
	INSERT INTO `country` VALUES (136, 'Mauritius', 'MU', 'MUS', '', 0, 1);
	INSERT INTO `country` VALUES (137, 'Mayotte', 'YT', 'MYT', '', 0, 1);
	INSERT INTO `country` VALUES (138, 'Mexico', 'MX', 'MEX', '', 0, 1);
	INSERT INTO `country` VALUES (139, 'Micronesia, Federated States of', 'FM', 'FSM', '', 0, 1);
	INSERT INTO `country` VALUES (140, 'Молдова', 'MD', 'MDA', '', 0, 1);
	INSERT INTO `country` VALUES (141, 'Monaco', 'MC', 'MCO', '', 0, 1);
	INSERT INTO `country` VALUES (142, 'Mongolia', 'MN', 'MNG', '', 0, 1);
	INSERT INTO `country` VALUES (143, 'Montserrat', 'MS', 'MSR', '', 0, 1);
	INSERT INTO `country` VALUES (144, 'Morocco', 'MA', 'MAR', '', 0, 1);
	INSERT INTO `country` VALUES (145, 'Mozambique', 'MZ', 'MOZ', '', 0, 1);
	INSERT INTO `country` VALUES (146, 'Myanmar', 'MM', 'MMR', '', 0, 1);
	INSERT INTO `country` VALUES (147, 'Namibia', 'NA', 'NAM', '', 0, 1);
	INSERT INTO `country` VALUES (148, 'Nauru', 'NR', 'NRU', '', 0, 1);
	INSERT INTO `country` VALUES (149, 'Nepal', 'NP', 'NPL', '', 0, 1);
	INSERT INTO `country` VALUES (150, 'Netherlands', 'NL', 'NLD', '', 0, 1);
	INSERT INTO `country` VALUES (151, 'Netherlands Antilles', 'AN', 'ANT', '', 0, 1);
	INSERT INTO `country` VALUES (152, 'New Caledonia', 'NC', 'NCL', '', 0, 1);
	INSERT INTO `country` VALUES (153, 'New Zealand', 'NZ', 'NZL', '', 0, 1);
	INSERT INTO `country` VALUES (154, 'Nicaragua', 'NI', 'NIC', '', 0, 1);
	INSERT INTO `country` VALUES (155, 'Niger', 'NE', 'NER', '', 0, 1);
	INSERT INTO `country` VALUES (156, 'Nigeria', 'NG', 'NGA', '', 0, 1);
	INSERT INTO `country` VALUES (157, 'Niue', 'NU', 'NIU', '', 0, 1);
	INSERT INTO `country` VALUES (158, 'Norfolk Island', 'NF', 'NFK', '', 0, 1);
	INSERT INTO `country` VALUES (159, 'Northern Mariana Islands', 'MP', 'MNP', '', 0, 1);
	INSERT INTO `country` VALUES (160, 'Norway', 'NO', 'NOR', '', 0, 1);
	INSERT INTO `country` VALUES (161, 'Oman', 'OM', 'OMN', '', 0, 1);
	INSERT INTO `country` VALUES (162, 'Pakistan', 'PK', 'PAK', '', 0, 1);
	INSERT INTO `country` VALUES (163, 'Palau', 'PW', 'PLW', '', 0, 1);
	INSERT INTO `country` VALUES (164, 'Panama', 'PA', 'PAN', '', 0, 1);
	INSERT INTO `country` VALUES (165, 'Papua New Guinea', 'PG', 'PNG', '', 0, 1);
	INSERT INTO `country` VALUES (166, 'Paraguay', 'PY', 'PRY', '', 0, 1);
	INSERT INTO `country` VALUES (167, 'Peru', 'PE', 'PER', '', 0, 1);
	INSERT INTO `country` VALUES (168, 'Philippines', 'PH', 'PHL', '', 0, 1);
	INSERT INTO `country` VALUES (169, 'Pitcairn', 'PN', 'PCN', '', 0, 1);
	INSERT INTO `country` VALUES (170, 'Poland', 'PL', 'POL', '', 0, 1);
	INSERT INTO `country` VALUES (171, 'Portugal', 'PT', 'PRT', '', 0, 1);
	INSERT INTO `country` VALUES (172, 'Puerto Rico', 'PR', 'PRI', '', 0, 1);
	INSERT INTO `country` VALUES (173, 'Qatar', 'QA', 'QAT', '', 0, 1);
	INSERT INTO `country` VALUES (174, 'Reunion', 'RE', 'REU', '', 0, 1);
	INSERT INTO `country` VALUES (175, 'Romania', 'RO', 'ROM', '', 0, 1);
	INSERT INTO `country` VALUES (176, 'Российская Федерация', 'RU', 'RUS', '', 0, 1);
	INSERT INTO `country` VALUES (177, 'Rwanda', 'RW', 'RWA', '', 0, 1);
	INSERT INTO `country` VALUES (178, 'Saint Kitts and Nevis', 'KN', 'KNA', '', 0, 1);
	INSERT INTO `country` VALUES (179, 'Saint Lucia', 'LC', 'LCA', '', 0, 1);
	INSERT INTO `country` VALUES (180, 'Saint Vincent and the Grenadines', 'VC', 'VCT', '', 0, 1);
	INSERT INTO `country` VALUES (181, 'Samoa', 'WS', 'WSM', '', 0, 1);
	INSERT INTO `country` VALUES (182, 'San Marino', 'SM', 'SMR', '', 0, 1);
	INSERT INTO `country` VALUES (183, 'Sao Tome and Principe', 'ST', 'STP', '', 0, 1);
	INSERT INTO `country` VALUES (184, 'Saudi Arabia', 'SA', 'SAU', '', 0, 1);
	INSERT INTO `country` VALUES (185, 'Senegal', 'SN', 'SEN', '', 0, 1);
	INSERT INTO `country` VALUES (186, 'Seychelles', 'SC', 'SYC', '', 0, 1);
	INSERT INTO `country` VALUES (187, 'Sierra Leone', 'SL', 'SLE', '', 0, 1);
	INSERT INTO `country` VALUES (188, 'Singapore', 'SG', 'SGP', '', 0, 1);
	INSERT INTO `country` VALUES (189, 'Slovak Republic', 'SK', 'SVK', '{firstname} {lastname}\r\n{company}\r\n{address_1}\r\n{address_2}\r\n{city} {postcode}\r\n{zone}\r\n{country}', 0, 1);
	INSERT INTO `country` VALUES (190, 'Slovenia', 'SI', 'SVN', '', 0, 1);
	INSERT INTO `country` VALUES (191, 'Solomon Islands', 'SB', 'SLB', '', 0, 1);
	INSERT INTO `country` VALUES (192, 'Somalia', 'SO', 'SOM', '', 0, 1);
	INSERT INTO `country` VALUES (193, 'South Africa', 'ZA', 'ZAF', '', 0, 1);
	INSERT INTO `country` VALUES (194, 'South Georgia &amp; South Sandwich Islands', 'GS', 'SGS', '', 0, 1);
	INSERT INTO `country` VALUES (195, 'Spain', 'ES', 'ESP', '', 0, 1);
	INSERT INTO `country` VALUES (196, 'Sri Lanka', 'LK', 'LKA', '', 0, 1);
	INSERT INTO `country` VALUES (197, 'St. Helena', 'SH', 'SHN', '', 0, 1);
	INSERT INTO `country` VALUES (198, 'St. Pierre and Miquelon', 'PM', 'SPM', '', 0, 1);
	INSERT INTO `country` VALUES (199, 'Sudan', 'SD', 'SDN', '', 0, 1);
	INSERT INTO `country` VALUES (200, 'Suriname', 'SR', 'SUR', '', 0, 1);
	INSERT INTO `country` VALUES (201, 'Svalbard and Jan Mayen Islands', 'SJ', 'SJM', '', 0, 1);
	INSERT INTO `country` VALUES (202, 'Swaziland', 'SZ', 'SWZ', '', 0, 1);
	INSERT INTO `country` VALUES (203, 'Sweden', 'SE', 'SWE', '{company}\r\n{firstname} {lastname}\r\n{address_1}\r\n{address_2}\r\n{postcode} {city}\r\n{country}', 1, 1);
	INSERT INTO `country` VALUES (204, 'Switzerland', 'CH', 'CHE', '', 0, 1);
	INSERT INTO `country` VALUES (205, 'Syrian Arab Republic', 'SY', 'SYR', '', 0, 1);
	INSERT INTO `country` VALUES (206, 'Taiwan', 'TW', 'TWN', '', 0, 1);
	INSERT INTO `country` VALUES (207, 'Таджикистан', 'TJ', 'TJK', '', 0, 1);
	INSERT INTO `country` VALUES (208, 'Tanzania, United Republic of', 'TZ', 'TZA', '', 0, 1);
	INSERT INTO `country` VALUES (209, 'Thailand', 'TH', 'THA', '', 0, 1);
	INSERT INTO `country` VALUES (210, 'Togo', 'TG', 'TGO', '', 0, 1);
	INSERT INTO `country` VALUES (211, 'Tokelau', 'TK', 'TKL', '', 0, 1);
	INSERT INTO `country` VALUES (212, 'Tonga', 'TO', 'TON', '', 0, 1);
	INSERT INTO `country` VALUES (213, 'Trinidad and Tobago', 'TT', 'TTO', '', 0, 1);
	INSERT INTO `country` VALUES (214, 'Tunisia', 'TN', 'TUN', '', 0, 1);
	INSERT INTO `country` VALUES (215, 'Turkey', 'TR', 'TUR', '', 0, 1);
	INSERT INTO `country` VALUES (216, 'Туркменистан', 'TM', 'TKM', '', 0, 1);
	INSERT INTO `country` VALUES (217, 'Turks and Caicos Islands', 'TC', 'TCA', '', 0, 1);
	INSERT INTO `country` VALUES (218, 'Tuvalu', 'TV', 'TUV', '', 0, 1);
	INSERT INTO `country` VALUES (219, 'Uganda', 'UG', 'UGA', '', 0, 1);
	INSERT INTO `country` VALUES (220, 'Украина', 'UA', 'UKR', '', 0, 1);
	INSERT INTO `country` VALUES (221, 'United Arab Emirates', 'AE', 'ARE', '', 0, 1);
	INSERT INTO `country` VALUES (222, 'United Kingdom', 'GB', 'GBR', '', 1, 1);
	INSERT INTO `country` VALUES (223, 'United States', 'US', 'USA', '{firstname} {lastname}\r\n{company}\r\n{address_1}\r\n{address_2}\r\n{city}, {zone} {postcode}\r\n{country}', 0, 1);
	INSERT INTO `country` VALUES (224, 'United States Minor Outlying Islands', 'UM', 'UMI', '', 0, 1);
	INSERT INTO `country` VALUES (225, 'Uruguay', 'UY', 'URY', '', 0, 1);
	INSERT INTO `country` VALUES (226, 'Узбекистан', 'UZ', 'UZB', '', 0, 1);
	INSERT INTO `country` VALUES (227, 'Vanuatu', 'VU', 'VUT', '', 0, 1);
	INSERT INTO `country` VALUES (228, 'Vatican City State (Holy See)', 'VA', 'VAT', '', 0, 1);
	INSERT INTO `country` VALUES (229, 'Venezuela', 'VE', 'VEN', '', 0, 1);
	INSERT INTO `country` VALUES (230, 'Viet Nam', 'VN', 'VNM', '', 0, 1);
	INSERT INTO `country` VALUES (231, 'Virgin Islands (British)', 'VG', 'VGB', '', 0, 1);
	INSERT INTO `country` VALUES (232, 'Virgin Islands (U.S.)', 'VI', 'VIR', '', 0, 1);
	INSERT INTO `country` VALUES (233, 'Wallis and Futuna Islands', 'WF', 'WLF', '', 0, 1);
	INSERT INTO `country` VALUES (234, 'Western Sahara', 'EH', 'ESH', '', 0, 1);
	INSERT INTO `country` VALUES (235, 'Yemen', 'YE', 'YEM', '', 0, 1);
	INSERT INTO `country` VALUES (237, 'Democratic Republic of Congo', 'CD', 'COD', '', 0, 1);
	INSERT INTO `country` VALUES (238, 'Zambia', 'ZM', 'ZMB', '', 0, 1);
	INSERT INTO `country` VALUES (239, 'Zimbabwe', 'ZW', 'ZWE', '', 0, 1);
	INSERT INTO `country` VALUES (242, 'Montenegro', 'ME', 'MNE', '', 0, 1);
	INSERT INTO `country` VALUES (243, 'Serbia', 'RS', 'SRB', '', 0, 1);
	INSERT INTO `country` VALUES (244, 'Aaland Islands', 'AX', 'ALA', '', 0, 1);
	INSERT INTO `country` VALUES (245, 'Bonaire, Sint Eustatius and Saba', 'BQ', 'BES', '', 0, 1);
	INSERT INTO `country` VALUES (246, 'Curacao', 'CW', 'CUW', '', 0, 1);
	INSERT INTO `country` VALUES (247, 'Palestinian Territory, Occupied', 'PS', 'PSE', '', 0, 1);
	INSERT INTO `country` VALUES (248, 'South Sudan', 'SS', 'SSD', '', 0, 1);
	INSERT INTO `country` VALUES (249, 'St. Barthelemy', 'BL', 'BLM', '', 0, 1);
	INSERT INTO `country` VALUES (250, 'St. Martin (French part)', 'MF', 'MAF', '', 0, 1);
	INSERT INTO `country` VALUES (251, 'Canary Islands', 'IC', 'ICA', '', 0, 1);
	INSERT INTO `country` VALUES (252, 'Ascension Island (British)', 'AC', 'ASC', '', 0, 1);
	INSERT INTO `country` VALUES (253, 'Kosovo, Republic of', 'XK', 'UNK', '', 0, 1);
	INSERT INTO `country` VALUES (254, 'Isle of Man', 'IM', 'IMN', '', 0, 1);
	INSERT INTO `country` VALUES (255, 'Tristan da Cunha', 'TA', 'SHN', '', 0, 1);
	INSERT INTO `country` VALUES (256, 'Guernsey', 'GG', 'GGY', '', 0, 1);
	INSERT INTO `country` VALUES (257, 'Jersey', 'JE', 'JEY', '', 0, 1);

	-- ----------------------------
	-- Table structure for coupon
	-- ----------------------------
	DROP TABLE IF EXISTS `coupon`;
	CREATE TABLE `coupon`  (
	  `coupon_id` int(11) NOT NULL AUTO_INCREMENT,
	  `name` varchar(128) CHARACTER SET utf8 COLLATE utf8_general_ci NOT NULL,
	  `code` varchar(20) CHARACTER SET utf8 COLLATE utf8_general_ci NOT NULL,
	  `type` char(1) CHARACTER SET utf8 COLLATE utf8_general_ci NOT NULL,
	  `discount` decimal(15, 4) NOT NULL,
	  `logged` tinyint(1) NOT NULL,
	  `shipping` tinyint(1) NOT NULL,
	  `total` decimal(15, 4) NOT NULL,
	  `date_start` date NOT NULL DEFAULT '1970-01-01',
	  `date_end` date NOT NULL DEFAULT '1970-01-01',
	  `uses_total` int(11) NOT NULL,
	  `uses_customer` varchar(11) CHARACTER SET utf8 COLLATE utf8_general_ci NOT NULL,
	  `status` tinyint(1) NOT NULL,
	  `date_added` datetime(0) NOT NULL,
	  PRIMARY KEY (`coupon_id`) USING BTREE
	) ENGINE = MyISAM AUTO_INCREMENT = 7 CHARACTER SET = utf8 COLLATE = utf8_general_ci ROW_FORMAT = Dynamic;

	-- ----------------------------
	-- Records of coupon
	-- ----------------------------
	INSERT INTO `coupon` VALUES (4, '-10% Discount', '2222', 'P', 10.0000, 0, 0, 0.0000, '2014-01-01', '2020-01-01', 10, '10', 0, '2009-01-27 13:55:03');
	INSERT INTO `coupon` VALUES (5, 'Free Shipping', '3333', 'P', 0.0000, 0, 1, 100.0000, '2014-01-01', '2014-02-01', 10, '10', 0, '2009-03-14 21:13:53');
	INSERT INTO `coupon` VALUES (6, '-10.00 Discount', '1111', 'F', 10.0000, 0, 0, 10.0000, '2014-01-01', '2020-01-01', 100000, '10000', 0, '2009-03-14 21:15:18');

	-- ----------------------------
	-- Table structure for coupon_category
	-- ----------------------------
	DROP TABLE IF EXISTS `coupon_category`;
	CREATE TABLE `coupon_category`  (
	  `coupon_id` int(11) NOT NULL,
	  `category_id` int(11) NOT NULL,
	  PRIMARY KEY (`coupon_id`, `category_id`) USING BTREE
	) ENGINE = MyISAM CHARACTER SET = utf8 COLLATE = utf8_general_ci ROW_FORMAT = Fixed;

	-- ----------------------------
	-- Table structure for coupon_history
	-- ----------------------------
	DROP TABLE IF EXISTS `coupon_history`;
	CREATE TABLE `coupon_history`  (
	  `coupon_history_id` int(11) NOT NULL AUTO_INCREMENT,
	  `coupon_id` int(11) NOT NULL,
	  `order_id` int(11) NOT NULL,
	  `customer_id` int(11) NOT NULL,
	  `amount` decimal(15, 4) NOT NULL,
	  `date_added` datetime(0) NOT NULL,
	  PRIMARY KEY (`coupon_history_id`) USING BTREE
	) ENGINE = MyISAM AUTO_INCREMENT = 1 CHARACTER SET = utf8 COLLATE = utf8_general_ci ROW_FORMAT = Fixed;

	-- ----------------------------
	-- Table structure for coupon_product
	-- ----------------------------
	DROP TABLE IF EXISTS `coupon_product`;
	CREATE TABLE `coupon_product`  (
	  `coupon_product_id` int(11) NOT NULL AUTO_INCREMENT,
	  `coupon_id` int(11) NOT NULL,
	  `product_id` int(11) NOT NULL,
	  PRIMARY KEY (`coupon_product_id`) USING BTREE
	) ENGINE = MyISAM AUTO_INCREMENT = 1 CHARACTER SET = utf8 COLLATE = utf8_general_ci ROW_FORMAT = Fixed;

	-- ----------------------------
	-- Table structure for currency
	-- ----------------------------
	DROP TABLE IF EXISTS `currency`;
	CREATE TABLE `currency`  (
	  `currency_id` int(11) NOT NULL AUTO_INCREMENT,
	  `title` varchar(32) CHARACTER SET utf8 COLLATE utf8_general_ci NOT NULL,
	  `code` varchar(3) CHARACTER SET utf8 COLLATE utf8_general_ci NOT NULL,
	  `symbol_left` varchar(12) CHARACTER SET utf8 COLLATE utf8_general_ci NOT NULL,
	  `symbol_right` varchar(12) CHARACTER SET utf8 COLLATE utf8_general_ci NOT NULL,
	  `decimal_place` char(1) CHARACTER SET utf8 COLLATE utf8_general_ci NOT NULL,
	  `value` double(15, 8) NOT NULL,
	  `status` tinyint(1) NOT NULL,
	  `date_modified` datetime(0) NOT NULL,
	  PRIMARY KEY (`currency_id`) USING BTREE
	) ENGINE = MyISAM AUTO_INCREMENT = 6 CHARACTER SET = utf8 COLLATE = utf8_general_ci ROW_FORMAT = Dynamic;

	-- ----------------------------
	-- Records of currency
	-- ----------------------------
	INSERT INTO `currency` VALUES (1, 'Рубль', 'BYN', '', 'BYN', '0', 1.00000000, 1, '2019-03-05 11:30:48');
	INSERT INTO `currency` VALUES (2, 'US Dollar', 'USD', '$', '', '0', 1.00000000, 1, '2019-02-22 13:50:05');
	INSERT INTO `currency` VALUES (3, 'Euro', 'EUR', '', '€', '0', 2.45000000, 1, '2019-02-22 13:49:59');
	INSERT INTO `currency` VALUES (5, 'Рос руб', 'RUB', '0', '', '0', 1.00000000, 1, '2019-02-25 11:18:57');

	-- ----------------------------
	-- Table structure for custom_field
	-- ----------------------------
	DROP TABLE IF EXISTS `custom_field`;
	CREATE TABLE `custom_field`  (
	  `custom_field_id` int(11) NOT NULL AUTO_INCREMENT,
	  `type` varchar(32) CHARACTER SET utf8 COLLATE utf8_general_ci NOT NULL,
	  `value` text CHARACTER SET utf8 COLLATE utf8_general_ci NOT NULL,
	  `validation` varchar(255) CHARACTER SET utf8 COLLATE utf8_general_ci NOT NULL,
	  `location` varchar(10) CHARACTER SET utf8 COLLATE utf8_general_ci NOT NULL,
	  `status` tinyint(1) NOT NULL,
	  `sort_order` int(3) NOT NULL,
	  PRIMARY KEY (`custom_field_id`) USING BTREE
	) ENGINE = MyISAM AUTO_INCREMENT = 1 CHARACTER SET = utf8 COLLATE = utf8_general_ci ROW_FORMAT = Dynamic;

	-- ----------------------------
	-- Table structure for custom_field_customer_group
	-- ----------------------------
	DROP TABLE IF EXISTS `custom_field_customer_group`;
	CREATE TABLE `custom_field_customer_group`  (
	  `custom_field_id` int(11) NOT NULL,
	  `customer_group_id` int(11) NOT NULL,
	  `required` tinyint(1) NOT NULL,
	  PRIMARY KEY (`custom_field_id`, `customer_group_id`) USING BTREE
	) ENGINE = MyISAM CHARACTER SET = utf8 COLLATE = utf8_general_ci ROW_FORMAT = Fixed;

	-- ----------------------------
	-- Table structure for custom_field_description
	-- ----------------------------
	DROP TABLE IF EXISTS `custom_field_description`;
	CREATE TABLE `custom_field_description`  (
	  `custom_field_id` int(11) NOT NULL,
	  `language_id` int(11) NOT NULL,
	  `name` varchar(128) CHARACTER SET utf8 COLLATE utf8_general_ci NOT NULL,
	  PRIMARY KEY (`custom_field_id`, `language_id`) USING BTREE
	) ENGINE = MyISAM CHARACTER SET = utf8 COLLATE = utf8_general_ci ROW_FORMAT = Dynamic;

	-- ----------------------------
	-- Table structure for custom_field_value
	-- ----------------------------
	DROP TABLE IF EXISTS `custom_field_value`;
	CREATE TABLE `custom_field_value`  (
	  `custom_field_value_id` int(11) NOT NULL AUTO_INCREMENT,
	  `custom_field_id` int(11) NOT NULL,
	  `sort_order` int(3) NOT NULL,
	  PRIMARY KEY (`custom_field_value_id`) USING BTREE
	) ENGINE = MyISAM AUTO_INCREMENT = 1 CHARACTER SET = utf8 COLLATE = utf8_general_ci ROW_FORMAT = Fixed;

	-- ----------------------------
	-- Table structure for custom_field_value_description
	-- ----------------------------
	DROP TABLE IF EXISTS `custom_field_value_description`;
	CREATE TABLE `custom_field_value_description`  (
	  `custom_field_value_id` int(11) NOT NULL,
	  `language_id` int(11) NOT NULL,
	  `custom_field_id` int(11) NOT NULL,
	  `name` varchar(128) CHARACTER SET utf8 COLLATE utf8_general_ci NOT NULL,
	  PRIMARY KEY (`custom_field_value_id`, `language_id`) USING BTREE
	) ENGINE = MyISAM CHARACTER SET = utf8 COLLATE = utf8_general_ci ROW_FORMAT = Dynamic;

	-- ----------------------------
	-- Table structure for customer
	-- ----------------------------
	DROP TABLE IF EXISTS `customer`;
	CREATE TABLE `customer`  (
	  `customer_id` int(11) NOT NULL AUTO_INCREMENT,
	  `customer_group_id` int(11) NOT NULL,
	  `store_id` int(11) NOT NULL DEFAULT 0,
	  `language_id` int(11) NOT NULL,
	  `firstname` varchar(32) CHARACTER SET utf8 COLLATE utf8_general_ci NOT NULL,
	  `lastname` varchar(32) CHARACTER SET utf8 COLLATE utf8_general_ci NOT NULL,
	  `email` varchar(96) CHARACTER SET utf8 COLLATE utf8_general_ci NOT NULL,
	  `telephone` varchar(32) CHARACTER SET utf8 COLLATE utf8_general_ci NOT NULL,
	  `fax` varchar(32) CHARACTER SET utf8 COLLATE utf8_general_ci NOT NULL,
	  `password` varchar(40) CHARACTER SET utf8 COLLATE utf8_general_ci NOT NULL,
	  `salt` varchar(9) CHARACTER SET utf8 COLLATE utf8_general_ci NOT NULL,
	  `cart` text CHARACTER SET utf8 COLLATE utf8_general_ci NULL,
	  `wishlist` text CHARACTER SET utf8 COLLATE utf8_general_ci NULL,
	  `newsletter` tinyint(1) NOT NULL DEFAULT 0,
	  `address_id` int(11) NOT NULL DEFAULT 0,
	  `custom_field` text CHARACTER SET utf8 COLLATE utf8_general_ci NOT NULL,
	  `ip` varchar(40) CHARACTER SET utf8 COLLATE utf8_general_ci NOT NULL,
	  `status` tinyint(1) NOT NULL,
	  `safe` tinyint(1) NOT NULL,
	  `token` text CHARACTER SET utf8 COLLATE utf8_general_ci NOT NULL,
	  `code` varchar(40) CHARACTER SET utf8 COLLATE utf8_general_ci NOT NULL,
	  `date_added` datetime(0) NOT NULL,
	  PRIMARY KEY (`customer_id`) USING BTREE
	) ENGINE = MyISAM AUTO_INCREMENT = 1 CHARACTER SET = utf8 COLLATE = utf8_general_ci ROW_FORMAT = Dynamic;

	-- ----------------------------
	-- Table structure for customer_activity
	-- ----------------------------
	DROP TABLE IF EXISTS `customer_activity`;
	CREATE TABLE `customer_activity`  (
	  `customer_activity_id` int(11) NOT NULL AUTO_INCREMENT,
	  `customer_id` int(11) NOT NULL,
	  `key` varchar(64) CHARACTER SET utf8 COLLATE utf8_general_ci NOT NULL,
	  `data` text CHARACTER SET utf8 COLLATE utf8_general_ci NOT NULL,
	  `ip` varchar(40) CHARACTER SET utf8 COLLATE utf8_general_ci NOT NULL,
	  `date_added` datetime(0) NOT NULL,
	  PRIMARY KEY (`customer_activity_id`) USING BTREE
	) ENGINE = MyISAM AUTO_INCREMENT = 1 CHARACTER SET = utf8 COLLATE = utf8_general_ci ROW_FORMAT = Dynamic;

	-- ----------------------------
	-- Table structure for customer_affiliate
	-- ----------------------------
	DROP TABLE IF EXISTS `customer_affiliate`;
	CREATE TABLE `customer_affiliate`  (
	  `customer_id` int(11) NOT NULL,
	  `company` varchar(40) CHARACTER SET utf8 COLLATE utf8_general_ci NOT NULL,
	  `website` varchar(255) CHARACTER SET utf8 COLLATE utf8_general_ci NOT NULL,
	  `tracking` varchar(64) CHARACTER SET utf8 COLLATE utf8_general_ci NOT NULL,
	  `commission` decimal(4, 2) NOT NULL DEFAULT 0.00,
	  `tax` varchar(64) CHARACTER SET utf8 COLLATE utf8_general_ci NOT NULL,
	  `payment` varchar(6) CHARACTER SET utf8 COLLATE utf8_general_ci NOT NULL,
	  `cheque` varchar(100) CHARACTER SET utf8 COLLATE utf8_general_ci NOT NULL,
	  `paypal` varchar(64) CHARACTER SET utf8 COLLATE utf8_general_ci NOT NULL,
	  `bank_name` varchar(64) CHARACTER SET utf8 COLLATE utf8_general_ci NOT NULL,
	  `bank_branch_number` varchar(64) CHARACTER SET utf8 COLLATE utf8_general_ci NOT NULL,
	  `bank_swift_code` varchar(64) CHARACTER SET utf8 COLLATE utf8_general_ci NOT NULL,
	  `bank_account_name` varchar(64) CHARACTER SET utf8 COLLATE utf8_general_ci NOT NULL,
	  `bank_account_number` varchar(64) CHARACTER SET utf8 COLLATE utf8_general_ci NOT NULL,
	  `custom_field` text CHARACTER SET utf8 COLLATE utf8_general_ci NOT NULL,
	  `status` tinyint(1) NOT NULL,
	  `date_added` datetime(0) NOT NULL,
	  PRIMARY KEY (`customer_id`) USING BTREE
	) ENGINE = MyISAM CHARACTER SET = utf8 COLLATE = utf8_general_ci ROW_FORMAT = Dynamic;

	-- ----------------------------
	-- Table structure for customer_approval
	-- ----------------------------
	DROP TABLE IF EXISTS `customer_approval`;
	CREATE TABLE `customer_approval`  (
	  `customer_approval_id` int(11) NOT NULL AUTO_INCREMENT,
	  `customer_id` int(11) NOT NULL,
	  `type` varchar(9) CHARACTER SET utf8 COLLATE utf8_general_ci NOT NULL,
	  `date_added` datetime(0) NOT NULL,
	  PRIMARY KEY (`customer_approval_id`) USING BTREE
	) ENGINE = MyISAM AUTO_INCREMENT = 1 CHARACTER SET = utf8 COLLATE = utf8_general_ci ROW_FORMAT = Dynamic;

	-- ----------------------------
	-- Table structure for customer_group
	-- ----------------------------
	DROP TABLE IF EXISTS `customer_group`;
	CREATE TABLE `customer_group`  (
	  `customer_group_id` int(11) NOT NULL AUTO_INCREMENT,
	  `approval` int(1) NOT NULL,
	  `sort_order` int(3) NOT NULL,
	  PRIMARY KEY (`customer_group_id`) USING BTREE
	) ENGINE = MyISAM AUTO_INCREMENT = 2 CHARACTER SET = utf8 COLLATE = utf8_general_ci ROW_FORMAT = Fixed;

	-- ----------------------------
	-- Records of customer_group
	-- ----------------------------
	INSERT INTO `customer_group` VALUES (1, 0, 1);

	-- ----------------------------
	-- Table structure for customer_group_description
	-- ----------------------------
	DROP TABLE IF EXISTS `customer_group_description`;
	CREATE TABLE `customer_group_description`  (
	  `customer_group_id` int(11) NOT NULL,
	  `language_id` int(11) NOT NULL,
	  `name` varchar(32) CHARACTER SET utf8 COLLATE utf8_general_ci NOT NULL,
	  `description` text CHARACTER SET utf8 COLLATE utf8_general_ci NOT NULL,
	  PRIMARY KEY (`customer_group_id`, `language_id`) USING BTREE
	) ENGINE = MyISAM CHARACTER SET = utf8 COLLATE = utf8_general_ci ROW_FORMAT = Dynamic;

	-- ----------------------------
	-- Records of customer_group_description
	-- ----------------------------
	INSERT INTO `customer_group_description` VALUES (1, 1, 'Default', 'test');

	-- ----------------------------
	-- Table structure for customer_history
	-- ----------------------------
	DROP TABLE IF EXISTS `customer_history`;
	CREATE TABLE `customer_history`  (
	  `customer_history_id` int(11) NOT NULL AUTO_INCREMENT,
	  `customer_id` int(11) NOT NULL,
	  `comment` text CHARACTER SET utf8 COLLATE utf8_general_ci NOT NULL,
	  `date_added` datetime(0) NOT NULL,
	  PRIMARY KEY (`customer_history_id`) USING BTREE
	) ENGINE = MyISAM AUTO_INCREMENT = 1 CHARACTER SET = utf8 COLLATE = utf8_general_ci ROW_FORMAT = Dynamic;

	-- ----------------------------
	-- Table structure for customer_ip
	-- ----------------------------
	DROP TABLE IF EXISTS `customer_ip`;
	CREATE TABLE `customer_ip`  (
	  `customer_ip_id` int(11) NOT NULL AUTO_INCREMENT,
	  `customer_id` int(11) NOT NULL,
	  `ip` varchar(40) CHARACTER SET utf8 COLLATE utf8_general_ci NOT NULL,
	  `date_added` datetime(0) NOT NULL,
	  PRIMARY KEY (`customer_ip_id`) USING BTREE,
	  INDEX `ip`(`ip`) USING BTREE
	) ENGINE = MyISAM AUTO_INCREMENT = 1 CHARACTER SET = utf8 COLLATE = utf8_general_ci ROW_FORMAT = Dynamic;

	-- ----------------------------
	-- Table structure for customer_login
	-- ----------------------------
	DROP TABLE IF EXISTS `customer_login`;
	CREATE TABLE `customer_login`  (
	  `customer_login_id` int(11) NOT NULL AUTO_INCREMENT,
	  `email` varchar(96) CHARACTER SET utf8 COLLATE utf8_general_ci NOT NULL,
	  `ip` varchar(40) CHARACTER SET utf8 COLLATE utf8_general_ci NOT NULL,
	  `total` int(4) NOT NULL,
	  `date_added` datetime(0) NOT NULL,
	  `date_modified` datetime(0) NOT NULL,
	  PRIMARY KEY (`customer_login_id`) USING BTREE,
	  INDEX `email`(`email`) USING BTREE,
	  INDEX `ip`(`ip`) USING BTREE
	) ENGINE = MyISAM AUTO_INCREMENT = 2 CHARACTER SET = utf8 COLLATE = utf8_general_ci ROW_FORMAT = Dynamic;

	-- ----------------------------
	-- Records of customer_login
	-- ----------------------------
	INSERT INTO `customer_login` VALUES (1, '', '192.168.88.65', 3, '2019-02-15 08:14:54', '2019-02-15 08:14:59');

	-- ----------------------------
	-- Table structure for customer_online
	-- ----------------------------
	DROP TABLE IF EXISTS `customer_online`;
	CREATE TABLE `customer_online`  (
	  `ip` varchar(40) CHARACTER SET utf8 COLLATE utf8_general_ci NOT NULL,
	  `customer_id` int(11) NOT NULL,
	  `url` text CHARACTER SET utf8 COLLATE utf8_general_ci NOT NULL,
	  `referer` text CHARACTER SET utf8 COLLATE utf8_general_ci NOT NULL,
	  `date_added` datetime(0) NOT NULL,
	  PRIMARY KEY (`ip`) USING BTREE
	) ENGINE = MyISAM CHARACTER SET = utf8 COLLATE = utf8_general_ci ROW_FORMAT = Dynamic;

	-- ----------------------------
	-- Table structure for customer_reward
	-- ----------------------------
	DROP TABLE IF EXISTS `customer_reward`;
	CREATE TABLE `customer_reward`  (
	  `customer_reward_id` int(11) NOT NULL AUTO_INCREMENT,
	  `customer_id` int(11) NOT NULL DEFAULT 0,
	  `order_id` int(11) NOT NULL DEFAULT 0,
	  `description` text CHARACTER SET utf8 COLLATE utf8_general_ci NOT NULL,
	  `points` int(8) NOT NULL DEFAULT 0,
	  `date_added` datetime(0) NOT NULL,
	  PRIMARY KEY (`customer_reward_id`) USING BTREE
	) ENGINE = MyISAM AUTO_INCREMENT = 1 CHARACTER SET = utf8 COLLATE = utf8_general_ci ROW_FORMAT = Dynamic;

	-- ----------------------------
	-- Table structure for customer_search
	-- ----------------------------
	DROP TABLE IF EXISTS `customer_search`;
	CREATE TABLE `customer_search`  (
	  `customer_search_id` int(11) NOT NULL AUTO_INCREMENT,
	  `store_id` int(11) NOT NULL,
	  `language_id` int(11) NOT NULL,
	  `customer_id` int(11) NOT NULL,
	  `keyword` varchar(255) CHARACTER SET utf8 COLLATE utf8_general_ci NOT NULL,
	  `category_id` int(11) NULL DEFAULT NULL,
	  `sub_category` tinyint(1) NOT NULL,
	  `description` tinyint(1) NOT NULL,
	  `products` int(11) NOT NULL,
	  `ip` varchar(40) CHARACTER SET utf8 COLLATE utf8_general_ci NOT NULL,
	  `date_added` datetime(0) NOT NULL,
	  PRIMARY KEY (`customer_search_id`) USING BTREE
	) ENGINE = MyISAM AUTO_INCREMENT = 1 CHARACTER SET = utf8 COLLATE = utf8_general_ci ROW_FORMAT = Dynamic;

	-- ----------------------------
	-- Table structure for customer_transaction
	-- ----------------------------
	DROP TABLE IF EXISTS `customer_transaction`;
	CREATE TABLE `customer_transaction`  (
	  `customer_transaction_id` int(11) NOT NULL AUTO_INCREMENT,
	  `customer_id` int(11) NOT NULL,
	  `order_id` int(11) NOT NULL,
	  `description` text CHARACTER SET utf8 COLLATE utf8_general_ci NOT NULL,
	  `amount` decimal(15, 4) NOT NULL,
	  `date_added` datetime(0) NOT NULL,
	  PRIMARY KEY (`customer_transaction_id`) USING BTREE
	) ENGINE = MyISAM AUTO_INCREMENT = 1 CHARACTER SET = utf8 COLLATE = utf8_general_ci ROW_FORMAT = Dynamic;

	-- ----------------------------
	-- Table structure for customer_wishlist
	-- ----------------------------
	DROP TABLE IF EXISTS `customer_wishlist`;
	CREATE TABLE `customer_wishlist`  (
	  `customer_id` int(11) NOT NULL,
	  `product_id` int(11) NOT NULL,
	  `date_added` datetime(0) NOT NULL,
	  PRIMARY KEY (`customer_id`, `product_id`) USING BTREE
	) ENGINE = MyISAM CHARACTER SET = utf8 COLLATE = utf8_general_ci ROW_FORMAT = Fixed;

	-- ----------------------------
	-- Table structure for download
	-- ----------------------------
	DROP TABLE IF EXISTS `download`;
	CREATE TABLE `download`  (
	  `download_id` int(11) NOT NULL AUTO_INCREMENT,
	  `filename` varchar(160) CHARACTER SET utf8 COLLATE utf8_general_ci NOT NULL,
	  `mask` varchar(128) CHARACTER SET utf8 COLLATE utf8_general_ci NOT NULL,
	  `date_added` datetime(0) NOT NULL,
	  PRIMARY KEY (`download_id`) USING BTREE
	) ENGINE = MyISAM AUTO_INCREMENT = 1 CHARACTER SET = utf8 COLLATE = utf8_general_ci ROW_FORMAT = Dynamic;

	-- ----------------------------
	-- Table structure for download_description
	-- ----------------------------
	DROP TABLE IF EXISTS `download_description`;
	CREATE TABLE `download_description`  (
	  `download_id` int(11) NOT NULL,
	  `language_id` int(11) NOT NULL,
	  `name` varchar(64) CHARACTER SET utf8 COLLATE utf8_general_ci NOT NULL,
	  PRIMARY KEY (`download_id`, `language_id`) USING BTREE
	) ENGINE = MyISAM CHARACTER SET = utf8 COLLATE = utf8_general_ci ROW_FORMAT = Dynamic;

	-- ----------------------------
	-- Table structure for event
	-- ----------------------------
	DROP TABLE IF EXISTS `event`;
	CREATE TABLE `event`  (
	  `event_id` int(11) NOT NULL AUTO_INCREMENT,
	  `code` varchar(64) CHARACTER SET utf8 COLLATE utf8_general_ci NOT NULL,
	  `trigger` text CHARACTER SET utf8 COLLATE utf8_general_ci NOT NULL,
	  `action` text CHARACTER SET utf8 COLLATE utf8_general_ci NOT NULL,
	  `status` tinyint(1) NOT NULL,
	  `sort_order` int(3) NOT NULL,
	  PRIMARY KEY (`event_id`) USING BTREE
	) ENGINE = MyISAM AUTO_INCREMENT = 48 CHARACTER SET = utf8 COLLATE = utf8_general_ci ROW_FORMAT = Dynamic;

	-- ----------------------------
	-- Records of event
	-- ----------------------------
	INSERT INTO `event` VALUES (1, 'activity_customer_add', 'catalog/model/account/customer/addCustomer/after', 'event/activity/addCustomer', 1, 0);
	INSERT INTO `event` VALUES (2, 'activity_customer_edit', 'catalog/model/account/customer/editCustomer/after', 'event/activity/editCustomer', 1, 0);
	INSERT INTO `event` VALUES (3, 'activity_customer_password', 'catalog/model/account/customer/editPassword/after', 'event/activity/editPassword', 1, 0);
	INSERT INTO `event` VALUES (4, 'activity_customer_forgotten', 'catalog/model/account/customer/editCode/after', 'event/activity/forgotten', 1, 0);
	INSERT INTO `event` VALUES (5, 'activity_transaction', 'catalog/model/account/customer/addTransaction/after', 'event/activity/addTransaction', 1, 0);
	INSERT INTO `event` VALUES (6, 'activity_customer_login', 'catalog/model/account/customer/deleteLoginAttempts/after', 'event/activity/login', 1, 0);
	INSERT INTO `event` VALUES (7, 'activity_address_add', 'catalog/model/account/address/addAddress/after', 'event/activity/addAddress', 1, 0);
	INSERT INTO `event` VALUES (8, 'activity_address_edit', 'catalog/model/account/address/editAddress/after', 'event/activity/editAddress', 1, 0);
	INSERT INTO `event` VALUES (9, 'activity_address_delete', 'catalog/model/account/address/deleteAddress/after', 'event/activity/deleteAddress', 1, 0);
	INSERT INTO `event` VALUES (10, 'activity_affiliate_add', 'catalog/model/account/customer/addAffiliate/after', 'event/activity/addAffiliate', 1, 0);
	INSERT INTO `event` VALUES (11, 'activity_affiliate_edit', 'catalog/model/account/customer/editAffiliate/after', 'event/activity/editAffiliate', 1, 0);
	INSERT INTO `event` VALUES (12, 'activity_order_add', 'catalog/model/checkout/order/addOrderHistory/before', 'event/activity/addOrderHistory', 1, 0);
	INSERT INTO `event` VALUES (13, 'activity_return_add', 'catalog/model/account/return/addReturn/after', 'event/activity/addReturn', 1, 0);
	INSERT INTO `event` VALUES (14, 'mail_transaction', 'catalog/model/account/customer/addTransaction/after', 'mail/transaction', 1, 0);
	INSERT INTO `event` VALUES (15, 'mail_forgotten', 'catalog/model/account/customer/editCode/after', 'mail/forgotten', 1, 0);
	INSERT INTO `event` VALUES (16, 'mail_customer_add', 'catalog/model/account/customer/addCustomer/after', 'mail/register', 1, 0);
	INSERT INTO `event` VALUES (17, 'mail_customer_alert', 'catalog/model/account/customer/addCustomer/after', 'mail/register/alert', 1, 0);
	INSERT INTO `event` VALUES (18, 'mail_affiliate_add', 'catalog/model/account/customer/addAffiliate/after', 'mail/affiliate', 1, 0);
	INSERT INTO `event` VALUES (19, 'mail_affiliate_alert', 'catalog/model/account/customer/addAffiliate/after', 'mail/affiliate/alert', 1, 0);
	INSERT INTO `event` VALUES (20, 'mail_voucher', 'catalog/model/checkout/order/addOrderHistory/after', 'extension/total/voucher/send', 1, 0);
	INSERT INTO `event` VALUES (21, 'mail_order_add', 'catalog/model/checkout/order/addOrderHistory/before', 'mail/order', 1, 0);
	INSERT INTO `event` VALUES (22, 'mail_order_alert', 'catalog/model/checkout/order/addOrderHistory/before', 'mail/order/alert', 1, 0);
	INSERT INTO `event` VALUES (23, 'statistics_review_add', 'catalog/model/catalog/review/addReview/after', 'event/statistics/addReview', 1, 0);
	INSERT INTO `event` VALUES (24, 'statistics_return_add', 'catalog/model/account/return/addReturn/after', 'event/statistics/addReturn', 1, 0);
	INSERT INTO `event` VALUES (25, 'statistics_order_history', 'catalog/model/checkout/order/addOrderHistory/after', 'event/statistics/addOrderHistory', 1, 0);
	INSERT INTO `event` VALUES (26, 'admin_mail_affiliate_approve', 'admin/model/customer/customer_approval/approveAffiliate/after', 'mail/affiliate/approve', 1, 0);
	INSERT INTO `event` VALUES (27, 'admin_mail_affiliate_deny', 'admin/model/customer/customer_approval/denyAffiliate/after', 'mail/affiliate/deny', 1, 0);
	INSERT INTO `event` VALUES (28, 'admin_mail_customer_approve', 'admin/model/customer/customer_approval/approveCustomer/after', 'mail/customer/approve', 1, 0);
	INSERT INTO `event` VALUES (29, 'admin_mail_customer_deny', 'admin/model/customer/customer_approval/denyCustomer/after', 'mail/customer/deny', 1, 0);
	INSERT INTO `event` VALUES (30, 'admin_mail_reward', 'admin/model/customer/customer/addReward/after', 'mail/reward', 1, 0);
	INSERT INTO `event` VALUES (31, 'admin_mail_transaction', 'admin/model/customer/customer/addTransaction/after', 'mail/transaction', 1, 0);
	INSERT INTO `event` VALUES (32, 'admin_mail_return', 'admin/model/sale/return/addReturn/after', 'mail/return', 1, 0);
	INSERT INTO `event` VALUES (33, 'admin_mail_forgotten', 'admin/model/user/user/editCode/after', 'mail/forgotten', 1, 0);
	INSERT INTO `event` VALUES (34, 'brainyfilter', 'admin/model/catalog/product/addProduct/after', 'extension/module/brainyfilter/eventAddProduct', 1, 0);
	INSERT INTO `event` VALUES (35, 'brainyfilter', 'admin/model/catalog/product/editProduct/after', 'extension/module/brainyfilter/eventEditProduct', 1, 0);
	INSERT INTO `event` VALUES (36, 'brainyfilter', 'admin/model/catalog/product/deleteProduct/after', 'extension/module/brainyfilter/eventDeleteProduct', 1, 0);
	INSERT INTO `event` VALUES (37, 'brainyfilter', 'admin/model/catalog/review/addReview/after', 'extension/module/brainyfilter/eventEditReview', 1, 0);
	INSERT INTO `event` VALUES (38, 'brainyfilter', 'admin/model/catalog/review/editReview/after', 'extension/module/brainyfilter/eventEditReview', 1, 0);
	INSERT INTO `event` VALUES (39, 'brainyfilter', 'admin/model/catalog/review/deleteReview/after', 'extension/module/brainyfilter/eventEditReview', 1, 0);
	INSERT INTO `event` VALUES (40, 'd_ajax_search', 'admin/view/customer/customer_form/after', 'extension/module/d_ajax_search/view_customer_customer_form_after', 1, 0);
	INSERT INTO `event` VALUES (41, 'd_ajax_search', 'catalog/view/common/header/after', 'extension/module/d_ajax_search/view_common_header_after', 1, 0);
	INSERT INTO `event` VALUES (47, 'module_quickcheckout', 'catalog/controller/checkout/success/before', 'extension/quickcheckout/checkout/eventPreControllerCheckoutSuccess', 1, 0);
	INSERT INTO `event` VALUES (46, 'module_quickcheckout', 'catalog/controller/checkout/checkout/before', 'extension/quickcheckout/checkout/eventPreControllerCheckoutCheckout', 1, 0);

	-- ----------------------------
	-- Table structure for extension
	-- ----------------------------
	DROP TABLE IF EXISTS `extension`;
	CREATE TABLE `extension`  (
	  `extension_id` int(11) NOT NULL AUTO_INCREMENT,
	  `type` varchar(32) CHARACTER SET utf8 COLLATE utf8_general_ci NOT NULL,
	  `code` varchar(32) CHARACTER SET utf8 COLLATE utf8_general_ci NOT NULL,
	  PRIMARY KEY (`extension_id`) USING BTREE
	) ENGINE = MyISAM AUTO_INCREMENT = 64 CHARACTER SET = utf8 COLLATE = utf8_general_ci ROW_FORMAT = Dynamic;

	-- ----------------------------
	-- Records of extension
	-- ----------------------------
	INSERT INTO `extension` VALUES (60, 'payment', 'cod');
	INSERT INTO `extension` VALUES (2, 'total', 'shipping');
	INSERT INTO `extension` VALUES (3, 'total', 'sub_total');
	INSERT INTO `extension` VALUES (5, 'total', 'total');
	INSERT INTO `extension` VALUES (6, 'module', 'banner');
	INSERT INTO `extension` VALUES (7, 'module', 'carousel');
	INSERT INTO `extension` VALUES (9, 'shipping', 'flat');
	INSERT INTO `extension` VALUES (10, 'total', 'handling');
	INSERT INTO `extension` VALUES (13, 'module', 'category');
	INSERT INTO `extension` VALUES (14, 'module', 'account');
	INSERT INTO `extension` VALUES (61, 'payment', 'bank_transfer');
	INSERT INTO `extension` VALUES (18, 'module', 'featured');
	INSERT INTO `extension` VALUES (19, 'module', 'slideshow');
	INSERT INTO `extension` VALUES (20, 'theme', 'default');
	INSERT INTO `extension` VALUES (21, 'dashboard', 'activity');
	INSERT INTO `extension` VALUES (22, 'dashboard', 'sale');
	INSERT INTO `extension` VALUES (23, 'dashboard', 'recent');
	INSERT INTO `extension` VALUES (24, 'dashboard', 'order');
	INSERT INTO `extension` VALUES (25, 'dashboard', 'online');
	INSERT INTO `extension` VALUES (26, 'dashboard', 'map');
	INSERT INTO `extension` VALUES (27, 'dashboard', 'customer');
	INSERT INTO `extension` VALUES (28, 'dashboard', 'chart');
	INSERT INTO `extension` VALUES (29, 'report', 'sale_coupon');
	INSERT INTO `extension` VALUES (31, 'report', 'customer_search');
	INSERT INTO `extension` VALUES (32, 'report', 'customer_transaction');
	INSERT INTO `extension` VALUES (33, 'report', 'product_purchased');
	INSERT INTO `extension` VALUES (34, 'report', 'product_viewed');
	INSERT INTO `extension` VALUES (35, 'report', 'sale_return');
	INSERT INTO `extension` VALUES (36, 'report', 'sale_order');
	INSERT INTO `extension` VALUES (37, 'report', 'sale_shipping');
	INSERT INTO `extension` VALUES (38, 'report', 'sale_tax');
	INSERT INTO `extension` VALUES (39, 'report', 'customer_activity');
	INSERT INTO `extension` VALUES (40, 'report', 'customer_order');
	INSERT INTO `extension` VALUES (41, 'report', 'customer_reward');
	INSERT INTO `extension` VALUES (50, 'module', 'd_ajax_search');
	INSERT INTO `extension` VALUES (46, 'module', 'featured_product');
	INSERT INTO `extension` VALUES (47, 'module', 'brainyfilter');
	INSERT INTO `extension` VALUES (48, 'module', 'bestseller');
	INSERT INTO `extension` VALUES (63, 'module', 'quickcheckout');
	INSERT INTO `extension` VALUES (54, 'module', 'ocdev_smart_cart');
	INSERT INTO `extension` VALUES (55, 'shipping', 'pickup');
	INSERT INTO `extension` VALUES (56, 'shipping', 'free');
	INSERT INTO `extension` VALUES (62, 'payment', 'free_checkout');
	INSERT INTO `extension` VALUES (58, 'shipping', 'citylink');
	INSERT INTO `extension` VALUES (59, 'shipping', 'ec_ship');

	-- ----------------------------
	-- Table structure for extension_install
	-- ----------------------------
	DROP TABLE IF EXISTS `extension_install`;
	CREATE TABLE `extension_install`  (
	  `extension_install_id` int(11) NOT NULL AUTO_INCREMENT,
	  `extension_download_id` int(11) NOT NULL,
	  `filename` varchar(255) CHARACTER SET utf8 COLLATE utf8_general_ci NOT NULL,
	  `date_added` datetime(0) NOT NULL,
	  PRIMARY KEY (`extension_install_id`) USING BTREE
	) ENGINE = MyISAM AUTO_INCREMENT = 9 CHARACTER SET = utf8 COLLATE = utf8_general_ci ROW_FORMAT = Dynamic;

	-- ----------------------------
	-- Records of extension_install
	-- ----------------------------
	INSERT INTO `extension_install` VALUES (1, 0, 'brainy-filter-pro-5.1.3-oc3.ocmod.zip', '2019-02-14 16:27:34');
	INSERT INTO `extension_install` VALUES (2, 0, 'dajaxsearchcompiledoc3.0.3.1.v6.1.9.ocmod.zip', '2019-02-27 11:07:59');
	INSERT INTO `extension_install` VALUES (3, 0, 'quickcheckout_oc3.ocmod.zip', '2019-02-28 13:03:38');
	INSERT INTO `extension_install` VALUES (6, 0, 'quickcheckout_oc3.ocmod.zip', '2019-02-28 13:51:36');
	INSERT INTO `extension_install` VALUES (7, 0, 'install.ocmod.zip', '2019-02-28 13:53:42');
	INSERT INTO `extension_install` VALUES (8, 0, 'quickcheckout_oc3.ocmod.zip', '2019-03-05 15:55:00');

	-- ----------------------------
	-- Table structure for extension_path
	-- ----------------------------
	DROP TABLE IF EXISTS `extension_path`;
	CREATE TABLE `extension_path`  (
	  `extension_path_id` int(11) NOT NULL AUTO_INCREMENT,
	  `extension_install_id` int(11) NOT NULL,
	  `path` varchar(255) CHARACTER SET utf8 COLLATE utf8_general_ci NOT NULL,
	  `date_added` datetime(0) NOT NULL,
	  PRIMARY KEY (`extension_path_id`) USING BTREE
	) ENGINE = MyISAM AUTO_INCREMENT = 478 CHARACTER SET = utf8 COLLATE = utf8_general_ci ROW_FORMAT = Dynamic;

	-- ----------------------------
	-- Records of extension_path
	-- ----------------------------
	INSERT INTO `extension_path` VALUES (1, 1, 'system/library/sqllib.php', '2019-02-14 16:27:35');
	INSERT INTO `extension_path` VALUES (2, 1, 'admin/model/extension/module', '2019-02-14 16:27:35');
	INSERT INTO `extension_path` VALUES (3, 1, 'admin/view/image/brainyfilter', '2019-02-14 16:27:35');
	INSERT INTO `extension_path` VALUES (4, 1, 'admin/view/javascript/bootstrap.colorpickersliders.min.js', '2019-02-14 16:27:35');
	INSERT INTO `extension_path` VALUES (5, 1, 'admin/view/javascript/brainyfilter.js', '2019-02-14 16:27:35');
	INSERT INTO `extension_path` VALUES (6, 1, 'admin/view/javascript/jquery.autocomplete.min.js', '2019-02-14 16:27:35');
	INSERT INTO `extension_path` VALUES (7, 1, 'admin/view/javascript/jquery.fn.sortable.min.js', '2019-02-14 16:27:35');
	INSERT INTO `extension_path` VALUES (8, 1, 'admin/view/javascript/tinycolor.js', '2019-02-14 16:27:35');
	INSERT INTO `extension_path` VALUES (9, 1, 'admin/view/stylesheet/bootstrap.colorpickersliders.min.css', '2019-02-14 16:27:35');
	INSERT INTO `extension_path` VALUES (10, 1, 'admin/view/stylesheet/brainyfilter.css', '2019-02-14 16:27:35');
	INSERT INTO `extension_path` VALUES (11, 1, 'catalog/view/javascript/brainyfilter.js', '2019-02-14 16:27:35');
	INSERT INTO `extension_path` VALUES (12, 1, 'catalog/view/javascript/jquery-ui.slider.min.js', '2019-02-14 16:27:35');
	INSERT INTO `extension_path` VALUES (13, 1, 'catalog/view/javascript/jquery.ui.touch-punch.min.js', '2019-02-14 16:27:35');
	INSERT INTO `extension_path` VALUES (14, 1, 'admin/controller/extension/module/brainyfilter.php', '2019-02-14 16:27:35');
	INSERT INTO `extension_path` VALUES (15, 1, 'admin/model/extension/module/brainyfilter.php', '2019-02-14 16:27:35');
	INSERT INTO `extension_path` VALUES (16, 1, 'admin/view/image/brainyfilter/bf-alert.png', '2019-02-14 16:27:35');
	INSERT INTO `extension_path` VALUES (17, 1, 'admin/view/image/brainyfilter/bf-arrows.png', '2019-02-14 16:27:35');
	INSERT INTO `extension_path` VALUES (18, 1, 'admin/view/image/brainyfilter/bf-move-arrows.png', '2019-02-14 16:27:35');
	INSERT INTO `extension_path` VALUES (19, 1, 'admin/view/image/brainyfilter/bf-note.png', '2019-02-14 16:27:35');
	INSERT INTO `extension_path` VALUES (20, 1, 'admin/view/image/brainyfilter/bf-update-cache.png', '2019-02-14 16:27:35');
	INSERT INTO `extension_path` VALUES (21, 1, 'admin/view/image/brainyfilter/bf-update.png', '2019-02-14 16:27:35');
	INSERT INTO `extension_path` VALUES (22, 1, 'admin/view/image/brainyfilter/info.png', '2019-02-14 16:27:35');
	INSERT INTO `extension_path` VALUES (23, 1, 'admin/view/image/brainyfilter/menu-icons.png', '2019-02-14 16:27:35');
	INSERT INTO `extension_path` VALUES (24, 1, 'admin/view/image/brainyfilter/plus.png', '2019-02-14 16:27:35');
	INSERT INTO `extension_path` VALUES (25, 1, 'admin/view/image/brainyfilter/save-menu-sprite.png', '2019-02-14 16:27:35');
	INSERT INTO `extension_path` VALUES (26, 1, 'admin/view/image/brainyfilter/sprite.png', '2019-02-14 16:27:35');
	INSERT INTO `extension_path` VALUES (27, 1, 'catalog/controller/extension/module/brainyfilter.php', '2019-02-14 16:27:35');
	INSERT INTO `extension_path` VALUES (28, 1, 'catalog/model/extension/module/brainyfilter.php', '2019-02-14 16:27:35');
	INSERT INTO `extension_path` VALUES (29, 1, 'admin/language/en-gb/extension/module/brainyfilter.php', '2019-02-14 16:27:35');
	INSERT INTO `extension_path` VALUES (30, 1, 'admin/view/template/extension/module/brainyfilter.twig', '2019-02-14 16:27:35');
	INSERT INTO `extension_path` VALUES (31, 1, 'admin/view/template/extension/module/brainyfilter_ocmod.twig', '2019-02-14 16:27:35');
	INSERT INTO `extension_path` VALUES (32, 1, 'catalog/language/en-gb/extension/module/brainyfilter.php', '2019-02-14 16:27:35');
	INSERT INTO `extension_path` VALUES (33, 1, 'catalog/view/theme/default/image/brainyfilter', '2019-02-14 16:27:35');
	INSERT INTO `extension_path` VALUES (34, 1, 'catalog/view/theme/default/stylesheet/brainyfilter.css', '2019-02-14 16:27:35');
	INSERT INTO `extension_path` VALUES (35, 1, 'catalog/view/theme/default/stylesheet/jquery-ui.slider.min.css', '2019-02-14 16:27:35');
	INSERT INTO `extension_path` VALUES (36, 1, 'catalog/view/theme/default/image/brainyfilter/bf-hl-arrows.png', '2019-02-14 16:27:35');
	INSERT INTO `extension_path` VALUES (37, 1, 'catalog/view/theme/default/image/brainyfilter/bf-hl-arrows@2x.png', '2019-02-14 16:27:35');
	INSERT INTO `extension_path` VALUES (38, 1, 'catalog/view/theme/default/image/brainyfilter/loading-big.gif', '2019-02-14 16:27:35');
	INSERT INTO `extension_path` VALUES (39, 1, 'catalog/view/theme/default/image/brainyfilter/loading-big@2x.gif', '2019-02-14 16:27:35');
	INSERT INTO `extension_path` VALUES (40, 1, 'catalog/view/theme/default/image/brainyfilter/loading.gif', '2019-02-14 16:27:35');
	INSERT INTO `extension_path` VALUES (41, 1, 'catalog/view/theme/default/image/brainyfilter/loading@2x.gif', '2019-02-14 16:27:35');
	INSERT INTO `extension_path` VALUES (42, 1, 'catalog/view/theme/default/image/brainyfilter/responsive-layout-icons.png', '2019-02-14 16:27:35');
	INSERT INTO `extension_path` VALUES (43, 1, 'catalog/view/theme/default/image/brainyfilter/responsive-layout-icons@2x.png', '2019-02-14 16:27:35');
	INSERT INTO `extension_path` VALUES (44, 1, 'catalog/view/theme/default/image/brainyfilter/search.png', '2019-02-14 16:27:35');
	INSERT INTO `extension_path` VALUES (45, 1, 'catalog/view/theme/default/image/brainyfilter/search@2x.png', '2019-02-14 16:27:35');
	INSERT INTO `extension_path` VALUES (46, 1, 'catalog/view/theme/default/image/brainyfilter/showmore-cover.png', '2019-02-14 16:27:35');
	INSERT INTO `extension_path` VALUES (47, 1, 'catalog/view/theme/default/image/brainyfilter/sprite.png', '2019-02-14 16:27:35');
	INSERT INTO `extension_path` VALUES (48, 1, 'catalog/view/theme/default/image/brainyfilter/sprite@2x.png', '2019-02-14 16:27:35');
	INSERT INTO `extension_path` VALUES (49, 1, 'catalog/view/theme/default/image/brainyfilter/stars-1.png', '2019-02-14 16:27:35');
	INSERT INTO `extension_path` VALUES (50, 1, 'catalog/view/theme/default/image/brainyfilter/stars-1@2x.png', '2019-02-14 16:27:35');
	INSERT INTO `extension_path` VALUES (51, 1, 'catalog/view/theme/default/image/brainyfilter/stars-2.png', '2019-02-14 16:27:35');
	INSERT INTO `extension_path` VALUES (52, 1, 'catalog/view/theme/default/image/brainyfilter/stars-2@2x.png', '2019-02-14 16:27:35');
	INSERT INTO `extension_path` VALUES (53, 1, 'catalog/view/theme/default/image/brainyfilter/stars-3.png', '2019-02-14 16:27:35');
	INSERT INTO `extension_path` VALUES (54, 1, 'catalog/view/theme/default/image/brainyfilter/stars-3@2x.png', '2019-02-14 16:27:35');
	INSERT INTO `extension_path` VALUES (55, 1, 'catalog/view/theme/default/image/brainyfilter/stars-4.png', '2019-02-14 16:27:35');
	INSERT INTO `extension_path` VALUES (56, 1, 'catalog/view/theme/default/image/brainyfilter/stars-4@2x.png', '2019-02-14 16:27:35');
	INSERT INTO `extension_path` VALUES (57, 1, 'catalog/view/theme/default/image/brainyfilter/stars-5.png', '2019-02-14 16:27:35');
	INSERT INTO `extension_path` VALUES (58, 1, 'catalog/view/theme/default/image/brainyfilter/stars-5@2x.png', '2019-02-14 16:27:35');
	INSERT INTO `extension_path` VALUES (59, 1, 'catalog/view/theme/default/image/brainyfilter/subcategory-arrow.png', '2019-02-14 16:27:35');
	INSERT INTO `extension_path` VALUES (60, 1, 'catalog/view/theme/default/template/extension/module/brainyfilter.twig', '2019-02-14 16:27:35');
	INSERT INTO `extension_path` VALUES (61, 2, 'image/catalog/d_ajax_search', '2019-02-27 11:08:01');
	INSERT INTO `extension_path` VALUES (62, 2, 'system/config/d_ajax_search', '2019-02-27 11:08:01');
	INSERT INTO `extension_path` VALUES (63, 2, 'system/config/d_ajax_search.php', '2019-02-27 11:08:01');
	INSERT INTO `extension_path` VALUES (64, 2, 'system/config/d_event_manager.php', '2019-02-27 11:08:01');
	INSERT INTO `extension_path` VALUES (65, 2, 'system/library/d_shopunity', '2019-02-27 11:08:01');
	INSERT INTO `extension_path` VALUES (66, 2, 'system/library/d_simple_html_dom.php', '2019-02-27 11:08:01');
	INSERT INTO `extension_path` VALUES (67, 2, 'admin/controller/extension/d_ajax_search', '2019-02-27 11:08:01');
	INSERT INTO `extension_path` VALUES (68, 2, 'admin/model/extension/d_admin_style', '2019-02-27 11:08:01');
	INSERT INTO `extension_path` VALUES (69, 2, 'admin/model/extension/d_opencart_patch', '2019-02-27 11:08:01');
	INSERT INTO `extension_path` VALUES (70, 2, 'admin/view/image/d_admin_style', '2019-02-27 11:08:01');
	INSERT INTO `extension_path` VALUES (71, 2, 'admin/view/image/d_ajax_search', '2019-02-27 11:08:01');
	INSERT INTO `extension_path` VALUES (72, 2, 'admin/view/javascript/d_admin_style', '2019-02-27 11:08:01');
	INSERT INTO `extension_path` VALUES (73, 2, 'admin/view/javascript/d_bootstrap_switch', '2019-02-27 11:08:01');
	INSERT INTO `extension_path` VALUES (74, 2, 'admin/view/javascript/d_rubaxa_sortable', '2019-02-27 11:08:01');
	INSERT INTO `extension_path` VALUES (75, 2, 'admin/view/javascript/d_tinysort', '2019-02-27 11:08:01');
	INSERT INTO `extension_path` VALUES (76, 2, 'admin/view/stylesheet/d_admin_style', '2019-02-27 11:08:01');
	INSERT INTO `extension_path` VALUES (77, 2, 'admin/view/stylesheet/d_ajax_search', '2019-02-27 11:08:01');
	INSERT INTO `extension_path` VALUES (78, 2, 'admin/view/stylesheet/d_bootstrap_extra', '2019-02-27 11:08:01');
	INSERT INTO `extension_path` VALUES (79, 2, 'catalog/model/extension/d_opencart_patch', '2019-02-27 11:08:01');
	INSERT INTO `extension_path` VALUES (80, 2, 'catalog/view/javascript/d_bootstrap_switch', '2019-02-27 11:08:01');
	INSERT INTO `extension_path` VALUES (81, 2, 'catalog/view/javascript/d_rubaxa_sortable', '2019-02-27 11:08:01');
	INSERT INTO `extension_path` VALUES (82, 2, 'catalog/view/javascript/d_tinysort', '2019-02-27 11:08:01');
	INSERT INTO `extension_path` VALUES (83, 2, 'image/catalog/d_ajax_search/no_image_search.png', '2019-02-27 11:08:01');
	INSERT INTO `extension_path` VALUES (84, 2, 'system/config/d_ajax_search/product_simple.php', '2019-02-27 11:08:01');
	INSERT INTO `extension_path` VALUES (85, 2, 'system/library/d_shopunity/extension', '2019-02-27 11:08:01');
	INSERT INTO `extension_path` VALUES (86, 2, 'system/library/d_shopunity/install', '2019-02-27 11:08:01');
	INSERT INTO `extension_path` VALUES (87, 2, 'system/library/d_shopunity/readme', '2019-02-27 11:08:01');
	INSERT INTO `extension_path` VALUES (88, 2, 'admin/controller/extension/d_ajax_search/product_simple.php', '2019-02-27 11:08:01');
	INSERT INTO `extension_path` VALUES (89, 2, 'admin/controller/extension/module/d_ajax_search.php', '2019-02-27 11:08:01');
	INSERT INTO `extension_path` VALUES (90, 2, 'admin/language/en-gb/extension/d_admin_style', '2019-02-27 11:08:01');
	INSERT INTO `extension_path` VALUES (91, 2, 'admin/model/extension/d_admin_style/style.php', '2019-02-27 11:08:01');
	INSERT INTO `extension_path` VALUES (92, 2, 'admin/model/extension/d_opencart_patch/cache.php', '2019-02-27 11:08:01');
	INSERT INTO `extension_path` VALUES (93, 2, 'admin/model/extension/d_opencart_patch/event.php', '2019-02-27 11:08:01');
	INSERT INTO `extension_path` VALUES (94, 2, 'admin/model/extension/d_opencart_patch/extension.php', '2019-02-27 11:08:01');
	INSERT INTO `extension_path` VALUES (95, 2, 'admin/model/extension/d_opencart_patch/load.php', '2019-02-27 11:08:01');
	INSERT INTO `extension_path` VALUES (96, 2, 'admin/model/extension/d_opencart_patch/modification.php', '2019-02-27 11:08:01');
	INSERT INTO `extension_path` VALUES (97, 2, 'admin/model/extension/d_opencart_patch/module.php', '2019-02-27 11:08:01');
	INSERT INTO `extension_path` VALUES (98, 2, 'admin/model/extension/d_opencart_patch/setting.php', '2019-02-27 11:08:01');
	INSERT INTO `extension_path` VALUES (99, 2, 'admin/model/extension/d_opencart_patch/store.php', '2019-02-27 11:08:01');
	INSERT INTO `extension_path` VALUES (100, 2, 'admin/model/extension/d_opencart_patch/url.php', '2019-02-27 11:08:01');
	INSERT INTO `extension_path` VALUES (101, 2, 'admin/model/extension/d_opencart_patch/user.php', '2019-02-27 11:08:01');
	INSERT INTO `extension_path` VALUES (102, 2, 'admin/model/extension/d_opencart_patch/vqmod.php', '2019-02-27 11:08:01');
	INSERT INTO `extension_path` VALUES (103, 2, 'admin/model/extension/module/d_ajax_search.php', '2019-02-27 11:08:01');
	INSERT INTO `extension_path` VALUES (104, 2, 'admin/model/extension/module/d_event_manager.php', '2019-02-27 11:08:01');
	INSERT INTO `extension_path` VALUES (105, 2, 'admin/model/extension/module/d_twig_manager.php', '2019-02-27 11:08:01');
	INSERT INTO `extension_path` VALUES (106, 2, 'admin/view/image/d_admin_style/checkmark.png', '2019-02-27 11:08:01');
	INSERT INTO `extension_path` VALUES (107, 2, 'admin/view/image/d_admin_style/checkmark.svg', '2019-02-27 11:08:01');
	INSERT INTO `extension_path` VALUES (108, 2, 'admin/view/image/d_ajax_search/bg.svg', '2019-02-27 11:08:01');
	INSERT INTO `extension_path` VALUES (109, 2, 'admin/view/image/d_ajax_search/d_ajax_search_code_source.png', '2019-02-27 11:08:01');
	INSERT INTO `extension_path` VALUES (110, 2, 'admin/view/image/d_ajax_search/d_ajax_search_result_dropdown.png', '2019-02-27 11:08:01');
	INSERT INTO `extension_path` VALUES (111, 2, 'admin/view/image/d_ajax_search/icons', '2019-02-27 11:08:01');
	INSERT INTO `extension_path` VALUES (112, 2, 'admin/view/image/d_ajax_search/logo.svg', '2019-02-27 11:08:01');
	INSERT INTO `extension_path` VALUES (113, 2, 'admin/view/javascript/d_admin_style/gulp', '2019-02-27 11:08:01');
	INSERT INTO `extension_path` VALUES (114, 2, 'admin/view/javascript/d_bootstrap_switch/css', '2019-02-27 11:08:01');
	INSERT INTO `extension_path` VALUES (115, 2, 'admin/view/javascript/d_bootstrap_switch/js', '2019-02-27 11:08:01');
	INSERT INTO `extension_path` VALUES (116, 2, 'admin/view/javascript/d_rubaxa_sortable/jquery.binding.js', '2019-02-27 11:08:01');
	INSERT INTO `extension_path` VALUES (117, 2, 'admin/view/javascript/d_rubaxa_sortable/knockout-sortable.js', '2019-02-27 11:08:01');
	INSERT INTO `extension_path` VALUES (118, 2, 'admin/view/javascript/d_rubaxa_sortable/ng-sortable.js', '2019-02-27 11:08:01');
	INSERT INTO `extension_path` VALUES (119, 2, 'admin/view/javascript/d_rubaxa_sortable/react-sortable-mixin.js', '2019-02-27 11:08:01');
	INSERT INTO `extension_path` VALUES (120, 2, 'admin/view/javascript/d_rubaxa_sortable/sortable.css', '2019-02-27 11:08:01');
	INSERT INTO `extension_path` VALUES (121, 2, 'admin/view/javascript/d_rubaxa_sortable/sortable.js', '2019-02-27 11:08:01');
	INSERT INTO `extension_path` VALUES (122, 2, 'admin/view/javascript/d_rubaxa_sortable/sortable.min.js', '2019-02-27 11:08:01');
	INSERT INTO `extension_path` VALUES (123, 2, 'admin/view/javascript/d_tinysort/jquery.tinysort.js', '2019-02-27 11:08:01');
	INSERT INTO `extension_path` VALUES (124, 2, 'admin/view/javascript/d_tinysort/jquery.tinysort.min.js', '2019-02-27 11:08:01');
	INSERT INTO `extension_path` VALUES (125, 2, 'admin/view/javascript/d_tinysort/tinysort.charorder.js', '2019-02-27 11:08:01');
	INSERT INTO `extension_path` VALUES (126, 2, 'admin/view/javascript/d_tinysort/tinysort.charorder.min.js', '2019-02-27 11:08:01');
	INSERT INTO `extension_path` VALUES (127, 2, 'admin/view/javascript/d_tinysort/tinysort.js', '2019-02-27 11:08:01');
	INSERT INTO `extension_path` VALUES (128, 2, 'admin/view/javascript/d_tinysort/tinysort.min.js', '2019-02-27 11:08:01');
	INSERT INTO `extension_path` VALUES (129, 2, 'admin/view/stylesheet/d_admin_style/core', '2019-02-27 11:08:01');
	INSERT INTO `extension_path` VALUES (130, 2, 'admin/view/stylesheet/d_admin_style/themes', '2019-02-27 11:08:01');
	INSERT INTO `extension_path` VALUES (131, 2, 'admin/view/stylesheet/d_ajax_search/d_ajax_search.css', '2019-02-27 11:08:01');
	INSERT INTO `extension_path` VALUES (132, 2, 'admin/view/stylesheet/d_bootstrap_extra/bootstrap.css', '2019-02-27 11:08:01');
	INSERT INTO `extension_path` VALUES (133, 2, 'admin/view/template/extension/d_admin_style', '2019-02-27 11:08:01');
	INSERT INTO `extension_path` VALUES (134, 2, 'admin/view/template/extension/d_ajax_search', '2019-02-27 11:08:01');
	INSERT INTO `extension_path` VALUES (135, 2, 'catalog/controller/extension/module/d_ajax_search.php', '2019-02-27 11:08:01');
	INSERT INTO `extension_path` VALUES (136, 2, 'catalog/model/extension/d_opencart_patch/load.php', '2019-02-27 11:08:01');
	INSERT INTO `extension_path` VALUES (137, 2, 'catalog/model/extension/d_opencart_patch/user.php', '2019-02-27 11:08:01');
	INSERT INTO `extension_path` VALUES (138, 2, 'catalog/model/extension/module/d_ajax_search.php', '2019-02-27 11:08:01');
	INSERT INTO `extension_path` VALUES (139, 2, 'catalog/view/javascript/d_bootstrap_switch/css', '2019-02-27 11:08:01');
	INSERT INTO `extension_path` VALUES (140, 2, 'catalog/view/javascript/d_bootstrap_switch/js', '2019-02-27 11:08:01');
	INSERT INTO `extension_path` VALUES (141, 2, 'catalog/view/javascript/d_rubaxa_sortable/jquery.binding.js', '2019-02-27 11:08:01');
	INSERT INTO `extension_path` VALUES (142, 2, 'catalog/view/javascript/d_rubaxa_sortable/knockout-sortable.js', '2019-02-27 11:08:01');
	INSERT INTO `extension_path` VALUES (143, 2, 'catalog/view/javascript/d_rubaxa_sortable/ng-sortable.js', '2019-02-27 11:08:01');
	INSERT INTO `extension_path` VALUES (144, 2, 'catalog/view/javascript/d_rubaxa_sortable/react-sortable-mixin.js', '2019-02-27 11:08:01');
	INSERT INTO `extension_path` VALUES (145, 2, 'catalog/view/javascript/d_rubaxa_sortable/sortable.css', '2019-02-27 11:08:01');
	INSERT INTO `extension_path` VALUES (146, 2, 'catalog/view/javascript/d_rubaxa_sortable/sortable.js', '2019-02-27 11:08:01');
	INSERT INTO `extension_path` VALUES (147, 2, 'catalog/view/javascript/d_rubaxa_sortable/sortable.min.js', '2019-02-27 11:08:01');
	INSERT INTO `extension_path` VALUES (148, 2, 'catalog/view/javascript/d_tinysort/jquery.tinysort.js', '2019-02-27 11:08:01');
	INSERT INTO `extension_path` VALUES (149, 2, 'catalog/view/javascript/d_tinysort/jquery.tinysort.min.js', '2019-02-27 11:08:01');
	INSERT INTO `extension_path` VALUES (150, 2, 'catalog/view/javascript/d_tinysort/tinysort.charorder.js', '2019-02-27 11:08:01');
	INSERT INTO `extension_path` VALUES (151, 2, 'catalog/view/javascript/d_tinysort/tinysort.charorder.min.js', '2019-02-27 11:08:01');
	INSERT INTO `extension_path` VALUES (152, 2, 'catalog/view/javascript/d_tinysort/tinysort.js', '2019-02-27 11:08:01');
	INSERT INTO `extension_path` VALUES (153, 2, 'catalog/view/javascript/d_tinysort/tinysort.min.js', '2019-02-27 11:08:01');
	INSERT INTO `extension_path` VALUES (154, 2, 'system/library/d_shopunity/extension/d_admin_style.json', '2019-02-27 11:08:01');
	INSERT INTO `extension_path` VALUES (155, 2, 'system/library/d_shopunity/extension/d_ajax_search.json', '2019-02-27 11:08:01');
	INSERT INTO `extension_path` VALUES (156, 2, 'system/library/d_shopunity/extension/d_bootstrap_extra.json', '2019-02-27 11:08:01');
	INSERT INTO `extension_path` VALUES (157, 2, 'system/library/d_shopunity/extension/d_bootstrap_switch.json', '2019-02-27 11:08:01');
	INSERT INTO `extension_path` VALUES (158, 2, 'system/library/d_shopunity/extension/d_event_manager.json', '2019-02-27 11:08:01');
	INSERT INTO `extension_path` VALUES (159, 2, 'system/library/d_shopunity/extension/d_opencart_patch.json', '2019-02-27 11:08:01');
	INSERT INTO `extension_path` VALUES (160, 2, 'system/library/d_shopunity/extension/d_rubaxa_sortable.json', '2019-02-27 11:08:01');
	INSERT INTO `extension_path` VALUES (161, 2, 'system/library/d_shopunity/extension/d_simple_html_dom.json', '2019-02-27 11:08:01');
	INSERT INTO `extension_path` VALUES (162, 2, 'system/library/d_shopunity/extension/d_tinysort.json', '2019-02-27 11:08:01');
	INSERT INTO `extension_path` VALUES (163, 2, 'system/library/d_shopunity/extension/d_twig_manager.json', '2019-02-27 11:08:01');
	INSERT INTO `extension_path` VALUES (164, 2, 'system/library/d_shopunity/install/d_ajax_search.xml', '2019-02-27 11:08:01');
	INSERT INTO `extension_path` VALUES (165, 2, 'system/library/d_shopunity/install/d_opencart_patch.xml', '2019-02-27 11:08:01');
	INSERT INTO `extension_path` VALUES (166, 2, 'system/library/d_shopunity/install/d_twig_manager.xml', '2019-02-27 11:08:01');
	INSERT INTO `extension_path` VALUES (167, 2, 'system/library/d_shopunity/readme/d_opencart_patch.md', '2019-02-27 11:08:01');
	INSERT INTO `extension_path` VALUES (168, 2, 'admin/language/en-gb/extension/d_admin_style/style.php', '2019-02-27 11:08:01');
	INSERT INTO `extension_path` VALUES (169, 2, 'admin/language/en-gb/extension/module/d_ajax_search.php', '2019-02-27 11:08:01');
	INSERT INTO `extension_path` VALUES (170, 2, 'admin/view/image/d_ajax_search/icons/bg.svg', '2019-02-27 11:08:01');
	INSERT INTO `extension_path` VALUES (171, 2, 'admin/view/image/d_ajax_search/icons/extremely_fast.svg', '2019-02-27 11:08:01');
	INSERT INTO `extension_path` VALUES (172, 2, 'admin/view/image/d_ajax_search/icons/intelligent_search.svg', '2019-02-27 11:08:01');
	INSERT INTO `extension_path` VALUES (173, 2, 'admin/view/image/d_ajax_search/icons/live_ajax_search.svg', '2019-02-27 11:08:01');
	INSERT INTO `extension_path` VALUES (174, 2, 'admin/view/image/d_ajax_search/icons/search_over_20_parameters.svg', '2019-02-27 11:08:01');
	INSERT INTO `extension_path` VALUES (175, 2, 'admin/view/image/d_ajax_search/icons/search_suggestions.svg', '2019-02-27 11:08:01');
	INSERT INTO `extension_path` VALUES (176, 2, 'admin/view/javascript/d_admin_style/gulp/gulpfile.js', '2019-02-27 11:08:01');
	INSERT INTO `extension_path` VALUES (177, 2, 'admin/view/javascript/d_admin_style/gulp/package-lock.json', '2019-02-27 11:08:01');
	INSERT INTO `extension_path` VALUES (178, 2, 'admin/view/javascript/d_admin_style/gulp/package.json', '2019-02-27 11:08:01');
	INSERT INTO `extension_path` VALUES (179, 2, 'admin/view/javascript/d_bootstrap_switch/css/bootstrap-switch.css', '2019-02-27 11:08:01');
	INSERT INTO `extension_path` VALUES (180, 2, 'admin/view/javascript/d_bootstrap_switch/css/bootstrap-switch.min.css', '2019-02-27 11:08:01');
	INSERT INTO `extension_path` VALUES (181, 2, 'admin/view/javascript/d_bootstrap_switch/js/bootstrap-switch.js', '2019-02-27 11:08:01');
	INSERT INTO `extension_path` VALUES (182, 2, 'admin/view/javascript/d_bootstrap_switch/js/bootstrap-switch.min.js', '2019-02-27 11:08:01');
	INSERT INTO `extension_path` VALUES (183, 2, 'admin/view/stylesheet/d_admin_style/core/_blog.scss', '2019-02-27 11:08:01');
	INSERT INTO `extension_path` VALUES (184, 2, 'admin/view/stylesheet/d_admin_style/core/_common.scss', '2019-02-27 11:08:01');
	INSERT INTO `extension_path` VALUES (185, 2, 'admin/view/stylesheet/d_admin_style/core/_compatible.scss', '2019-02-27 11:08:01');
	INSERT INTO `extension_path` VALUES (186, 2, 'admin/view/stylesheet/d_admin_style/core/_notification.scss', '2019-02-27 11:08:01');
	INSERT INTO `extension_path` VALUES (187, 2, 'admin/view/stylesheet/d_admin_style/core/_tables.scss', '2019-02-27 11:08:01');
	INSERT INTO `extension_path` VALUES (188, 2, 'admin/view/stylesheet/d_admin_style/core/core.css', '2019-02-27 11:08:01');
	INSERT INTO `extension_path` VALUES (189, 2, 'admin/view/stylesheet/d_admin_style/core/core.css.map', '2019-02-27 11:08:01');
	INSERT INTO `extension_path` VALUES (190, 2, 'admin/view/stylesheet/d_admin_style/core/core.scss', '2019-02-27 11:08:01');
	INSERT INTO `extension_path` VALUES (191, 2, 'admin/view/stylesheet/d_admin_style/core/header', '2019-02-27 11:08:01');
	INSERT INTO `extension_path` VALUES (192, 2, 'admin/view/stylesheet/d_admin_style/core/normalize', '2019-02-27 11:08:01');
	INSERT INTO `extension_path` VALUES (193, 2, 'admin/view/stylesheet/d_admin_style/core/scss', '2019-02-27 11:08:01');
	INSERT INTO `extension_path` VALUES (194, 2, 'admin/view/stylesheet/d_admin_style/core/setup.css', '2019-02-27 11:08:01');
	INSERT INTO `extension_path` VALUES (195, 2, 'admin/view/stylesheet/d_admin_style/core/setup.css.map', '2019-02-27 11:08:01');
	INSERT INTO `extension_path` VALUES (196, 2, 'admin/view/stylesheet/d_admin_style/core/setup.scss', '2019-02-27 11:08:01');
	INSERT INTO `extension_path` VALUES (197, 2, 'admin/view/stylesheet/d_admin_style/core/svg', '2019-02-27 11:08:01');
	INSERT INTO `extension_path` VALUES (198, 2, 'admin/view/stylesheet/d_admin_style/core/welcome.css', '2019-02-27 11:08:01');
	INSERT INTO `extension_path` VALUES (199, 2, 'admin/view/stylesheet/d_admin_style/core/welcome.css.map', '2019-02-27 11:08:01');
	INSERT INTO `extension_path` VALUES (200, 2, 'admin/view/stylesheet/d_admin_style/core/welcome.scss', '2019-02-27 11:08:01');
	INSERT INTO `extension_path` VALUES (201, 2, 'admin/view/stylesheet/d_admin_style/themes/dark', '2019-02-27 11:08:01');
	INSERT INTO `extension_path` VALUES (202, 2, 'admin/view/stylesheet/d_admin_style/themes/default', '2019-02-27 11:08:01');
	INSERT INTO `extension_path` VALUES (203, 2, 'admin/view/stylesheet/d_admin_style/themes/light', '2019-02-27 11:08:01');
	INSERT INTO `extension_path` VALUES (204, 2, 'admin/view/template/extension/d_admin_style/setup.twig', '2019-02-27 11:08:01');
	INSERT INTO `extension_path` VALUES (205, 2, 'admin/view/template/extension/d_ajax_search/customer_search_history.twig', '2019-02-27 11:08:01');
	INSERT INTO `extension_path` VALUES (206, 2, 'admin/view/template/extension/module/d_ajax_search.twig', '2019-02-27 11:08:01');
	INSERT INTO `extension_path` VALUES (207, 2, 'catalog/language/en-gb/extension/module/d_ajax_search.php', '2019-02-27 11:08:01');
	INSERT INTO `extension_path` VALUES (208, 2, 'catalog/view/javascript/d_bootstrap_switch/css/bootstrap-switch.css', '2019-02-27 11:08:01');
	INSERT INTO `extension_path` VALUES (209, 2, 'catalog/view/javascript/d_bootstrap_switch/css/bootstrap-switch.min.css', '2019-02-27 11:08:01');
	INSERT INTO `extension_path` VALUES (210, 2, 'catalog/view/javascript/d_bootstrap_switch/js/bootstrap-switch.js', '2019-02-27 11:08:01');
	INSERT INTO `extension_path` VALUES (211, 2, 'catalog/view/javascript/d_bootstrap_switch/js/bootstrap-switch.min.js', '2019-02-27 11:08:01');
	INSERT INTO `extension_path` VALUES (212, 2, 'catalog/view/theme/default/stylesheet/d_ajax_search', '2019-02-27 11:08:01');
	INSERT INTO `extension_path` VALUES (213, 2, 'system/library/template/Twig/Extension/DTwigManager.php', '2019-02-27 11:08:01');
	INSERT INTO `extension_path` VALUES (214, 2, 'admin/view/stylesheet/d_admin_style/core/header/header.css', '2019-02-27 11:08:01');
	INSERT INTO `extension_path` VALUES (215, 2, 'admin/view/stylesheet/d_admin_style/core/header/header.css.map', '2019-02-27 11:08:01');
	INSERT INTO `extension_path` VALUES (216, 2, 'admin/view/stylesheet/d_admin_style/core/header/header.scss', '2019-02-27 11:08:01');
	INSERT INTO `extension_path` VALUES (217, 2, 'admin/view/stylesheet/d_admin_style/core/header/headerold.css', '2019-02-27 11:08:01');
	INSERT INTO `extension_path` VALUES (218, 2, 'admin/view/stylesheet/d_admin_style/core/header/headerold.css.map', '2019-02-27 11:08:02');
	INSERT INTO `extension_path` VALUES (219, 2, 'admin/view/stylesheet/d_admin_style/core/header/headerold.scss', '2019-02-27 11:08:02');
	INSERT INTO `extension_path` VALUES (220, 2, 'admin/view/stylesheet/d_admin_style/core/normalize/normalize.css', '2019-02-27 11:08:02');
	INSERT INTO `extension_path` VALUES (221, 2, 'admin/view/stylesheet/d_admin_style/core/scss/_mixin.scss', '2019-02-27 11:08:02');
	INSERT INTO `extension_path` VALUES (222, 2, 'admin/view/stylesheet/d_admin_style/core/scss/_mixins.sass', '2019-02-27 11:08:02');
	INSERT INTO `extension_path` VALUES (223, 2, 'admin/view/stylesheet/d_admin_style/core/scss/_variable.scss', '2019-02-27 11:08:02');
	INSERT INTO `extension_path` VALUES (224, 2, 'admin/view/stylesheet/d_admin_style/core/scss/modification', '2019-02-27 11:08:02');
	INSERT INTO `extension_path` VALUES (225, 2, 'admin/view/stylesheet/d_admin_style/core/scss/mofication', '2019-02-27 11:08:02');
	INSERT INTO `extension_path` VALUES (226, 2, 'admin/view/stylesheet/d_admin_style/core/scss/section', '2019-02-27 11:08:02');
	INSERT INTO `extension_path` VALUES (227, 2, 'admin/view/stylesheet/d_admin_style/core/scss/third_party', '2019-02-27 11:08:02');
	INSERT INTO `extension_path` VALUES (228, 2, 'admin/view/stylesheet/d_admin_style/core/svg/loader.svg', '2019-02-27 11:08:02');
	INSERT INTO `extension_path` VALUES (229, 2, 'admin/view/stylesheet/d_admin_style/themes/dark/dark.css', '2019-02-27 11:08:02');
	INSERT INTO `extension_path` VALUES (230, 2, 'admin/view/stylesheet/d_admin_style/themes/dark/dark.css.map', '2019-02-27 11:08:02');
	INSERT INTO `extension_path` VALUES (231, 2, 'admin/view/stylesheet/d_admin_style/themes/dark/dark.scss', '2019-02-27 11:08:02');
	INSERT INTO `extension_path` VALUES (232, 2, 'admin/view/stylesheet/d_admin_style/themes/dark/scss', '2019-02-27 11:08:02');
	INSERT INTO `extension_path` VALUES (233, 2, 'admin/view/stylesheet/d_admin_style/themes/dark/styles.css', '2019-02-27 11:08:02');
	INSERT INTO `extension_path` VALUES (234, 2, 'admin/view/stylesheet/d_admin_style/themes/dark/styles.css.map', '2019-02-27 11:08:02');
	INSERT INTO `extension_path` VALUES (235, 2, 'admin/view/stylesheet/d_admin_style/themes/dark/styles.scss', '2019-02-27 11:08:02');
	INSERT INTO `extension_path` VALUES (236, 2, 'admin/view/stylesheet/d_admin_style/themes/default/styles.css', '2019-02-27 11:08:02');
	INSERT INTO `extension_path` VALUES (237, 2, 'admin/view/stylesheet/d_admin_style/themes/light/light.css', '2019-02-27 11:08:02');
	INSERT INTO `extension_path` VALUES (238, 2, 'admin/view/stylesheet/d_admin_style/themes/light/light.css.map', '2019-02-27 11:08:02');
	INSERT INTO `extension_path` VALUES (239, 2, 'admin/view/stylesheet/d_admin_style/themes/light/light.scss', '2019-02-27 11:08:02');
	INSERT INTO `extension_path` VALUES (240, 2, 'admin/view/stylesheet/d_admin_style/themes/light/modification', '2019-02-27 11:08:02');
	INSERT INTO `extension_path` VALUES (241, 2, 'admin/view/stylesheet/d_admin_style/themes/light/scss', '2019-02-27 11:08:02');
	INSERT INTO `extension_path` VALUES (242, 2, 'admin/view/stylesheet/d_admin_style/themes/light/styles.css', '2019-02-27 11:08:02');
	INSERT INTO `extension_path` VALUES (243, 2, 'admin/view/stylesheet/d_admin_style/themes/light/styles.css.map', '2019-02-27 11:08:02');
	INSERT INTO `extension_path` VALUES (244, 2, 'admin/view/stylesheet/d_admin_style/themes/light/styles.scss', '2019-02-27 11:08:02');
	INSERT INTO `extension_path` VALUES (245, 2, 'catalog/view/theme/default/stylesheet/d_ajax_search/d_ajax_search.css', '2019-02-27 11:08:02');
	INSERT INTO `extension_path` VALUES (246, 2, 'catalog/view/theme/default/stylesheet/d_ajax_search/mobile.css', '2019-02-27 11:08:02');
	INSERT INTO `extension_path` VALUES (247, 2, 'admin/view/stylesheet/d_admin_style/core/scss/modification/_button.scss', '2019-02-27 11:08:02');
	INSERT INTO `extension_path` VALUES (248, 2, 'admin/view/stylesheet/d_admin_style/core/scss/modification/_callout.scss', '2019-02-27 11:08:02');
	INSERT INTO `extension_path` VALUES (249, 2, 'admin/view/stylesheet/d_admin_style/core/scss/modification/_checkbox.scss', '2019-02-27 11:08:02');
	INSERT INTO `extension_path` VALUES (250, 2, 'admin/view/stylesheet/d_admin_style/core/scss/modification/_common.scss', '2019-02-27 11:08:02');
	INSERT INTO `extension_path` VALUES (251, 2, 'admin/view/stylesheet/d_admin_style/core/scss/modification/_forms.scss', '2019-02-27 11:08:02');
	INSERT INTO `extension_path` VALUES (252, 2, 'admin/view/stylesheet/d_admin_style/core/scss/modification/_import.scss', '2019-02-27 11:08:02');
	INSERT INTO `extension_path` VALUES (253, 2, 'admin/view/stylesheet/d_admin_style/core/scss/modification/_info.scss', '2019-02-27 11:08:02');
	INSERT INTO `extension_path` VALUES (254, 2, 'admin/view/stylesheet/d_admin_style/core/scss/modification/_navigation.scss', '2019-02-27 11:08:02');
	INSERT INTO `extension_path` VALUES (255, 2, 'admin/view/stylesheet/d_admin_style/core/scss/modification/_pagination.scss', '2019-02-27 11:08:02');
	INSERT INTO `extension_path` VALUES (256, 2, 'admin/view/stylesheet/d_admin_style/core/scss/modification/_panels.scss', '2019-02-27 11:08:02');
	INSERT INTO `extension_path` VALUES (257, 2, 'admin/view/stylesheet/d_admin_style/core/scss/mofication/_button.scss', '2019-02-27 11:08:02');
	INSERT INTO `extension_path` VALUES (258, 2, 'admin/view/stylesheet/d_admin_style/core/scss/mofication/_callout.scss', '2019-02-27 11:08:02');
	INSERT INTO `extension_path` VALUES (259, 2, 'admin/view/stylesheet/d_admin_style/core/scss/mofication/_common.scss', '2019-02-27 11:08:02');
	INSERT INTO `extension_path` VALUES (260, 2, 'admin/view/stylesheet/d_admin_style/core/scss/mofication/_forms.scss', '2019-02-27 11:08:02');
	INSERT INTO `extension_path` VALUES (261, 2, 'admin/view/stylesheet/d_admin_style/core/scss/mofication/_import.scss', '2019-02-27 11:08:02');
	INSERT INTO `extension_path` VALUES (262, 2, 'admin/view/stylesheet/d_admin_style/core/scss/mofication/_navigation.scss', '2019-02-27 11:08:02');
	INSERT INTO `extension_path` VALUES (263, 2, 'admin/view/stylesheet/d_admin_style/core/scss/mofication/_panels.scss', '2019-02-27 11:08:02');
	INSERT INTO `extension_path` VALUES (264, 2, 'admin/view/stylesheet/d_admin_style/core/scss/section/_dashboard.scss', '2019-02-27 11:08:02');
	INSERT INTO `extension_path` VALUES (265, 2, 'admin/view/stylesheet/d_admin_style/core/scss/section/_firewall.scss', '2019-02-27 11:08:02');
	INSERT INTO `extension_path` VALUES (266, 2, 'admin/view/stylesheet/d_admin_style/core/scss/section/_help.scss', '2019-02-27 11:08:02');
	INSERT INTO `extension_path` VALUES (267, 2, 'admin/view/stylesheet/d_admin_style/core/scss/section/_low_php.scss', '2019-02-27 11:08:02');
	INSERT INTO `extension_path` VALUES (268, 2, 'admin/view/stylesheet/d_admin_style/core/scss/section/_scan.scss', '2019-02-27 11:08:02');
	INSERT INTO `extension_path` VALUES (269, 2, 'admin/view/stylesheet/d_admin_style/core/scss/section/_setting.scss', '2019-02-27 11:08:02');
	INSERT INTO `extension_path` VALUES (270, 2, 'admin/view/stylesheet/d_admin_style/core/scss/section/_statistic.scss', '2019-02-27 11:08:02');
	INSERT INTO `extension_path` VALUES (271, 2, 'admin/view/stylesheet/d_admin_style/core/scss/third_party/_chart.scss', '2019-02-27 11:08:02');
	INSERT INTO `extension_path` VALUES (272, 2, 'admin/view/stylesheet/d_admin_style/core/scss/third_party/_diff.scss', '2019-02-27 11:08:02');
	INSERT INTO `extension_path` VALUES (273, 2, 'admin/view/stylesheet/d_admin_style/themes/dark/scss/_mixin.scss', '2019-02-27 11:08:02');
	INSERT INTO `extension_path` VALUES (274, 2, 'admin/view/stylesheet/d_admin_style/themes/dark/scss/_variable.scss', '2019-02-27 11:08:02');
	INSERT INTO `extension_path` VALUES (275, 2, 'admin/view/stylesheet/d_admin_style/themes/dark/scss/section', '2019-02-27 11:08:02');
	INSERT INTO `extension_path` VALUES (276, 2, 'admin/view/stylesheet/d_admin_style/themes/dark/scss/third_party', '2019-02-27 11:08:02');
	INSERT INTO `extension_path` VALUES (277, 2, 'admin/view/stylesheet/d_admin_style/themes/light/modification/_button.scss', '2019-02-27 11:08:02');
	INSERT INTO `extension_path` VALUES (278, 2, 'admin/view/stylesheet/d_admin_style/themes/light/modification/_common.scss', '2019-02-27 11:08:02');
	INSERT INTO `extension_path` VALUES (279, 2, 'admin/view/stylesheet/d_admin_style/themes/light/modification/_form.scss', '2019-02-27 11:08:02');
	INSERT INTO `extension_path` VALUES (280, 2, 'admin/view/stylesheet/d_admin_style/themes/light/modification/_forms.scss', '2019-02-27 11:08:02');
	INSERT INTO `extension_path` VALUES (281, 2, 'admin/view/stylesheet/d_admin_style/themes/light/modification/_info.scss', '2019-02-27 11:08:02');
	INSERT INTO `extension_path` VALUES (282, 2, 'admin/view/stylesheet/d_admin_style/themes/light/modification/_modal.scss', '2019-02-27 11:08:02');
	INSERT INTO `extension_path` VALUES (283, 2, 'admin/view/stylesheet/d_admin_style/themes/light/modification/_navigation.scss', '2019-02-27 11:08:02');
	INSERT INTO `extension_path` VALUES (284, 2, 'admin/view/stylesheet/d_admin_style/themes/light/modification/_notification.scss', '2019-02-27 11:08:02');
	INSERT INTO `extension_path` VALUES (285, 2, 'admin/view/stylesheet/d_admin_style/themes/light/modification/_pagination.scss', '2019-02-27 11:08:02');
	INSERT INTO `extension_path` VALUES (286, 2, 'admin/view/stylesheet/d_admin_style/themes/light/modification/_panel.scss', '2019-02-27 11:08:02');
	INSERT INTO `extension_path` VALUES (287, 2, 'admin/view/stylesheet/d_admin_style/themes/light/modification/_table.scss', '2019-02-27 11:08:02');
	INSERT INTO `extension_path` VALUES (288, 2, 'admin/view/stylesheet/d_admin_style/themes/light/scss/_mixin.scss', '2019-02-27 11:08:02');
	INSERT INTO `extension_path` VALUES (289, 2, 'admin/view/stylesheet/d_admin_style/themes/light/scss/_variable.scss', '2019-02-27 11:08:02');
	INSERT INTO `extension_path` VALUES (290, 2, 'admin/view/stylesheet/d_admin_style/themes/light/scss/section', '2019-02-27 11:08:02');
	INSERT INTO `extension_path` VALUES (291, 2, 'admin/view/stylesheet/d_admin_style/themes/light/scss/third_party', '2019-02-27 11:08:02');
	INSERT INTO `extension_path` VALUES (292, 2, 'catalog/view/theme/default/template/extension/module/d_ajax_search.twig', '2019-02-27 11:08:02');
	INSERT INTO `extension_path` VALUES (293, 2, 'admin/view/stylesheet/d_admin_style/themes/dark/scss/section/_dashboard.scss', '2019-02-27 11:08:02');
	INSERT INTO `extension_path` VALUES (294, 2, 'admin/view/stylesheet/d_admin_style/themes/dark/scss/section/_firewall.scss', '2019-02-27 11:08:02');
	INSERT INTO `extension_path` VALUES (295, 2, 'admin/view/stylesheet/d_admin_style/themes/dark/scss/section/_help.scss', '2019-02-27 11:08:02');
	INSERT INTO `extension_path` VALUES (296, 2, 'admin/view/stylesheet/d_admin_style/themes/dark/scss/section/_low_php.scss', '2019-02-27 11:08:02');
	INSERT INTO `extension_path` VALUES (297, 2, 'admin/view/stylesheet/d_admin_style/themes/dark/scss/section/_scan.scss', '2019-02-27 11:08:02');
	INSERT INTO `extension_path` VALUES (298, 2, 'admin/view/stylesheet/d_admin_style/themes/dark/scss/section/_setting.scss', '2019-02-27 11:08:02');
	INSERT INTO `extension_path` VALUES (299, 2, 'admin/view/stylesheet/d_admin_style/themes/dark/scss/section/_statistic.scss', '2019-02-27 11:08:02');
	INSERT INTO `extension_path` VALUES (300, 2, 'admin/view/stylesheet/d_admin_style/themes/dark/scss/third_party/_chart.scss', '2019-02-27 11:08:02');
	INSERT INTO `extension_path` VALUES (301, 2, 'admin/view/stylesheet/d_admin_style/themes/dark/scss/third_party/_diff.scss', '2019-02-27 11:08:02');
	INSERT INTO `extension_path` VALUES (302, 2, 'admin/view/stylesheet/d_admin_style/themes/light/scss/section/_dashboard.scss', '2019-02-27 11:08:02');
	INSERT INTO `extension_path` VALUES (303, 2, 'admin/view/stylesheet/d_admin_style/themes/light/scss/section/_firewall.scss', '2019-02-27 11:08:02');
	INSERT INTO `extension_path` VALUES (304, 2, 'admin/view/stylesheet/d_admin_style/themes/light/scss/section/_help.scss', '2019-02-27 11:08:02');
	INSERT INTO `extension_path` VALUES (305, 2, 'admin/view/stylesheet/d_admin_style/themes/light/scss/section/_low_php.scss', '2019-02-27 11:08:02');
	INSERT INTO `extension_path` VALUES (306, 2, 'admin/view/stylesheet/d_admin_style/themes/light/scss/section/_scan.scss', '2019-02-27 11:08:02');
	INSERT INTO `extension_path` VALUES (307, 2, 'admin/view/stylesheet/d_admin_style/themes/light/scss/section/_setting.scss', '2019-02-27 11:08:02');
	INSERT INTO `extension_path` VALUES (308, 2, 'admin/view/stylesheet/d_admin_style/themes/light/scss/section/_statistic.scss', '2019-02-27 11:08:02');
	INSERT INTO `extension_path` VALUES (309, 2, 'admin/view/stylesheet/d_admin_style/themes/light/scss/third_party/_chart.scss', '2019-02-27 11:08:02');
	INSERT INTO `extension_path` VALUES (310, 2, 'admin/view/stylesheet/d_admin_style/themes/light/scss/third_party/_diff.scss', '2019-02-27 11:08:02');
	INSERT INTO `extension_path` VALUES (311, 3, 'admin/view/javascript/quickcheckout', '2019-02-28 13:03:39');
	INSERT INTO `extension_path` VALUES (312, 3, 'admin/view/stylesheet/quickcheckout.css', '2019-02-28 13:03:39');
	INSERT INTO `extension_path` VALUES (313, 3, 'catalog/controller/extension/quickcheckout', '2019-02-28 13:03:39');
	INSERT INTO `extension_path` VALUES (314, 3, 'admin/controller/extension/module/quickcheckout.php', '2019-02-28 13:03:39');
	INSERT INTO `extension_path` VALUES (315, 3, 'admin/model/extension/module/quickcheckout.php', '2019-02-28 13:03:39');
	INSERT INTO `extension_path` VALUES (316, 3, 'admin/view/javascript/quickcheckout/bootstrap-slider', '2019-02-28 13:03:39');
	INSERT INTO `extension_path` VALUES (317, 3, 'admin/view/javascript/quickcheckout/bootstrap-sortable.js', '2019-02-28 13:03:39');
	INSERT INTO `extension_path` VALUES (318, 3, 'admin/view/javascript/quickcheckout/tinysort', '2019-02-28 13:03:39');
	INSERT INTO `extension_path` VALUES (319, 3, 'catalog/controller/extension/quickcheckout/cart.php', '2019-02-28 13:03:39');
	INSERT INTO `extension_path` VALUES (320, 3, 'catalog/controller/extension/quickcheckout/checkout.php', '2019-02-28 13:03:39');
	INSERT INTO `extension_path` VALUES (321, 3, 'catalog/controller/extension/quickcheckout/confirm.php', '2019-02-28 13:03:39');
	INSERT INTO `extension_path` VALUES (322, 3, 'catalog/controller/extension/quickcheckout/guest.php', '2019-02-28 13:03:39');
	INSERT INTO `extension_path` VALUES (323, 3, 'catalog/controller/extension/quickcheckout/guest_shipping.php', '2019-02-28 13:03:39');
	INSERT INTO `extension_path` VALUES (324, 3, 'catalog/controller/extension/quickcheckout/login.php', '2019-02-28 13:03:39');
	INSERT INTO `extension_path` VALUES (325, 3, 'catalog/controller/extension/quickcheckout/payment_address.php', '2019-02-28 13:03:39');
	INSERT INTO `extension_path` VALUES (326, 3, 'catalog/controller/extension/quickcheckout/payment_method.php', '2019-02-28 13:03:39');
	INSERT INTO `extension_path` VALUES (327, 3, 'catalog/controller/extension/quickcheckout/register.php', '2019-02-28 13:03:39');
	INSERT INTO `extension_path` VALUES (328, 3, 'catalog/controller/extension/quickcheckout/shipping_address.php', '2019-02-28 13:03:39');
	INSERT INTO `extension_path` VALUES (329, 3, 'catalog/controller/extension/quickcheckout/shipping_method.php', '2019-02-28 13:03:39');
	INSERT INTO `extension_path` VALUES (330, 3, 'catalog/controller/extension/quickcheckout/terms.php', '2019-02-28 13:03:39');
	INSERT INTO `extension_path` VALUES (331, 3, 'catalog/controller/extension/quickcheckout/voucher.php', '2019-02-28 13:03:39');
	INSERT INTO `extension_path` VALUES (332, 3, 'catalog/language/en-gb/extension/quickcheckout', '2019-02-28 13:03:39');
	INSERT INTO `extension_path` VALUES (333, 3, 'catalog/language/ru-ru/extension/quickcheckout', '2019-02-28 13:03:39');
	INSERT INTO `extension_path` VALUES (334, 3, 'catalog/view/javascript/jquery/quickcheckout', '2019-02-28 13:03:39');
	INSERT INTO `extension_path` VALUES (335, 3, 'admin/language/en-gb/extension/module/quickcheckout.php', '2019-02-28 13:03:39');
	INSERT INTO `extension_path` VALUES (336, 3, 'admin/language/ru-ru/extension/module/quickcheckout.php', '2019-02-28 13:03:39');
	INSERT INTO `extension_path` VALUES (337, 3, 'admin/view/javascript/quickcheckout/bootstrap-slider/css', '2019-02-28 13:03:39');
	INSERT INTO `extension_path` VALUES (338, 3, 'admin/view/javascript/quickcheckout/bootstrap-slider/js', '2019-02-28 13:03:39');
	INSERT INTO `extension_path` VALUES (339, 3, 'admin/view/javascript/quickcheckout/tinysort/jquery.tinysort.min.js', '2019-02-28 13:03:39');
	INSERT INTO `extension_path` VALUES (340, 3, 'admin/view/template/extension/module/quickcheckout.twig', '2019-02-28 13:03:39');
	INSERT INTO `extension_path` VALUES (341, 3, 'catalog/language/en-gb/extension/quickcheckout/checkout.php', '2019-02-28 13:03:39');
	INSERT INTO `extension_path` VALUES (342, 3, 'catalog/language/ru-ru/extension/quickcheckout/checkout.php', '2019-02-28 13:03:39');
	INSERT INTO `extension_path` VALUES (343, 3, 'catalog/view/javascript/jquery/quickcheckout/bootstrap-datetimepicker.min.css', '2019-02-28 13:03:39');
	INSERT INTO `extension_path` VALUES (344, 3, 'catalog/view/javascript/jquery/quickcheckout/bootstrap-datetimepicker.min.js', '2019-02-28 13:03:39');
	INSERT INTO `extension_path` VALUES (345, 3, 'catalog/view/javascript/jquery/quickcheckout/jquery.tinysort.min.js', '2019-02-28 13:03:39');
	INSERT INTO `extension_path` VALUES (346, 3, 'catalog/view/javascript/jquery/quickcheckout/quickcheckout.block.js', '2019-02-28 13:03:39');
	INSERT INTO `extension_path` VALUES (347, 3, 'catalog/view/javascript/jquery/quickcheckout/quickcheckout.js', '2019-02-28 13:03:39');
	INSERT INTO `extension_path` VALUES (348, 3, 'catalog/view/theme/default/stylesheet/quickcheckout.css', '2019-02-28 13:03:39');
	INSERT INTO `extension_path` VALUES (349, 3, 'catalog/view/theme/default/stylesheet/quickcheckout_custom.css', '2019-02-28 13:03:39');
	INSERT INTO `extension_path` VALUES (350, 3, 'catalog/view/theme/default/stylesheet/quickcheckout_mobile.css', '2019-02-28 13:03:39');
	INSERT INTO `extension_path` VALUES (351, 3, 'catalog/view/theme/default/stylesheet/quickcheckout_one.css', '2019-02-28 13:03:39');
	INSERT INTO `extension_path` VALUES (352, 3, 'catalog/view/theme/default/stylesheet/quickcheckout_three.css', '2019-02-28 13:03:39');
	INSERT INTO `extension_path` VALUES (353, 3, 'catalog/view/theme/default/stylesheet/quickcheckout_two.css', '2019-02-28 13:03:39');
	INSERT INTO `extension_path` VALUES (354, 3, 'admin/view/javascript/quickcheckout/bootstrap-slider/css/slider.css', '2019-02-28 13:03:39');
	INSERT INTO `extension_path` VALUES (355, 3, 'admin/view/javascript/quickcheckout/bootstrap-slider/js/bootstrap-slider.js', '2019-02-28 13:03:39');
	INSERT INTO `extension_path` VALUES (356, 3, 'catalog/view/theme/default/template/extension/quickcheckout', '2019-02-28 13:03:39');
	INSERT INTO `extension_path` VALUES (357, 3, 'catalog/view/theme/default/template/extension/quickcheckout/cart.twig', '2019-02-28 13:03:39');
	INSERT INTO `extension_path` VALUES (358, 3, 'catalog/view/theme/default/template/extension/quickcheckout/checkout.twig', '2019-02-28 13:03:39');
	INSERT INTO `extension_path` VALUES (359, 3, 'catalog/view/theme/default/template/extension/quickcheckout/confirm.twig', '2019-02-28 13:03:39');
	INSERT INTO `extension_path` VALUES (360, 3, 'catalog/view/theme/default/template/extension/quickcheckout/guest.twig', '2019-02-28 13:03:39');
	INSERT INTO `extension_path` VALUES (361, 3, 'catalog/view/theme/default/template/extension/quickcheckout/guest_shipping.twig', '2019-02-28 13:03:39');
	INSERT INTO `extension_path` VALUES (362, 3, 'catalog/view/theme/default/template/extension/quickcheckout/login.twig', '2019-02-28 13:03:39');
	INSERT INTO `extension_path` VALUES (363, 3, 'catalog/view/theme/default/template/extension/quickcheckout/payment_address.twig', '2019-02-28 13:03:39');
	INSERT INTO `extension_path` VALUES (364, 3, 'catalog/view/theme/default/template/extension/quickcheckout/payment_method.twig', '2019-02-28 13:03:39');
	INSERT INTO `extension_path` VALUES (365, 3, 'catalog/view/theme/default/template/extension/quickcheckout/register.twig', '2019-02-28 13:03:39');
	INSERT INTO `extension_path` VALUES (366, 3, 'catalog/view/theme/default/template/extension/quickcheckout/shipping_address.twig', '2019-02-28 13:03:39');
	INSERT INTO `extension_path` VALUES (367, 3, 'catalog/view/theme/default/template/extension/quickcheckout/shipping_method.twig', '2019-02-28 13:03:39');
	INSERT INTO `extension_path` VALUES (368, 3, 'catalog/view/theme/default/template/extension/quickcheckout/terms.twig', '2019-02-28 13:03:39');
	INSERT INTO `extension_path` VALUES (369, 3, 'catalog/view/theme/default/template/extension/quickcheckout/voucher.twig', '2019-02-28 13:03:39');
	INSERT INTO `extension_path` VALUES (370, 6, 'admin/view/javascript/quickcheckout', '2019-02-28 13:51:36');
	INSERT INTO `extension_path` VALUES (371, 6, 'admin/view/stylesheet/quickcheckout.css', '2019-02-28 13:51:36');
	INSERT INTO `extension_path` VALUES (372, 6, 'catalog/controller/extension/quickcheckout', '2019-02-28 13:51:36');
	INSERT INTO `extension_path` VALUES (373, 6, 'admin/controller/extension/module/quickcheckout.php', '2019-02-28 13:51:36');
	INSERT INTO `extension_path` VALUES (374, 6, 'admin/model/extension/module/quickcheckout.php', '2019-02-28 13:51:36');
	INSERT INTO `extension_path` VALUES (375, 6, 'admin/view/javascript/quickcheckout/bootstrap-slider', '2019-02-28 13:51:36');
	INSERT INTO `extension_path` VALUES (376, 6, 'admin/view/javascript/quickcheckout/bootstrap-sortable.js', '2019-02-28 13:51:36');
	INSERT INTO `extension_path` VALUES (377, 6, 'admin/view/javascript/quickcheckout/tinysort', '2019-02-28 13:51:37');
	INSERT INTO `extension_path` VALUES (378, 6, 'catalog/controller/extension/quickcheckout/cart.php', '2019-02-28 13:51:37');
	INSERT INTO `extension_path` VALUES (379, 6, 'catalog/controller/extension/quickcheckout/checkout.php', '2019-02-28 13:51:37');
	INSERT INTO `extension_path` VALUES (380, 6, 'catalog/controller/extension/quickcheckout/confirm.php', '2019-02-28 13:51:37');
	INSERT INTO `extension_path` VALUES (381, 6, 'catalog/controller/extension/quickcheckout/guest.php', '2019-02-28 13:51:37');
	INSERT INTO `extension_path` VALUES (382, 6, 'catalog/controller/extension/quickcheckout/guest_shipping.php', '2019-02-28 13:51:37');
	INSERT INTO `extension_path` VALUES (383, 6, 'catalog/controller/extension/quickcheckout/login.php', '2019-02-28 13:51:37');
	INSERT INTO `extension_path` VALUES (384, 6, 'catalog/controller/extension/quickcheckout/payment_address.php', '2019-02-28 13:51:37');
	INSERT INTO `extension_path` VALUES (385, 6, 'catalog/controller/extension/quickcheckout/payment_method.php', '2019-02-28 13:51:37');
	INSERT INTO `extension_path` VALUES (386, 6, 'catalog/controller/extension/quickcheckout/register.php', '2019-02-28 13:51:37');
	INSERT INTO `extension_path` VALUES (387, 6, 'catalog/controller/extension/quickcheckout/shipping_address.php', '2019-02-28 13:51:37');
	INSERT INTO `extension_path` VALUES (388, 6, 'catalog/controller/extension/quickcheckout/shipping_method.php', '2019-02-28 13:51:37');
	INSERT INTO `extension_path` VALUES (389, 6, 'catalog/controller/extension/quickcheckout/terms.php', '2019-02-28 13:51:37');
	INSERT INTO `extension_path` VALUES (390, 6, 'catalog/controller/extension/quickcheckout/voucher.php', '2019-02-28 13:51:37');
	INSERT INTO `extension_path` VALUES (391, 6, 'catalog/language/en-gb/extension/quickcheckout', '2019-02-28 13:51:37');
	INSERT INTO `extension_path` VALUES (392, 6, 'catalog/language/ru-ru/extension/quickcheckout', '2019-02-28 13:51:37');
	INSERT INTO `extension_path` VALUES (393, 6, 'catalog/view/javascript/jquery/quickcheckout', '2019-02-28 13:51:37');
	INSERT INTO `extension_path` VALUES (394, 6, 'admin/language/en-gb/extension/module/quickcheckout.php', '2019-02-28 13:51:37');
	INSERT INTO `extension_path` VALUES (395, 6, 'admin/language/ru-ru/extension/module/quickcheckout.php', '2019-02-28 13:51:37');
	INSERT INTO `extension_path` VALUES (396, 6, 'admin/view/javascript/quickcheckout/bootstrap-slider/css', '2019-02-28 13:51:37');
	INSERT INTO `extension_path` VALUES (397, 6, 'admin/view/javascript/quickcheckout/bootstrap-slider/js', '2019-02-28 13:51:37');
	INSERT INTO `extension_path` VALUES (398, 6, 'admin/view/javascript/quickcheckout/tinysort/jquery.tinysort.min.js', '2019-02-28 13:51:37');
	INSERT INTO `extension_path` VALUES (399, 6, 'admin/view/template/extension/module/quickcheckout.twig', '2019-02-28 13:51:37');
	INSERT INTO `extension_path` VALUES (400, 6, 'catalog/language/en-gb/extension/quickcheckout/checkout.php', '2019-02-28 13:51:37');
	INSERT INTO `extension_path` VALUES (401, 6, 'catalog/language/ru-ru/extension/quickcheckout/checkout.php', '2019-02-28 13:51:37');
	INSERT INTO `extension_path` VALUES (402, 6, 'catalog/view/javascript/jquery/quickcheckout/bootstrap-datetimepicker.min.css', '2019-02-28 13:51:37');
	INSERT INTO `extension_path` VALUES (403, 6, 'catalog/view/javascript/jquery/quickcheckout/bootstrap-datetimepicker.min.js', '2019-02-28 13:51:37');
	INSERT INTO `extension_path` VALUES (404, 6, 'catalog/view/javascript/jquery/quickcheckout/jquery.tinysort.min.js', '2019-02-28 13:51:37');
	INSERT INTO `extension_path` VALUES (405, 6, 'catalog/view/javascript/jquery/quickcheckout/quickcheckout.block.js', '2019-02-28 13:51:37');
	INSERT INTO `extension_path` VALUES (406, 6, 'catalog/view/javascript/jquery/quickcheckout/quickcheckout.js', '2019-02-28 13:51:37');
	INSERT INTO `extension_path` VALUES (407, 6, 'catalog/view/theme/default/stylesheet/quickcheckout.css', '2019-02-28 13:51:37');
	INSERT INTO `extension_path` VALUES (408, 6, 'catalog/view/theme/default/stylesheet/quickcheckout_custom.css', '2019-02-28 13:51:37');
	INSERT INTO `extension_path` VALUES (409, 6, 'catalog/view/theme/default/stylesheet/quickcheckout_mobile.css', '2019-02-28 13:51:37');
	INSERT INTO `extension_path` VALUES (410, 6, 'catalog/view/theme/default/stylesheet/quickcheckout_one.css', '2019-02-28 13:51:37');
	INSERT INTO `extension_path` VALUES (411, 6, 'catalog/view/theme/default/stylesheet/quickcheckout_three.css', '2019-02-28 13:51:37');
	INSERT INTO `extension_path` VALUES (412, 6, 'catalog/view/theme/default/stylesheet/quickcheckout_two.css', '2019-02-28 13:51:37');
	INSERT INTO `extension_path` VALUES (413, 6, 'admin/view/javascript/quickcheckout/bootstrap-slider/css/slider.css', '2019-02-28 13:51:37');
	INSERT INTO `extension_path` VALUES (414, 6, 'admin/view/javascript/quickcheckout/bootstrap-slider/js/bootstrap-slider.js', '2019-02-28 13:51:37');
	INSERT INTO `extension_path` VALUES (415, 6, 'catalog/view/theme/default/template/extension/quickcheckout', '2019-02-28 13:51:37');
	INSERT INTO `extension_path` VALUES (416, 6, 'catalog/view/theme/default/template/extension/quickcheckout/cart.twig', '2019-02-28 13:51:37');
	INSERT INTO `extension_path` VALUES (417, 6, 'catalog/view/theme/default/template/extension/quickcheckout/checkout.twig', '2019-02-28 13:51:37');
	INSERT INTO `extension_path` VALUES (418, 6, 'catalog/view/theme/default/template/extension/quickcheckout/confirm.twig', '2019-02-28 13:51:37');
	INSERT INTO `extension_path` VALUES (419, 6, 'catalog/view/theme/default/template/extension/quickcheckout/guest.twig', '2019-02-28 13:51:37');
	INSERT INTO `extension_path` VALUES (420, 6, 'catalog/view/theme/default/template/extension/quickcheckout/guest_shipping.twig', '2019-02-28 13:51:37');
	INSERT INTO `extension_path` VALUES (421, 6, 'catalog/view/theme/default/template/extension/quickcheckout/login.twig', '2019-02-28 13:51:37');
	INSERT INTO `extension_path` VALUES (422, 6, 'catalog/view/theme/default/template/extension/quickcheckout/payment_address.twig', '2019-02-28 13:51:37');
	INSERT INTO `extension_path` VALUES (423, 6, 'catalog/view/theme/default/template/extension/quickcheckout/payment_method.twig', '2019-02-28 13:51:37');
	INSERT INTO `extension_path` VALUES (424, 6, 'catalog/view/theme/default/template/extension/quickcheckout/register.twig', '2019-02-28 13:51:37');
	INSERT INTO `extension_path` VALUES (425, 6, 'catalog/view/theme/default/template/extension/quickcheckout/shipping_address.twig', '2019-02-28 13:51:37');
	INSERT INTO `extension_path` VALUES (426, 6, 'catalog/view/theme/default/template/extension/quickcheckout/shipping_method.twig', '2019-02-28 13:51:37');
	INSERT INTO `extension_path` VALUES (427, 6, 'catalog/view/theme/default/template/extension/quickcheckout/terms.twig', '2019-02-28 13:51:37');
	INSERT INTO `extension_path` VALUES (428, 6, 'catalog/view/theme/default/template/extension/quickcheckout/voucher.twig', '2019-02-28 13:51:37');
	INSERT INTO `extension_path` VALUES (429, 8, 'admin/view/stylesheet/quickcheckout.css', '2019-03-05 15:55:01');
	INSERT INTO `extension_path` VALUES (430, 8, 'admin/controller/extension/module/quickcheckout.php', '2019-03-05 15:55:01');
	INSERT INTO `extension_path` VALUES (431, 8, 'admin/model/extension/module/quickcheckout.php', '2019-03-05 15:55:01');
	INSERT INTO `extension_path` VALUES (432, 8, 'admin/view/javascript/quickcheckout/bootstrap-sortable.js', '2019-03-05 15:55:01');
	INSERT INTO `extension_path` VALUES (433, 8, 'catalog/controller/extension/quickcheckout/cart.php', '2019-03-05 15:55:01');
	INSERT INTO `extension_path` VALUES (434, 8, 'catalog/controller/extension/quickcheckout/checkout.php', '2019-03-05 15:55:01');
	INSERT INTO `extension_path` VALUES (435, 8, 'catalog/controller/extension/quickcheckout/confirm.php', '2019-03-05 15:55:01');
	INSERT INTO `extension_path` VALUES (436, 8, 'catalog/controller/extension/quickcheckout/guest.php', '2019-03-05 15:55:01');
	INSERT INTO `extension_path` VALUES (437, 8, 'catalog/controller/extension/quickcheckout/guest_shipping.php', '2019-03-05 15:55:01');
	INSERT INTO `extension_path` VALUES (438, 8, 'catalog/controller/extension/quickcheckout/login.php', '2019-03-05 15:55:01');
	INSERT INTO `extension_path` VALUES (439, 8, 'catalog/controller/extension/quickcheckout/payment_address.php', '2019-03-05 15:55:01');
	INSERT INTO `extension_path` VALUES (440, 8, 'catalog/controller/extension/quickcheckout/payment_method.php', '2019-03-05 15:55:01');
	INSERT INTO `extension_path` VALUES (441, 8, 'catalog/controller/extension/quickcheckout/register.php', '2019-03-05 15:55:01');
	INSERT INTO `extension_path` VALUES (442, 8, 'catalog/controller/extension/quickcheckout/shipping_address.php', '2019-03-05 15:55:01');
	INSERT INTO `extension_path` VALUES (443, 8, 'catalog/controller/extension/quickcheckout/shipping_method.php', '2019-03-05 15:55:01');
	INSERT INTO `extension_path` VALUES (444, 8, 'catalog/controller/extension/quickcheckout/terms.php', '2019-03-05 15:55:01');
	INSERT INTO `extension_path` VALUES (445, 8, 'catalog/controller/extension/quickcheckout/voucher.php', '2019-03-05 15:55:01');
	INSERT INTO `extension_path` VALUES (446, 8, 'admin/language/en-gb/extension/module/quickcheckout.php', '2019-03-05 15:55:01');
	INSERT INTO `extension_path` VALUES (447, 8, 'admin/language/ru-ru/extension/module/quickcheckout.php', '2019-03-05 15:55:01');
	INSERT INTO `extension_path` VALUES (448, 8, 'admin/view/javascript/quickcheckout/tinysort/jquery.tinysort.min.js', '2019-03-05 15:55:01');
	INSERT INTO `extension_path` VALUES (449, 8, 'admin/view/template/extension/module/quickcheckout.twig', '2019-03-05 15:55:01');
	INSERT INTO `extension_path` VALUES (450, 8, 'catalog/language/en-gb/extension/quickcheckout/checkout.php', '2019-03-05 15:55:01');
	INSERT INTO `extension_path` VALUES (451, 8, 'catalog/language/ru-ru/extension/quickcheckout/checkout.php', '2019-03-05 15:55:01');
	INSERT INTO `extension_path` VALUES (452, 8, 'catalog/view/javascript/jquery/quickcheckout/bootstrap-datetimepicker.min.css', '2019-03-05 15:55:01');
	INSERT INTO `extension_path` VALUES (453, 8, 'catalog/view/javascript/jquery/quickcheckout/bootstrap-datetimepicker.min.js', '2019-03-05 15:55:01');
	INSERT INTO `extension_path` VALUES (454, 8, 'catalog/view/javascript/jquery/quickcheckout/jquery.tinysort.min.js', '2019-03-05 15:55:01');
	INSERT INTO `extension_path` VALUES (455, 8, 'catalog/view/javascript/jquery/quickcheckout/quickcheckout.block.js', '2019-03-05 15:55:01');
	INSERT INTO `extension_path` VALUES (456, 8, 'catalog/view/javascript/jquery/quickcheckout/quickcheckout.js', '2019-03-05 15:55:01');
	INSERT INTO `extension_path` VALUES (457, 8, 'catalog/view/theme/default/stylesheet/quickcheckout.css', '2019-03-05 15:55:01');
	INSERT INTO `extension_path` VALUES (458, 8, 'catalog/view/theme/default/stylesheet/quickcheckout_custom.css', '2019-03-05 15:55:01');
	INSERT INTO `extension_path` VALUES (459, 8, 'catalog/view/theme/default/stylesheet/quickcheckout_mobile.css', '2019-03-05 15:55:01');
	INSERT INTO `extension_path` VALUES (460, 8, 'catalog/view/theme/default/stylesheet/quickcheckout_one.css', '2019-03-05 15:55:01');
	INSERT INTO `extension_path` VALUES (461, 8, 'catalog/view/theme/default/stylesheet/quickcheckout_three.css', '2019-03-05 15:55:01');
	INSERT INTO `extension_path` VALUES (462, 8, 'catalog/view/theme/default/stylesheet/quickcheckout_two.css', '2019-03-05 15:55:01');
	INSERT INTO `extension_path` VALUES (463, 8, 'admin/view/javascript/quickcheckout/bootstrap-slider/css/slider.css', '2019-03-05 15:55:01');
	INSERT INTO `extension_path` VALUES (464, 8, 'admin/view/javascript/quickcheckout/bootstrap-slider/js/bootstrap-slider.js', '2019-03-05 15:55:01');
	INSERT INTO `extension_path` VALUES (465, 8, 'catalog/view/theme/default/template/extension/quickcheckout/cart.twig', '2019-03-05 15:55:01');
	INSERT INTO `extension_path` VALUES (466, 8, 'catalog/view/theme/default/template/extension/quickcheckout/checkout.twig', '2019-03-05 15:55:01');
	INSERT INTO `extension_path` VALUES (467, 8, 'catalog/view/theme/default/template/extension/quickcheckout/confirm.twig', '2019-03-05 15:55:01');
	INSERT INTO `extension_path` VALUES (468, 8, 'catalog/view/theme/default/template/extension/quickcheckout/guest.twig', '2019-03-05 15:55:01');
	INSERT INTO `extension_path` VALUES (469, 8, 'catalog/view/theme/default/template/extension/quickcheckout/guest_shipping.twig', '2019-03-05 15:55:01');
	INSERT INTO `extension_path` VALUES (470, 8, 'catalog/view/theme/default/template/extension/quickcheckout/login.twig', '2019-03-05 15:55:01');
	INSERT INTO `extension_path` VALUES (471, 8, 'catalog/view/theme/default/template/extension/quickcheckout/payment_address.twig', '2019-03-05 15:55:01');
	INSERT INTO `extension_path` VALUES (472, 8, 'catalog/view/theme/default/template/extension/quickcheckout/payment_method.twig', '2019-03-05 15:55:01');
	INSERT INTO `extension_path` VALUES (473, 8, 'catalog/view/theme/default/template/extension/quickcheckout/register.twig', '2019-03-05 15:55:01');
	INSERT INTO `extension_path` VALUES (474, 8, 'catalog/view/theme/default/template/extension/quickcheckout/shipping_address.twig', '2019-03-05 15:55:01');
	INSERT INTO `extension_path` VALUES (475, 8, 'catalog/view/theme/default/template/extension/quickcheckout/shipping_method.twig', '2019-03-05 15:55:01');
	INSERT INTO `extension_path` VALUES (476, 8, 'catalog/view/theme/default/template/extension/quickcheckout/terms.twig', '2019-03-05 15:55:01');
	INSERT INTO `extension_path` VALUES (477, 8, 'catalog/view/theme/default/template/extension/quickcheckout/voucher.twig', '2019-03-05 15:55:01');

	-- ----------------------------
	-- Table structure for filter
	-- ----------------------------
	DROP TABLE IF EXISTS `filter`;
	CREATE TABLE `filter`  (
	  `filter_id` int(11) NOT NULL AUTO_INCREMENT,
	  `filter_group_id` int(11) NOT NULL,
	  `sort_order` int(3) NOT NULL,
	  PRIMARY KEY (`filter_id`) USING BTREE
	) ENGINE = MyISAM AUTO_INCREMENT = 1 CHARACTER SET = utf8 COLLATE = utf8_general_ci ROW_FORMAT = Fixed;

	-- ----------------------------
	-- Table structure for filter_description
	-- ----------------------------
	DROP TABLE IF EXISTS `filter_description`;
	CREATE TABLE `filter_description`  (
	  `filter_id` int(11) NOT NULL,
	  `language_id` int(11) NOT NULL,
	  `filter_group_id` int(11) NOT NULL,
	  `name` varchar(64) CHARACTER SET utf8 COLLATE utf8_general_ci NOT NULL,
	  PRIMARY KEY (`filter_id`, `language_id`) USING BTREE
	) ENGINE = MyISAM CHARACTER SET = utf8 COLLATE = utf8_general_ci ROW_FORMAT = Dynamic;

	-- ----------------------------
	-- Table structure for filter_group
	-- ----------------------------
	DROP TABLE IF EXISTS `filter_group`;
	CREATE TABLE `filter_group`  (
	  `filter_group_id` int(11) NOT NULL AUTO_INCREMENT,
	  `sort_order` int(3) NOT NULL,
	  PRIMARY KEY (`filter_group_id`) USING BTREE
	) ENGINE = MyISAM AUTO_INCREMENT = 1 CHARACTER SET = utf8 COLLATE = utf8_general_ci ROW_FORMAT = Fixed;

	-- ----------------------------
	-- Table structure for filter_group_description
	-- ----------------------------
	DROP TABLE IF EXISTS `filter_group_description`;
	CREATE TABLE `filter_group_description`  (
	  `filter_group_id` int(11) NOT NULL,
	  `language_id` int(11) NOT NULL,
	  `name` varchar(64) CHARACTER SET utf8 COLLATE utf8_general_ci NOT NULL,
	  PRIMARY KEY (`filter_group_id`, `language_id`) USING BTREE
	) ENGINE = MyISAM CHARACTER SET = utf8 COLLATE = utf8_general_ci ROW_FORMAT = Dynamic;

	-- ----------------------------
	-- Table structure for geo_zone
	-- ----------------------------
	DROP TABLE IF EXISTS `geo_zone`;
	CREATE TABLE `geo_zone`  (
	  `geo_zone_id` int(11) NOT NULL AUTO_INCREMENT,
	  `name` varchar(32) CHARACTER SET utf8 COLLATE utf8_general_ci NOT NULL,
	  `description` varchar(255) CHARACTER SET utf8 COLLATE utf8_general_ci NOT NULL,
	  `date_added` datetime(0) NOT NULL,
	  `date_modified` datetime(0) NOT NULL,
	  PRIMARY KEY (`geo_zone_id`) USING BTREE
	) ENGINE = MyISAM AUTO_INCREMENT = 5 CHARACTER SET = utf8 COLLATE = utf8_general_ci ROW_FORMAT = Dynamic;

	-- ----------------------------
	-- Records of geo_zone
	-- ----------------------------
	INSERT INTO `geo_zone` VALUES (3, 'UK VAT Zone', 'UK VAT', '2009-01-06 23:26:25', '2010-02-26 22:33:24');
	INSERT INTO `geo_zone` VALUES (4, 'UK Shipping', 'UK Shipping Zones', '2009-06-23 01:14:53', '2010-12-15 15:18:13');

	-- ----------------------------
	-- Table structure for information
	-- ----------------------------
	DROP TABLE IF EXISTS `information`;
	CREATE TABLE `information`  (
	  `information_id` int(11) NOT NULL AUTO_INCREMENT,
	  `bottom` int(1) NOT NULL DEFAULT 0,
	  `sort_order` int(3) NOT NULL DEFAULT 0,
	  `status` tinyint(1) NOT NULL DEFAULT 1,
	  `noindex` tinyint(1) NOT NULL DEFAULT 1,
	  PRIMARY KEY (`information_id`) USING BTREE
	) ENGINE = MyISAM AUTO_INCREMENT = 7 CHARACTER SET = utf8 COLLATE = utf8_general_ci ROW_FORMAT = Fixed;

	-- ----------------------------
	-- Records of information
	-- ----------------------------
	INSERT INTO `information` VALUES (3, 1, 3, 1, 1);
	INSERT INTO `information` VALUES (4, 1, 1, 1, 0);
	INSERT INTO `information` VALUES (5, 1, 4, 1, 1);
	INSERT INTO `information` VALUES (6, 1, 2, 1, 1);

	-- ----------------------------
	-- Table structure for information_description
	-- ----------------------------
	DROP TABLE IF EXISTS `information_description`;
	CREATE TABLE `information_description`  (
	  `information_id` int(11) NOT NULL,
	  `language_id` int(11) NOT NULL,
	  `title` varchar(64) CHARACTER SET utf8 COLLATE utf8_general_ci NOT NULL,
	  `description` mediumtext CHARACTER SET utf8 COLLATE utf8_general_ci NOT NULL,
	  `meta_title` varchar(255) CHARACTER SET utf8 COLLATE utf8_general_ci NOT NULL,
	  `meta_description` varchar(255) CHARACTER SET utf8 COLLATE utf8_general_ci NOT NULL,
	  `meta_keyword` varchar(255) CHARACTER SET utf8 COLLATE utf8_general_ci NOT NULL,
	  `meta_h1` varchar(255) CHARACTER SET utf8 COLLATE utf8_general_ci NOT NULL,
	  PRIMARY KEY (`information_id`, `language_id`) USING BTREE
	) ENGINE = MyISAM CHARACTER SET = utf8 COLLATE = utf8_general_ci ROW_FORMAT = Dynamic;

	-- ----------------------------
	-- Records of information_description
	-- ----------------------------
	INSERT INTO `information_description` VALUES (4, 1, 'О нас', '&lt;p&gt;О нас&lt;br&gt;&lt;/p&gt;\r\n', '', '', '', '');
	INSERT INTO `information_description` VALUES (5, 1, 'Условия соглашения', '&lt;p&gt;\r\n	Условия соглашения&lt;/p&gt;\r\n', '', '', '', '');
	INSERT INTO `information_description` VALUES (3, 1, 'Политика безопасности', '&lt;p&gt;\r\n	Политика безопасности&lt;/p&gt;\r\n', '', '', '', '');
	INSERT INTO `information_description` VALUES (6, 1, 'Информация о доставке', '&lt;p&gt;\r\n	Информация о доставке&lt;/p&gt;\r\n', '', '', '', '');
	INSERT INTO `information_description` VALUES (4, 2, 'About Us', '&lt;p&gt;About Us&lt;br&gt;&lt;/p&gt;', '', '', '', '');
	INSERT INTO `information_description` VALUES (6, 2, 'Delivery Information', '&lt;p&gt;Delivery Information&lt;br&gt;&lt;/p&gt;', '', '', '', '');
	INSERT INTO `information_description` VALUES (5, 2, 'Terms &amp; Conditions', '&lt;p&gt;Terms &amp;amp; Conditions&lt;br&gt;&lt;/p&gt;', '', '', '', '');
	INSERT INTO `information_description` VALUES (3, 2, 'Privacy Policy', '&lt;p&gt;Privacy Policy&lt;br&gt;&lt;/p&gt;', '', '', '', '');

	-- ----------------------------
	-- Table structure for information_to_layout
	-- ----------------------------
	DROP TABLE IF EXISTS `information_to_layout`;
	CREATE TABLE `information_to_layout`  (
	  `information_id` int(11) NOT NULL,
	  `store_id` int(11) NOT NULL,
	  `layout_id` int(11) NOT NULL,
	  PRIMARY KEY (`information_id`, `store_id`) USING BTREE
	) ENGINE = MyISAM CHARACTER SET = utf8 COLLATE = utf8_general_ci ROW_FORMAT = Fixed;

	-- ----------------------------
	-- Table structure for information_to_store
	-- ----------------------------
	DROP TABLE IF EXISTS `information_to_store`;
	CREATE TABLE `information_to_store`  (
	  `information_id` int(11) NOT NULL,
	  `store_id` int(11) NOT NULL,
	  PRIMARY KEY (`information_id`, `store_id`) USING BTREE
	) ENGINE = MyISAM CHARACTER SET = utf8 COLLATE = utf8_general_ci ROW_FORMAT = Fixed;

	-- ----------------------------
	-- Records of information_to_store
	-- ----------------------------
	INSERT INTO `information_to_store` VALUES (3, 0);
	INSERT INTO `information_to_store` VALUES (4, 0);
	INSERT INTO `information_to_store` VALUES (5, 0);
	INSERT INTO `information_to_store` VALUES (6, 0);

	-- ----------------------------
	-- Table structure for language
	-- ----------------------------
	DROP TABLE IF EXISTS `language`;
	CREATE TABLE `language`  (
	  `language_id` int(11) NOT NULL AUTO_INCREMENT,
	  `name` varchar(32) CHARACTER SET utf8 COLLATE utf8_general_ci NOT NULL,
	  `code` varchar(5) CHARACTER SET utf8 COLLATE utf8_general_ci NOT NULL,
	  `locale` varchar(255) CHARACTER SET utf8 COLLATE utf8_general_ci NOT NULL,
	  `image` varchar(64) CHARACTER SET utf8 COLLATE utf8_general_ci NOT NULL,
	  `directory` varchar(32) CHARACTER SET utf8 COLLATE utf8_general_ci NOT NULL,
	  `sort_order` int(3) NOT NULL DEFAULT 0,
	  `status` tinyint(1) NOT NULL,
	  PRIMARY KEY (`language_id`) USING BTREE,
	  INDEX `name`(`name`) USING BTREE
	) ENGINE = MyISAM AUTO_INCREMENT = 3 CHARACTER SET = utf8 COLLATE = utf8_general_ci ROW_FORMAT = Dynamic;

	-- ----------------------------
	-- Records of language
	-- ----------------------------
	INSERT INTO `language` VALUES (1, 'Russian', 'ru-ru', 'ru_RU.UTF-8,ru_RU,russian', 'gb.png', 'english', 1, 1);

	-- ----------------------------
	-- Table structure for layout
	-- ----------------------------
	DROP TABLE IF EXISTS `layout`;
	CREATE TABLE `layout`  (
	  `layout_id` int(11) NOT NULL AUTO_INCREMENT,
	  `name` varchar(64) CHARACTER SET utf8 COLLATE utf8_general_ci NOT NULL,
	  PRIMARY KEY (`layout_id`) USING BTREE
	) ENGINE = MyISAM AUTO_INCREMENT = 21 CHARACTER SET = utf8 COLLATE = utf8_general_ci ROW_FORMAT = Dynamic;

	-- ----------------------------
	-- Records of layout
	-- ----------------------------
	INSERT INTO `layout` VALUES (1, 'Главная');
	INSERT INTO `layout` VALUES (2, 'Товар');
	INSERT INTO `layout` VALUES (3, 'Категория');
	INSERT INTO `layout` VALUES (4, 'По-умолчанию');
	INSERT INTO `layout` VALUES (5, 'Список Производителей');
	INSERT INTO `layout` VALUES (6, 'Аккаунт');
	INSERT INTO `layout` VALUES (7, 'Оформление заказа');
	INSERT INTO `layout` VALUES (8, 'Контакты');
	INSERT INTO `layout` VALUES (9, 'Карта сайта');
	INSERT INTO `layout` VALUES (10, 'Партнерская программа');
	INSERT INTO `layout` VALUES (11, 'Информация');
	INSERT INTO `layout` VALUES (12, 'Сравнение');
	INSERT INTO `layout` VALUES (13, 'Поиск');
	INSERT INTO `layout` VALUES (14, 'Блог');
	INSERT INTO `layout` VALUES (15, 'Категории Блога');
	INSERT INTO `layout` VALUES (16, 'Статьи Блога');
	INSERT INTO `layout` VALUES (17, 'Страница Производителя');
	INSERT INTO `layout` VALUES (18, 'Brainy Filter Layout');
	INSERT INTO `layout` VALUES (20, 'Custom Quick Checkout');

	-- ----------------------------
	-- Table structure for layout_module
	-- ----------------------------
	DROP TABLE IF EXISTS `layout_module`;
	CREATE TABLE `layout_module`  (
	  `layout_module_id` int(11) NOT NULL AUTO_INCREMENT,
	  `layout_id` int(11) NOT NULL,
	  `code` varchar(64) CHARACTER SET utf8 COLLATE utf8_general_ci NOT NULL,
	  `position` varchar(14) CHARACTER SET utf8 COLLATE utf8_general_ci NOT NULL,
	  `sort_order` int(3) NOT NULL,
	  PRIMARY KEY (`layout_module_id`) USING BTREE
	) ENGINE = MyISAM AUTO_INCREMENT = 163 CHARACTER SET = utf8 COLLATE = utf8_general_ci ROW_FORMAT = Dynamic;

	-- ----------------------------
	-- Records of layout_module
	-- ----------------------------
	INSERT INTO `layout_module` VALUES (2, 4, '0', 'content_top', 0);
	INSERT INTO `layout_module` VALUES (3, 4, '0', 'content_top', 1);
	INSERT INTO `layout_module` VALUES (20, 5, '0', 'column_left', 2);
	INSERT INTO `layout_module` VALUES (69, 10, 'account', 'column_right', 1);
	INSERT INTO `layout_module` VALUES (68, 6, 'account', 'column_right', 1);
	INSERT INTO `layout_module` VALUES (143, 1, 'banner.41', 'content_top', 1);
	INSERT INTO `layout_module` VALUES (144, 1, 'banner.40', 'content_top', 2);
	INSERT INTO `layout_module` VALUES (145, 1, 'bestseller.38', 'content_top', 3);
	INSERT INTO `layout_module` VALUES (152, 2, 'bestseller.39', 'content_bottom', 0);
	INSERT INTO `layout_module` VALUES (162, 17, 'featured_product.35', 'column_left', 1);
	INSERT INTO `layout_module` VALUES (160, 3, 'brainyfilter.36', 'column_left', 0);
	INSERT INTO `layout_module` VALUES (158, 18, 'brainyfilter.36', 'column_left', 0);
	INSERT INTO `layout_module` VALUES (142, 1, 'banner.37', 'content_top', 0);

	-- ----------------------------
	-- Table structure for layout_route
	-- ----------------------------
	DROP TABLE IF EXISTS `layout_route`;
	CREATE TABLE `layout_route`  (
	  `layout_route_id` int(11) NOT NULL AUTO_INCREMENT,
	  `layout_id` int(11) NOT NULL,
	  `store_id` int(11) NOT NULL,
	  `route` varchar(64) CHARACTER SET utf8 COLLATE utf8_general_ci NOT NULL,
	  PRIMARY KEY (`layout_route_id`) USING BTREE
	) ENGINE = MyISAM AUTO_INCREMENT = 110 CHARACTER SET = utf8 COLLATE = utf8_general_ci ROW_FORMAT = Dynamic;

	-- ----------------------------
	-- Records of layout_route
	-- ----------------------------
	INSERT INTO `layout_route` VALUES (38, 6, 0, 'account/%');
	INSERT INTO `layout_route` VALUES (17, 10, 0, 'affiliate/%');
	INSERT INTO `layout_route` VALUES (105, 3, 0, 'product/category');
	INSERT INTO `layout_route` VALUES (91, 1, 0, 'common/home');
	INSERT INTO `layout_route` VALUES (99, 2, 0, 'product/product');
	INSERT INTO `layout_route` VALUES (24, 11, 0, 'information/information');
	INSERT INTO `layout_route` VALUES (23, 7, 0, 'checkout/%');
	INSERT INTO `layout_route` VALUES (31, 8, 0, 'information/contact');
	INSERT INTO `layout_route` VALUES (32, 9, 0, 'information/sitemap');
	INSERT INTO `layout_route` VALUES (34, 4, 0, '');
	INSERT INTO `layout_route` VALUES (45, 5, 0, 'product/manufacturer');
	INSERT INTO `layout_route` VALUES (52, 12, 0, 'product/compare');
	INSERT INTO `layout_route` VALUES (53, 13, 0, 'product/search');
	INSERT INTO `layout_route` VALUES (57, 14, 0, 'blog/latest');
	INSERT INTO `layout_route` VALUES (102, 15, 0, 'blog/category');
	INSERT INTO `layout_route` VALUES (56, 16, 0, 'blog/article');
	INSERT INTO `layout_route` VALUES (107, 17, 0, 'product/category');
	INSERT INTO `layout_route` VALUES (64, 18, 0, 'extension/module/brainyfilter/filter');
	INSERT INTO `layout_route` VALUES (109, 20, 0, 'extension/quickcheckout/checkout');

	-- ----------------------------
	-- Table structure for length_class
	-- ----------------------------
	DROP TABLE IF EXISTS `length_class`;
	CREATE TABLE `length_class`  (
	  `length_class_id` int(11) NOT NULL AUTO_INCREMENT,
	  `value` decimal(15, 8) NOT NULL,
	  PRIMARY KEY (`length_class_id`) USING BTREE
	) ENGINE = MyISAM AUTO_INCREMENT = 4 CHARACTER SET = utf8 COLLATE = utf8_general_ci ROW_FORMAT = Fixed;

	-- ----------------------------
	-- Records of length_class
	-- ----------------------------
	INSERT INTO `length_class` VALUES (1, 1.00000000);
	INSERT INTO `length_class` VALUES (2, 10.00000000);
	INSERT INTO `length_class` VALUES (3, 0.39370000);

	-- ----------------------------
	-- Table structure for length_class_description
	-- ----------------------------
	DROP TABLE IF EXISTS `length_class_description`;
	CREATE TABLE `length_class_description`  (
	  `length_class_id` int(11) NOT NULL,
	  `language_id` int(11) NOT NULL,
	  `title` varchar(32) CHARACTER SET utf8 COLLATE utf8_general_ci NOT NULL,
	  `unit` varchar(4) CHARACTER SET utf8 COLLATE utf8_general_ci NOT NULL,
	  PRIMARY KEY (`length_class_id`, `language_id`) USING BTREE
	) ENGINE = MyISAM CHARACTER SET = utf8 COLLATE = utf8_general_ci ROW_FORMAT = Dynamic;

	-- ----------------------------
	-- Records of length_class_description
	-- ----------------------------
	INSERT INTO `length_class_description` VALUES (1, 1, 'Сантиметр', 'см');
	INSERT INTO `length_class_description` VALUES (2, 1, 'Миллиметр', 'мм');
	INSERT INTO `length_class_description` VALUES (2, 2, 'Millimeter', 'mm');
	INSERT INTO `length_class_description` VALUES (3, 1, 'Дюйм', 'in');
	INSERT INTO `length_class_description` VALUES (3, 2, 'Inch', 'in');

	-- ----------------------------
	-- Table structure for location
	-- ----------------------------
	DROP TABLE IF EXISTS `location`;
	CREATE TABLE `location`  (
	  `location_id` int(11) NOT NULL AUTO_INCREMENT,
	  `name` varchar(32) CHARACTER SET utf8 COLLATE utf8_general_ci NOT NULL,
	  `address` text CHARACTER SET utf8 COLLATE utf8_general_ci NOT NULL,
	  `telephone` varchar(32) CHARACTER SET utf8 COLLATE utf8_general_ci NOT NULL,
	  `fax` varchar(32) CHARACTER SET utf8 COLLATE utf8_general_ci NOT NULL,
	  `geocode` varchar(32) CHARACTER SET utf8 COLLATE utf8_general_ci NOT NULL,
	  `image` varchar(255) CHARACTER SET utf8 COLLATE utf8_general_ci NULL DEFAULT NULL,
	  `open` text CHARACTER SET utf8 COLLATE utf8_general_ci NOT NULL,
	  `comment` text CHARACTER SET utf8 COLLATE utf8_general_ci NOT NULL,
	  PRIMARY KEY (`location_id`) USING BTREE,
	  INDEX `name`(`name`) USING BTREE
	) ENGINE = MyISAM AUTO_INCREMENT = 1 CHARACTER SET = utf8 COLLATE = utf8_general_ci ROW_FORMAT = Dynamic;

	-- ----------------------------
	-- Table structure for manufacturer
	-- ----------------------------
	DROP TABLE IF EXISTS `manufacturer`;
	CREATE TABLE `manufacturer`  (
	  `manufacturer_id` int(11) NOT NULL AUTO_INCREMENT,
	  `name` varchar(64) CHARACTER SET utf8 COLLATE utf8_general_ci NOT NULL,
	  `image` varchar(255) CHARACTER SET utf8 COLLATE utf8_general_ci NULL DEFAULT NULL,
	  `sort_order` int(3) NOT NULL,
	  `noindex` tinyint(1) NOT NULL DEFAULT 1,
	  PRIMARY KEY (`manufacturer_id`) USING BTREE
	) ENGINE = MyISAM AUTO_INCREMENT = 12 CHARACTER SET = utf8 COLLATE = utf8_general_ci ROW_FORMAT = Dynamic;

	-- ----------------------------
	-- Records of manufacturer
	-- ----------------------------
	INSERT INTO `manufacturer` VALUES (5, 'HTC', 'catalog/demo/htc_logo.jpg', 0, 1);
	INSERT INTO `manufacturer` VALUES (6, 'Palm', 'catalog/demo/palm_logo.jpg', 0, 1);
	INSERT INTO `manufacturer` VALUES (7, 'Hewlett-Packard', 'catalog/demo/hp_logo.jpg', 0, 1);
	INSERT INTO `manufacturer` VALUES (8, 'Apple', 'catalog/demo/apple_logo.jpg', 1, 0);
	INSERT INTO `manufacturer` VALUES (9, 'Canon', 'catalog/demo/canon_logo.jpg', 0, 1);
	INSERT INTO `manufacturer` VALUES (10, 'Sony', 'catalog/demo/sony_logo.jpg', 0, 1);
	INSERT INTO `manufacturer` VALUES (11, 'Bitmain', '', 1, 1);

	-- ----------------------------
	-- Table structure for manufacturer_description
	-- ----------------------------
	DROP TABLE IF EXISTS `manufacturer_description`;
	CREATE TABLE `manufacturer_description`  (
	  `manufacturer_id` int(11) NOT NULL DEFAULT 0,
	  `language_id` int(11) NOT NULL DEFAULT 0,
	  `description` text CHARACTER SET utf8 COLLATE utf8_general_ci NOT NULL,
	  `description3` text CHARACTER SET utf8 COLLATE utf8_general_ci NOT NULL,
	  `meta_description` varchar(255) CHARACTER SET utf8 COLLATE utf8_general_ci NOT NULL,
	  `meta_keyword` varchar(255) CHARACTER SET utf8 COLLATE utf8_general_ci NOT NULL,
	  `meta_title` varchar(255) CHARACTER SET utf8 COLLATE utf8_general_ci NOT NULL,
	  `meta_h1` varchar(255) CHARACTER SET utf8 COLLATE utf8_general_ci NOT NULL
	) ENGINE = MyISAM CHARACTER SET = utf8 COLLATE = utf8_general_ci ROW_FORMAT = Dynamic;

	-- ----------------------------
	-- Records of manufacturer_description
	-- ----------------------------
	INSERT INTO `manufacturer_description` VALUES (8, 1, '&lt;br&gt;', '', '', '', '', '');
	INSERT INTO `manufacturer_description` VALUES (8, 2, '&lt;p&gt;&lt;br&gt;&lt;/p&gt;', '', '', '', '', '');
	INSERT INTO `manufacturer_description` VALUES (7, 1, '', '', '', '', '', '');
	INSERT INTO `manufacturer_description` VALUES (7, 2, '', '', '', '', '', '');
	INSERT INTO `manufacturer_description` VALUES (6, 2, '', '', '', '', '', '');
	INSERT INTO `manufacturer_description` VALUES (5, 1, '', '', '', '', '', '');
	INSERT INTO `manufacturer_description` VALUES (5, 2, '', '', '', '', '', '');
	INSERT INTO `manufacturer_description` VALUES (6, 1, '', '', '', '', '', '');
	INSERT INTO `manufacturer_description` VALUES (9, 2, '', '', '', '', '', '');
	INSERT INTO `manufacturer_description` VALUES (9, 1, '', '', '', '', '', '');
	INSERT INTO `manufacturer_description` VALUES (10, 1, '', '', '', '', '', '');
	INSERT INTO `manufacturer_description` VALUES (10, 2, '', '', '', '', '', '');
	INSERT INTO `manufacturer_description` VALUES (11, 1, '&lt;p&gt;Bitmain&lt;br&gt;&lt;/p&gt;', '', 'Bitmain', 'Bitmain', 'Bitmain', 'Bitmain');
	INSERT INTO `manufacturer_description` VALUES (11, 2, '&lt;p&gt;Bitmain&lt;br&gt;&lt;/p&gt;', '', 'Bitmain', 'Bitmain', 'Bitmain', 'Bitmain');

	-- ----------------------------
	-- Table structure for manufacturer_to_layout
	-- ----------------------------
	DROP TABLE IF EXISTS `manufacturer_to_layout`;
	CREATE TABLE `manufacturer_to_layout`  (
	  `manufacturer_id` int(11) NOT NULL,
	  `store_id` int(11) NOT NULL,
	  `layout_id` int(11) NOT NULL,
	  PRIMARY KEY (`manufacturer_id`, `store_id`) USING BTREE
	) ENGINE = MyISAM CHARACTER SET = utf8 COLLATE = utf8_general_ci ROW_FORMAT = Fixed;

	-- ----------------------------
	-- Records of manufacturer_to_layout
	-- ----------------------------
	INSERT INTO `manufacturer_to_layout` VALUES (11, 0, 0);

	-- ----------------------------
	-- Table structure for manufacturer_to_store
	-- ----------------------------
	DROP TABLE IF EXISTS `manufacturer_to_store`;
	CREATE TABLE `manufacturer_to_store`  (
	  `manufacturer_id` int(11) NOT NULL,
	  `store_id` int(11) NOT NULL,
	  PRIMARY KEY (`manufacturer_id`, `store_id`) USING BTREE
	) ENGINE = MyISAM CHARACTER SET = utf8 COLLATE = utf8_general_ci ROW_FORMAT = Fixed;

	-- ----------------------------
	-- Records of manufacturer_to_store
	-- ----------------------------
	INSERT INTO `manufacturer_to_store` VALUES (5, 0);
	INSERT INTO `manufacturer_to_store` VALUES (6, 0);
	INSERT INTO `manufacturer_to_store` VALUES (7, 0);
	INSERT INTO `manufacturer_to_store` VALUES (8, 0);
	INSERT INTO `manufacturer_to_store` VALUES (9, 0);
	INSERT INTO `manufacturer_to_store` VALUES (10, 0);
	INSERT INTO `manufacturer_to_store` VALUES (11, 0);

	-- ----------------------------
	-- Table structure for marketing
	-- ----------------------------
	DROP TABLE IF EXISTS `marketing`;
	CREATE TABLE `marketing`  (
	  `marketing_id` int(11) NOT NULL AUTO_INCREMENT,
	  `name` varchar(32) CHARACTER SET utf8 COLLATE utf8_general_ci NOT NULL,
	  `description` text CHARACTER SET utf8 COLLATE utf8_general_ci NOT NULL,
	  `code` varchar(64) CHARACTER SET utf8 COLLATE utf8_general_ci NOT NULL,
	  `clicks` int(5) NOT NULL DEFAULT 0,
	  `date_added` datetime(0) NOT NULL,
	  PRIMARY KEY (`marketing_id`) USING BTREE
	) ENGINE = MyISAM AUTO_INCREMENT = 1 CHARACTER SET = utf8 COLLATE = utf8_general_ci ROW_FORMAT = Dynamic;

	-- ----------------------------
	-- Table structure for modification
	-- ----------------------------
	DROP TABLE IF EXISTS `modification`;
	CREATE TABLE `modification`  (
	  `modification_id` int(11) NOT NULL AUTO_INCREMENT,
	  `extension_install_id` int(11) NOT NULL,
	  `name` varchar(64) CHARACTER SET utf8 COLLATE utf8_general_ci NOT NULL,
	  `code` varchar(64) CHARACTER SET utf8 COLLATE utf8_general_ci NOT NULL,
	  `author` varchar(64) CHARACTER SET utf8 COLLATE utf8_general_ci NOT NULL,
	  `version` varchar(32) CHARACTER SET utf8 COLLATE utf8_general_ci NOT NULL,
	  `link` varchar(255) CHARACTER SET utf8 COLLATE utf8_general_ci NOT NULL,
	  `xml` mediumtext CHARACTER SET utf8 COLLATE utf8_general_ci NOT NULL,
	  `status` tinyint(1) NOT NULL,
	  `date_added` datetime(0) NOT NULL,
	  PRIMARY KEY (`modification_id`) USING BTREE
	) ENGINE = MyISAM AUTO_INCREMENT = 10 CHARACTER SET = utf8 COLLATE = utf8_general_ci ROW_FORMAT = Dynamic;

	-- ----------------------------
	-- Records of modification
	-- ----------------------------
	INSERT INTO `modification` VALUES (1, 1, 'Brainy Filter', 'brainyfilter', 'Giant Leap Lab', 'Pro 5.1.3 OC3', '', '<?xml version=\"1.0\" encoding=\"utf-8\"?>\n<modification>  \n   <id>Brainy Filter</id>\n   <name>Brainy Filter</name>\n   <code>brainyfilter</code>\n   <version>Pro 5.1.3 OC3</version>\n   <author>Giant Leap Lab</author>\n   \n   <file path=\"catalog/controller/product/*.php\">\n       <operation>\n           <search><![CDATA[$this->model_catalog_product->getProducts($filter_data)]]></search>\n           <add position=\"before\"><![CDATA[            $filter_data[\'filter_bfilter\'] = true;]]></add>\n       </operation>\n       <operation>\n           <search><![CDATA[= $this->model_catalog_product->getTotalProducts($filter_data)]]></search>\n           <add position=\"before\"><![CDATA[            $filter_data[\'filter_bfilter\'] = true;]]></add>\n       </operation>\n   </file>\n   \n   <file path=\"catalog/controller/product/category.php\">\n	  <operation>\n			<search><![CDATA[$category_info = $this->model_catalog_category->getCategory($category_id);]]></search>\n            <add position=\"after\"><![CDATA[\n                /* Brainy Filter (brainyfilter.xml) - Start ->*/\n                if (!$category_info) {\n                    $this->load->language(\'extension/module/brainyfilter\');\n                    $category_info = array(\n                        \'name\' => $this->language->get(\'text_bf_page_title\'),\n                        \'description\' => \'\',\n                        \'meta_description\' => \'\',\n                        \'meta_keyword\' => \'\',\n                        \'meta_title\' => $this->language->get(\'text_bf_page_title\'),\n                        \'image\' => \'\',\n                    );\n                    $this->request->get[\'path\'] = 0;\n                    $showCategories = false;\n                    $route = \'extension/module/brainyfilter/filter\';\n                    $path  = \'\';\n                } else {\n                    $route = \'product/category\';\n                    $path  = \'path=\' . $this->request->get[\'path\'];\n                    $showCategories = true;\n                }\n                /* Brainy Filter (brainyfilter.xml) - End ->*/\n                ]]>\n			</add>\n	  </operation>\n	  <operation>\n			<search><![CDATA[$results = $this->model_catalog_category->getCategories($category_id);]]></search>\n            <add position=\"replace\"><![CDATA[\n                /* Brainy Filter (brainyfilter.xml) - Start ->*/\n                if ($showCategories) {\n                $results = $this->model_catalog_category->getCategories($category_id);\n                } else {\n                    $results = array();\n                }\n                /* Brainy Filter (brainyfilter.xml) - End ->*/\n            ]]>\n			</add>\n	  </operation>\n	  <operation>\n			<search regex=\"true\"><![CDATA[/\\\'product\\/category\\\', \\\'path\\=\\\' \\. \\$this\\-\\>request\\-\\>get\\[\\\'path\\\'\\]/]]></search>\n            <add position=\"replace\"><![CDATA[$route, $path]]>\n			</add>\n	  </operation>\n        <operation>\n            <search><![CDATA[if ($page == 1) {]]></search>\n            <add position=\"before\">\n                <![CDATA[\n                /* Brainy Filter (brainyfilter.xml) - Start ->*/\n                if (isset($category_info[\'category_id\'])) {\n                /* Brainy Filter (brainyfilter.xml) - End ->*/]]>\n            </add>\n        </operation>\n        <operation>\n            <search><![CDATA[if ($limit && ceil($product_total / $limit) > $page) {]]></search>\n            <add position=\"after\" offset=\"2\">\n                <![CDATA[\n                /* Brainy Filter (brainyfilter.xml) - Start ->*/\n                }\n                /* Brainy Filter (brainyfilter.xml) - End ->*/]]>\n            </add>\n        </operation>\n   </file>\n   \n   <file path=\"catalog/controller/product/special.php\">\n        <operation>\n            <search><![CDATA[$product_total = $this->model_catalog_product->getTotalProductSpecials();]]></search>\n            <add position=\"replace\"><![CDATA[\n                $filter_data[\'filter_bfilter\'] = true;\n                $filter_data[\'filter_specials_only\'] = true;\n                $product_total = $this->model_catalog_product->getTotalProducts($filter_data);\n            ]]></add>\n        </operation>\n        <operation>\n            <search><![CDATA[$results = $this->model_catalog_product->getProductSpecials($filter_data);]]></search>\n            <add position=\"replace\"><![CDATA[\n                $results = $this->model_catalog_product->getProducts($filter_data);\n            ]]></add>\n        </operation>\n   </file>\n   \n   <file path=\"catalog/controller/product/search.php\">\n       <operation>\n           <search><![CDATA[if (isset($this->request->get[\'search\']) || isset($this->request->get[\'tag\'])) {]]></search>\n           <add position=\"replace\"><![CDATA[\n                    /* Brainy Filter (brainyfilter.xml) - Start ->*/\n                    /* Show product list in any case */\n					if (true) {\n                    /* Brainy Filter (brainyfilter.xml) - End ->*/\n                ]]>\n           </add>\n       </operation>\n   </file>\n   \n    <file path=\"catalog/model/catalog/product.php\">\n        <operation>\n            <search><![CDATA[public function getProducts($data = array()) {]]></search>\n            <add>\n                <![CDATA[\n    /**\n     * Custom getProducts() method added by Brainy Filter extension\n     */\n    public function getProducts($data = array()) \n    {\n        if (!isset($data[\'filter_bfilter\'])) {\n            return $this->getProductsOriginal($data);\n        }\n        $settings = $this->config->get(\'brainyfilter_layout_basic\');\n        if (isset($settings[\'global\'][\'subcategories_fix\']) && $settings[\'global\'][\'subcategories_fix\']) {\n            $data[\'filter_sub_category\'] = true;\n        }\n        $this->load->model(\'extension/module/brainyfilter\');\n        $model = new ModelExtensionModuleBrainyFilter($this->registry);\n        $model->setData($data);\n        $sql = $model->prepareQueryForCategory();\n        $query = $this->db->query($sql);\n\n        $product_data = array();\n		foreach ($query->rows as $result) {\n			$product_data[$result[\'product_id\']] = $this->getProduct($result[\'product_id\']);\n		}\n\n		return $product_data;\n    }\n    \n    /** \n     * It is the original getProducts() method, which was renamed by Brainy Filter modification.\n     * A custom getProduct() method was added instead. \n     * Disable the Brainy Filter OCMOD modification in order to reset the method.\n     * Note: disabling of Brainy Filter modification will break the work of Brainy Filter extension.\n     */\n     public function getProductsOriginal($data = array()) { ]]>\n            </add>\n        </operation>\n        \n        <operation>\n            <search><![CDATA[public function getTotalProducts($data = array()) {]]></search>\n            <add>\n                <![CDATA[\n    /**\n     * Custom getTotalProducts() method added by Brainy Filter extension\n     */\n    public function getTotalProducts($data = array())\n    {\n        if (!isset($data[\'filter_bfilter\'])) {\n            return $this->getTotalProductsOriginal($data);\n        }\n        $settings = $this->config->get(\'brainyfilter_layout_basic\');\n        if (isset($settings[\'global\'][\'subcategories_fix\']) && $settings[\'global\'][\'subcategories_fix\']) {\n            $data[\'filter_sub_category\'] = true;\n        }\n        $this->load->model(\'extension/module/brainyfilter\');\n        $model = new ModelExtensionModuleBrainyFilter($this->registry);\n        $model->setData($data);\n        $sql = $model->prepareQueryForTotal();\n		$query = $this->db->query($sql);\n\n		return $query->row[\'total\'];\n    }\n    \n    /** \n     * It is the original getTotalProducts() method, which was renamed by Brainy Filter modification.\n     * A custom getTotalProducts() method was added instead. \n     * Disable the Brainy Filter OCMOD modification in order to reset the method.\n     * Note: disabling of Brainy Filter modification will break the work of Brainy Filter extension.\n     */\n     public function getTotalProductsOriginal($data = array()) { ]]>\n            </add>\n        </operation>\n    </file>\n    <file path=\"catalog/model/checkout/order.php\">\n        <operation>\n            <search><![CDATA[$this->cache->delete(\'product\');]]></search>\n            <add position=\"before\"><![CDATA[\n                require_once \'admin/model/extension/module/brainyfilter.php\';\n                $bfModel = new ModelExtensionModuleBrainyFilter($this->registry);\n                $prodIds = array();\n                $res = $this->db->query(\"SELECT * FROM \" . DB_PREFIX . \"order_product WHERE order_id = \'\" . (int)$order_id . \"\'\");\n                foreach($res->rows as $prod) {\n                    $prodIds[] = $prod[\'product_id\'];\n                }\n                $bfModel->updateStockCache($prodIds);\n            ]]></add>\n        </operation>\n    </file>\n</modification>', 1, '2019-02-14 16:27:36');
	INSERT INTO `modification` VALUES (2, 2, 'd_opencart_patch', 'd_opencart_patch', 'Dreamvention', '3.0.9', 'http://dreamvention.com', '<?xml version=\"1.0\" encoding=\"utf-8\"?>\n<modification>\n    <name>d_opencart_patch</name>\n    <code>d_opencart_patch</code>\n    <description>Permission fixes in Opencart 3.x</description>\n    <version>3.0.9</version>\n    <author>Dreamvention</author>\n    <link>http://dreamvention.com</link>\n    <file path=\"admin/controller/user/user_permission.php\">\n        <operation error=\"skip\">\n            <search><![CDATA[$path[] = $file . \'/*\';]]></search>\n            <add position=\"after\"><![CDATA[\n            //d_opencart_patch.xml 1\n            $files[] = $file;\n            ]]></add>\n        </operation>\n        <operation error=\"skip\">\n            <search><![CDATA[$permission = substr($controller, 0, strrpos($controller, \'.\'));]]></search>\n            <add position=\"replace\"><![CDATA[\n            //d_opencart_patch.xml 2\n            $permission = (strrpos($controller, \'.\') !== false) ? substr($controller, 0, strrpos($controller, \'.\')) : $controller;\n            ]]></add>\n        </operation>\n    </file>\n    <file path=\"admin/controller/extension/installer.php\">\n        <operation error=\"skip\">\n            <search><![CDATA[$modification_info = $this->model_setting_modification->getModificationByCode($code);]]></search>\n            <add position=\"after\"><![CDATA[\n            //d_opencart_patch.xml 1\n            if (strpos($code, \'d_\') === 0 && $modification_info) {\n                $this->model_setting_modification->deleteModification($modification_info[\'modification_id\']);\n                $modification_info = false; \n            }\n            ]]></add>\n        </operation>\n    </file>\n    <file path=\"admin/model/setting/extension.php\">\n        <operation error=\"skip\">\n            <search><![CDATA[$query = $this->db->query(\"SELECT * FROM `\" . DB_PREFIX . \"extension_path` WHERE `extension_install_id` = \'\" . (int)$extension_install_id . \"\' ORDER BY `date_added` ASC\");]]></search>\n            <add position=\"replace\"><![CDATA[\n        //d_opencart_patch.xml 1\n        $query = $this->db->query(\"SELECT * FROM `\" . DB_PREFIX . \"extension_install` WHERE `extension_install_id` = \'\" . (int)$extension_install_id . \"\'\");\n\n        $extension = $query->row;\n\n        if(isset($extension[\'filename\']) && strpos($extension[\'filename\'], \'_compiled_\')){\n\n\n            $parts = explode(\'_compiled_\', $extension[\'filename\']);\n            $extension_name = $parts[0];\n            $query = $this->db->query(\"SELECT * FROM `\" . DB_PREFIX . \"extension_path` WHERE `extension_install_id` = \'\" . (int)$extension_install_id . \"\' AND path LIKE \'%\".$this->db->escape($extension_name).\"%\' ORDER BY `date_added` ASC\");\n        }else{\n            $query = $this->db->query(\"SELECT * FROM `\" . DB_PREFIX . \"extension_path` WHERE `extension_install_id` = \'\" . (int)$extension_install_id . \"\' ORDER BY `date_added` ASC\");\n        }\n            ]]></add>\n        </operation>\n    </file>\n    <file path=\"admin/model/setting/modification.php\">\n        <operation error=\"skip\">\n            <search><![CDATA[$this->db->query(\"DELETE FROM `\" . DB_PREFIX . \"modification` WHERE `extension_install_id` = \'\" . (int)$extension_install_id . \"\'\");]]></search>\n            <add position=\"replace\"><![CDATA[\n        //d_opencart_patch.xml 1\n        $query = $this->db->query(\"SELECT * FROM `\" . DB_PREFIX . \"extension_install` WHERE `extension_install_id` = \'\" . (int)$extension_install_id . \"\'\");\n\n        $extension = $query->row;\n\n        if(isset($extension[\'filename\']) && strpos($extension[\'filename\'], \'_compiled_\') !== false){\n\n\n            $parts = explode(\'_compiled_\', $extension[\'filename\']);\n            $extension_name = $parts[0];\n            $this->db->query(\"DELETE FROM `\" . DB_PREFIX . \"modification` WHERE `extension_install_id` = \'\" . (int)$extension_install_id . \"\' AND `name` LIKE \'%\".$this->db->escape($extension_name).\"%\'\");\n\n        }else{\n            $this->db->query(\"DELETE FROM `\" . DB_PREFIX . \"modification` WHERE `extension_install_id` = \'\" . (int)$extension_install_id . \"\'\");\n        }\n            ]]></add>\n        </operation>\n    </file>\n    <file path=\"admin/controller/marketplace/install.php\">\n        <operation error=\"skip\">\n            <search><![CDATA[$this->model_setting_extension->deleteExtensionInstall($extension_install_id);]]></search>\n            <add position=\"replace\"><![CDATA[//d_opencart_patch.xml 1 moved down]]></add>\n        </operation>\n    </file>\n    <file path=\"admin/controller/marketplace/install.php\">\n        <operation error=\"skip\">\n            <search><![CDATA[$this->model_setting_modification->deleteModificationsByExtensionInstallId($extension_install_id);]]></search>\n            <add position=\"after\"><![CDATA[\n                //d_opencart_patch.xml 2\n                $this->model_setting_extension->deleteExtensionInstall($extension_install_id);]]></add>\n        </operation>\n    </file>\n    <file path=\"admin/controller/common/filemanager.php\">\n        <operation>\n            <search><![CDATA[$files = glob($directory . \'/\' . $filter_name . \'*.{jpg,jpeg,png,gif,JPG,JPEG,PNG,GIF}\', GLOB_BRACE);]]></search>\n            <add position=\"replace\"><![CDATA[$files = glob($directory . \'/\' . $filter_name . \'*.{jpg,jpeg,svg,png,gif,JPG,JPEG,PNG,GIF}\', GLOB_BRACE);]]></add>\n        </operation>\n        <operation>\n            <search><![CDATA[\'jpg\',]]></search>\n            <add position=\"after\"><![CDATA[\'svg\',]]></add>\n        </operation>\n        <operation>\n            <search><![CDATA[\'image/jpeg\',]]></search>\n            <add position=\"after\"><![CDATA[\'image/svg+xml\',]]></add>\n        </operation>\n    </file>\n    <file path=\"admin/view/template/common/filemanager.twig\">\n        <operation>\n            <search><![CDATA[<img src=\"{{ image.thumb }}\" alt=\"{{ image.name }}\" title=\"{{ image.name }}\" />]]></search>\n            <add position=\"replace\"><![CDATA[<img src=\"{{ image.thumb }}\" alt=\"{{ image.name }}\" title=\"{{ image.name }}\" width=\"100\" height=\"100\" />]]></add>\n        </operation>\n    </file>\n    <file path=\"admin/view/template/common/header.twig\">\n        <operation>\n            <search><![CDATA[</header>]]></search>\n            <add position=\"before\"><![CDATA[\n                <style type=\"text/css\">\n                    a.img-thumbnail{\n                        min-width:100px;\n                    }\n                </style>\n                ]]></add>\n        </operation>\n    </file>\n    <file path=\"admin/model/tool/image.php\">\n        <operation>\n            <search><![CDATA[public function resize($filename, $width, $height) {]]></search>\n            <add position=\"after\"><![CDATA[\n                if (isset($this->request->server[\'HTTPS\']) && (($this->request->server[\'HTTPS\'] == \'on\') || ($this->request->server[\'HTTPS\'] == \'1\'))) {\n                    $server = HTTPS_CATALOG;\n                } else {\n                    $server = HTTP_CATALOG;\n                }\n\n                if ($filename) {\n                    $image_info = @getimagesize(DIR_IMAGE . $filename);\n                    if (!$image_info) {\n                        return $server . \'image/\' . $filename;\n                    }\n                } else {\n                    $filename = \"no_image.png\";\n                }\n                ]]></add>\n        </operation>\n    </file>\n    <file path=\"catalog/model/tool/image.php\">\n        <operation>\n            <search><![CDATA[public function resize($filename, $width, $height) {]]></search>\n            <add position=\"after\"><![CDATA[\n                if (isset($this->request->server[\'HTTPS\']) && (($this->request->server[\'HTTPS\'] == \'on\') || ($this->request->server[\'HTTPS\'] == \'1\'))) {\n                    $server = HTTPS_SERVER;\n                } else {\n                    $server = HTTP_SERVER;\n                }\n\n                if ($filename) {\n                    $image_info = @getimagesize(DIR_IMAGE . $filename);\n                    if (!$image_info) {\n                        return $server . \'image/\' . $filename;\n                    }\n                } else {\n                    $filename = \"no_image.png\";\n                }\n                ]]></add>\n        </operation>\n    </file>\n    <file path=\"system/config/catalog.php\">\n        <operation>\n            <search index=\"1\" ><![CDATA[\'view/*/before\' => array(]]></search>\n            <add position=\"replace\" offset=\"2\"><![CDATA[\n                   //    \"view/*/before\" => array(\n                   //        1000  => \'event/debug/before\'\n                   //    ),\n                ]]></add>\n        </operation>\n        <operation>\n            <search ><![CDATA[\'controller/*/after\'  => array(]]></search>\n            <add position=\"replace\" offset=\"2\"><![CDATA[\n                    //	\'controller/*/after\'  => array(\n                    //\'event/debug/after\'\n                    //)\n                ]]></add>\n        </operation>\n    </file>\n\n</modification>', 1, '2019-02-27 11:08:02');
	INSERT INTO `modification` VALUES (3, 0, 'd_ajax_search', 'd_ajax_search', 'Dreamvention', '6.0.0', 'http://www.dreamvention.ee/', '<?xml version=\"1.0\" encoding=\"utf-8\"?>\n<modification>\n    <name>d_ajax_search</name>\n    <code>d_ajax_search</code>\n    <description>Live Ajax Search</description>\n    <version>6.0.0</version>\n    <author>Dreamvention</author>\n    <link>http://www.dreamvention.ee/</link>\n\n\n        <file path=\"catalog/controller/common/header.php\">\n            <operation error=\"skip\">\n                <search><![CDATA[public function index() {]]></search>\n                <add position=\"after\"><![CDATA[$data[\'d_ajax_search\'] = $this->load->controller(\'extension/module/d_ajax_search\');]]></add>\n            </operation>\n        </file>\n\n        <!-- <file path=\"catalog/view/theme/*/template/common/header.tpl\">\n            <operation error=\"skip\">\n                <search regex=\"true\" limit=\"1\"><![CDATA[($)]]></search>\n                <add><![CDATA[<?php echo $d_ajax_search; ?>]]></add>\n            </operation>\n        </file> -->\n\n\n        <!-- 3.x compatibility START -->\n        <!-- <file path=\"catalog/view/theme/*/template/common/header.twig\">\n            <operation error=\"skip\">\n                <search regex=\"true\" limit=\"1\"><![CDATA[($)]]></search>\n                <add><![CDATA[{{ d_ajax_search }}]]></add>\n            </operation>\n        </file> -->\n        <!-- 3.x compatibility END -->\n\n\n</modification>', 1, '2019-02-27 11:08:47');
	INSERT INTO `modification` VALUES (4, 0, 'd_twig_manager', 'd_twig_manager', 'Dreamvention', '2.0.0', 'http://dreamvention.com', '<?xml version=\"1.0\" encoding=\"utf-8\"?>\n<modification>\n    <name>d_twig_manager</name>\n    <code>d_twig_manager</code>\n    <description>Adds support for twig templating engine</description>\n    <version>2.0.0</version>\n    <author>Dreamvention</author>\n    <link>http://dreamvention.com</link>\n    <file path=\"system/engine/loader.php\">\n        <operation error=\"skip\" info=\"\">\n            <search><![CDATA[$template = new Template($this->registry->get(\'config\')->get(\'template_engine\'));]]></search>\n            <add position=\"replace\"><![CDATA[\n            //d_twig_manager.xml\n            $template = new Template($this->registry->get(\'config\')->get(\'template_engine\'), $this->registry);\n            ]]></add>\n        </operation>\n    </file>\n    <file path=\"system/library/template.php\">\n        <operation error=\"skip\" info=\"\">\n            <search><![CDATA[public function __construct($adaptor) {]]></search>\n            <add position=\"replace\"><![CDATA[\n            //d_twig_manager.xml\n            public function __construct($adaptor, $registry) {\n            ]]></add>\n        </operation>\n        <operation error=\"skip\" info=\"\">\n            <search><![CDATA[$this->adaptor = new $class();]]></search>\n            <add position=\"replace\"><![CDATA[\n            //d_twig_manager.xml\n            $this->adaptor = new $class($registry);\n            ]]></add>\n        </operation>\n    </file>\n    <file path=\"system/library/template/twig.php\">\n        <operation error=\"skip\" info=\"\">\n            <search><![CDATA[private $data = array();]]></search>\n            <add position=\"after\"><![CDATA[\n            //d_twig_manager.xml\n            private $registry = array();\n            ]]></add>\n        </operation>\n        <operation error=\"skip\" info=\"\">\n            <search><![CDATA[public function __construct() {]]></search>\n            <add position=\"replace\"><![CDATA[\n            //d_twig_manager.xml\n            public function __construct($registry) {\n            ]]></add>\n        </operation>\n        <operation error=\"skip\" info=\"\">\n            <search><![CDATA[\\Twig_Autoloader::register();]]></search>\n            <add position=\"after\"><![CDATA[\n            //d_twig_manager.xml\n            $this->registry = $registry;\n            ]]></add>\n        </operation>\n        <operation error=\"skip\" info=\"\">\n            <search><![CDATA[$this->twig = new \\Twig_Environment($loader, $config);]]></search>\n            <add position=\"after\"><![CDATA[\n            //d_twig_manager.xml\n            if (file_exists(DIR_SYSTEM . \'library/template/Twig/Extension/DTwigManager.php\')) {\n                $this->twig->addExtension(new \\Twig_Extension_DTwigManager($this->registry));\n            }\n            ]]></add>\n        </operation>\n    </file>\n    <file path=\"catalog/controller/event/theme.php\">\n        <operation error=\"skip\" info=\"\">\n            <search><![CDATA[$twig = new \\Twig_Environment($loader, $config);]]></search>\n            <add position=\"after\"><![CDATA[\n            //d_twig_manager.xml\n            if (file_exists(DIR_SYSTEM . \'library/template/Twig/Extension/DTwigManager.php\')) {\n                $twig->addExtension(new Twig_Extension_DTwigManager($this->registry));\n            }\n            ]]></add>\n        </operation>\n    </file>\n</modification>', 1, '2019-02-27 11:08:51');
	INSERT INTO `modification` VALUES (9, 8, 'Упрощенный заказ [Custom Quick Checkout]', 'quickcheckout_oc3', 'opencart3x.ru', '1.5.1', 'https://opencart3x.ru', '<?xml version=\"1.0\" encoding=\"UTF-8\"?>\n<modification>\n	<name>Упрощенный заказ [Custom Quick Checkout]</name>\n	<code>quickcheckout_oc3</code>\n	<version>1.5.1</version>\n	<author>opencart3x.ru</author>\n	<link>https://opencart3x.ru</link>\n	<file path=\"catalog/controller/checkout/cart.php\">\n		<operation>\n			<search><![CDATA[public function index() {]]></search>\n			<add position=\"after\"><![CDATA[		\n			if ($this->cart->hasProducts() && $this->config->get(\'quickcheckout_skip_cart\')){\n				$this->response->redirect($this->url->link(\'extension/quickcheckout/checkout\'));\n			}\n            ]]></add>\n		</operation>\n	</file>\n  	<file path=\"catalog/model/setting/extension.php\">\n		<operation>\n			<search trim=\"true\" index=\"0\"><![CDATA[\n				SELECT * FROM \" . DB_PREFIX . \"extension WHERE `type` =\n			]]></search>\n			<add position=\"after\" trim=\"false\" offset=\"0\"><![CDATA[\n				if ($type == \'payment\' && isset($this->session->data[\'shipping_method\'][\'code\']) && $this->config->get(\'quickcheckout_shipping_reload\')) {\n					$payments = $query->rows;\n\n					$rules = array();\n\n					foreach ($this->config->get(\'quickcheckout_payment2shipping_shippings\') as $shippings) {\n						if (strpos($this->session->data[\'shipping_method\'][\'code\'], $shippings[\'shipping\']) === 0) {\n							$rules[] = $shippings[\'payment\'];\n						}\n					}\n\n					if (!empty($rules)) {\n						foreach ($payments as $idx => $payment) {\n							if (!in_array($payment[\'code\'], $rules)) {\n								unset($payments[$idx]);\n							}\n						}\n\n						$query->rows = $payments;\n					}\n\n					//echo \'<pre>\'.__METHOD__.\' [\'.__LINE__.\']: \'; print_r($rules); echo \'</pre>\';\n					//echo \'<pre>\'.__METHOD__.\' [\'.__LINE__.\']: \'; print_r($this->session->data[\'shipping_method\']); echo \'</pre>\';\n					//echo \'<pre>\'.__METHOD__.\' [\'.__LINE__.\']: \'; print_r($query->rows); echo \'</pre>\';\n				}\n			]]></add>\n		</operation>\n	</file>\n</modification>', 1, '2019-03-05 15:55:01');
	INSERT INTO `modification` VALUES (8, 7, 'Корзина Popup', 'cart-popup', 'opencart3x.ru', '3', 'https://opencart3x.ru', '<?xml version=\"1.0\" encoding=\"utf-8\"?>\r\n<modification>\r\n  <name>Корзина Popup</name>\r\n  <code>cart-popup</code>\r\n  <version>3</version>\r\n  <author>opencart3x.ru</author>\r\n  <link>https://opencart3x.ru</link>\r\n  <file path=\"catalog/controller/common/header.php\">\r\n     <operation error=\"skip\">\r\n      <search><![CDATA[public function index() {]]></search>\r\n      <add position=\"after\"><![CDATA[\r\n        $data[\'smca_form_data\']         = (array)$this->config->get(\'ocdev_smart_cart_form_data\');\r\n        $data[\'smca_store_id\']          = (int)$this->config->get(\'config_store_id\');\r\n        $data[\'smca_customer_group_id\'] = ($this->customer->isLogged()) ? (int)$this->customer->getGroupId() : (int)$this->config->get(\'config_customer_group_id\');\r\n      ]]></add>\r\n    </operation>\r\n  </file>\r\n  <file path=\"catalog/controller/common/footer.php\">\r\n     <operation error=\"skip\">\r\n      <search><![CDATA[public function index() {]]></search>\r\n      <add position=\"after\"><![CDATA[\r\n        $data[\'smca_form_data\']         = (array)$this->config->get(\'ocdev_smart_cart_form_data\');\r\n        $data[\'smca_store_id\']          = (int)$this->config->get(\'config_store_id\');\r\n        $data[\'smca_customer_group_id\'] = ($this->customer->isLogged()) ? (int)$this->customer->getGroupId() : (int)$this->config->get(\'config_customer_group_id\');\r\n      ]]></add>\r\n    </operation>\r\n  </file>\r\n  <file path=\"catalog/view/theme/*/template/common/header.twig\">\r\n     <operation error=\"skip\">\r\n      <search><![CDATA[</head>]]></search>\r\n      <add position=\"before\"><![CDATA[\r\n        {% if smca_form_data[\'customer_groups\'] %}\r\n            {% set customer_groups = smca_form_data[\'customer_groups\'] %}\r\n        {% else %}\r\n            {% set customer_groups = {} %}\r\n        {% endif %}\r\n        {% if smca_form_data[\'stores\'] %}\r\n            {% set stores = smca_form_data[\'stores\'] %}\r\n        {% else %}\r\n            {% set stores = {} %}\r\n        {% endif %}\r\n\r\n        {% if smca_form_data[\'activate\'] and (smca_customer_group_id not in customer_groups) and (smca_store_id not in stores) %}\r\n        <script src=\"catalog/view/javascript/ocdev_smart_cart/jquery.magnific-popup.min.js?v={{ smca_form_data[\'front_module_version\'] }}\" type=\"text/javascript\"></script>\r\n        <link href=\"catalog/view/javascript/ocdev_smart_cart/magnific-popup.css?v={{ smca_form_data[\'front_module_version\'] }}\" rel=\"stylesheet\" media=\"screen\" />\r\n        <link rel=\"stylesheet\" type=\"text/css\" href=\"catalog/view/theme/default/stylesheet/ocdev_smart_cart/stylesheet.css?v={{ smca_form_data[\'front_module_version\'] }}\"/>\r\n        <script type=\"text/javascript\" src=\"catalog/view/javascript/ocdev_smart_cart/ocdev_smart_cart.js?v={{ smca_form_data[\'front_module_version\'] }}\"></script>\r\n        {% endif %}\r\n      ]]></add>\r\n    </operation>\r\n  </file>\r\n  <file path=\"catalog/view/theme/*/template/common/footer.twig\">\r\n     <operation error=\"skip\">\r\n      <search><![CDATA[</body>]]></search>\r\n      <add position=\"before\"><![CDATA[\r\n        <script type=\"text/javascript\">\r\n\r\n\r\n          function getOCwizardModal_smca(product_id, action) {\r\n            var basket = document.querySelector(\'.basket\');\r\n            quantity = typeof(quantity) != \'undefined\' ? quantity : 1;\r\n\r\n              var all_keys = [product_id];\r\n\r\n              $(\'.optional-prods__checkbox:checked\').each(function (key, val) {\r\n                  all_keys.push(val.value);\r\n              });\r\n\r\n              if(!all_keys.length) return false;\r\n\r\n              var prod_ids = all_keys.join(\";\");\r\n\r\n            if (action == \"add\") {\r\n              $.ajax({\r\n                url: \'index.php?route=checkout/cart/add\',\r\n                type: \'post\',\r\n                data: \'product_id=\' + prod_ids + \'&quantity=\' + quantity,\r\n                dataType: \'json\',\r\n                success: function(json) {\r\n                  if (json[\'redirect\']) {\r\n                    location = json[\'redirect\'];\r\n                  }\r\n                  if (json[\'success\']) {\r\n                    buttonManipulate();\r\n                    $(\'#dialog\').addClass(\'is-show\');\r\n                    getOCwizardModal_smca(product_id, \'load\');\r\n                  }\r\n                }\r\n              });\r\n            }\r\n\r\n            if (action == \"load\" || action == \"load_option\") {\r\n\r\n                $.ajax({\r\n                    url: \'index.php?route=extension/module/ocdev_smart_cart\',\r\n                    type: \'get\',\r\n                    success: function(html) {\r\n                        console.log(\'Корзина загружена\')\r\n                        basket.innerHTML = html;\r\n                    }\r\n                });\r\n\r\n            }\r\n          }\r\n        </script>\r\n      ]]></add>\r\n    </operation>\r\n  </file>\r\n</modification>\r\n', 1, '2019-02-28 13:53:42');

	-- ----------------------------
	-- Table structure for module
	-- ----------------------------
	DROP TABLE IF EXISTS `module`;
	CREATE TABLE `module`  (
	  `module_id` int(11) NOT NULL AUTO_INCREMENT,
	  `name` varchar(64) CHARACTER SET utf8 COLLATE utf8_general_ci NOT NULL,
	  `code` varchar(32) CHARACTER SET utf8 COLLATE utf8_general_ci NOT NULL,
	  `setting` text CHARACTER SET utf8 COLLATE utf8_general_ci NOT NULL,
	  PRIMARY KEY (`module_id`) USING BTREE
	) ENGINE = MyISAM AUTO_INCREMENT = 42 CHARACTER SET = utf8 COLLATE = utf8_general_ci ROW_FORMAT = Dynamic;

	-- ----------------------------
	-- Records of module
	-- ----------------------------
	INSERT INTO `module` VALUES (29, 'Home Page', 'carousel', '{\"name\":\"Home Page\",\"banner_id\":\"8\",\"width\":\"130\",\"height\":\"100\",\"status\":\"1\"}');
	INSERT INTO `module` VALUES (28, 'Home Page', 'featured', '{\"name\":\"Home Page\",\"product\":[\"43\",\"40\",\"42\",\"30\"],\"limit\":\"4\",\"width\":\"200\",\"height\":\"200\",\"status\":\"1\"}');
	INSERT INTO `module` VALUES (27, 'Home Page', 'slideshow', '{\"name\":\"Home Page\",\"banner_id\":\"7\",\"width\":\"1140\",\"height\":\"380\",\"status\":\"1\"}');
	INSERT INTO `module` VALUES (40, 'HOME_BOTTOM', 'banner', '{\"name\":\"HOME_BOTTOM\",\"banner_id\":\"15\",\"width\":\"1920\",\"height\":\"716\",\"status\":\"1\"}');
	INSERT INTO `module` VALUES (41, 'HOME_CENTER', 'banner', '{\"name\":\"HOME_CENTER\",\"banner_id\":\"14\",\"width\":\"927\",\"height\":\"723\",\"status\":\"1\"}');
	INSERT INTO `module` VALUES (39, 'product', 'bestseller', '{\"name\":\"product\",\"limit\":\"4\",\"width\":\"200\",\"height\":\"200\",\"status\":\"1\"}');
	INSERT INTO `module` VALUES (35, 'Рекомендуемые товары в категории и производителе', 'featured_product', '{\"name\":\"\\u0420\\u0435\\u043a\\u043e\\u043c\\u0435\\u043d\\u0434\\u0443\\u0435\\u043c\\u044b\\u0435 \\u0442\\u043e\\u0432\\u0430\\u0440\\u044b \\u0432 \\u043a\\u0430\\u0442\\u0435\\u0433\\u043e\\u0440\\u0438\\u0438 \\u0438 \\u043f\\u0440\\u043e\\u0438\\u0437\\u0432\\u043e\\u0434\\u0438\\u0442\\u0435\\u043b\\u0435\",\"limit\":\"4\",\"width\":\"200\",\"height\":\"200\",\"status\":\"1\"}');
	INSERT INTO `module` VALUES (36, 'Brainy Filter Layout / Column Left', 'brainyfilter', '{\"layout_id\":\"18\",\"position\":\"column_left\",\"sort_order\":\"0\",\"status\":\"1\",\"bf_layout_id\":\"36\",\"name\":\"Brainy Filter Layout \\/ Column Left\"}');
	INSERT INTO `module` VALUES (37, 'HOME_TOP', 'banner', '{\"name\":\"HOME_TOP\",\"banner_id\":\"9\",\"width\":\"1920\",\"height\":\"725\",\"status\":\"1\"}');
	INSERT INTO `module` VALUES (38, 'home', 'bestseller', '{\"name\":\"home\",\"limit\":\"4\",\"width\":\"200\",\"height\":\"200\",\"status\":\"1\"}');

	-- ----------------------------
	-- Table structure for option
	-- ----------------------------
	DROP TABLE IF EXISTS `option`;
	CREATE TABLE `option`  (
	  `option_id` int(11) NOT NULL AUTO_INCREMENT,
	  `type` varchar(32) CHARACTER SET utf8 COLLATE utf8_general_ci NOT NULL,
	  `sort_order` int(3) NOT NULL,
	  PRIMARY KEY (`option_id`) USING BTREE
	) ENGINE = MyISAM AUTO_INCREMENT = 13 CHARACTER SET = utf8 COLLATE = utf8_general_ci ROW_FORMAT = Dynamic;

	-- ----------------------------
	-- Records of option
	-- ----------------------------
	INSERT INTO `option` VALUES (1, 'radio', 1);
	INSERT INTO `option` VALUES (2, 'checkbox', 2);
	INSERT INTO `option` VALUES (4, 'text', 3);
	INSERT INTO `option` VALUES (5, 'select', 4);
	INSERT INTO `option` VALUES (6, 'textarea', 5);
	INSERT INTO `option` VALUES (7, 'file', 6);
	INSERT INTO `option` VALUES (8, 'date', 7);
	INSERT INTO `option` VALUES (9, 'time', 8);
	INSERT INTO `option` VALUES (10, 'datetime', 9);
	INSERT INTO `option` VALUES (11, 'select', 10);
	INSERT INTO `option` VALUES (12, 'date', 11);

	-- ----------------------------
	-- Table structure for option_description
	-- ----------------------------
	DROP TABLE IF EXISTS `option_description`;
	CREATE TABLE `option_description`  (
	  `option_id` int(11) NOT NULL,
	  `language_id` int(11) NOT NULL,
	  `name` varchar(128) CHARACTER SET utf8 COLLATE utf8_general_ci NOT NULL,
	  PRIMARY KEY (`option_id`, `language_id`) USING BTREE
	) ENGINE = MyISAM CHARACTER SET = utf8 COLLATE = utf8_general_ci ROW_FORMAT = Dynamic;

	-- ----------------------------
	-- Records of option_description
	-- ----------------------------
	INSERT INTO `option_description` VALUES (1, 1, 'Radio');
	INSERT INTO `option_description` VALUES (2, 1, 'Checkbox');
	INSERT INTO `option_description` VALUES (4, 1, 'Text');
	INSERT INTO `option_description` VALUES (6, 1, 'Textarea');
	INSERT INTO `option_description` VALUES (8, 1, 'Date');
	INSERT INTO `option_description` VALUES (7, 1, 'File');
	INSERT INTO `option_description` VALUES (5, 1, 'Select');
	INSERT INTO `option_description` VALUES (9, 1, 'Time');
	INSERT INTO `option_description` VALUES (10, 1, 'Date &amp; Time');
	INSERT INTO `option_description` VALUES (12, 1, 'Delivery Date');
	INSERT INTO `option_description` VALUES (11, 1, 'Size');
	INSERT INTO `option_description` VALUES (2, 2, 'Checkbox');
	INSERT INTO `option_description` VALUES (8, 2, 'Date');
	INSERT INTO `option_description` VALUES (10, 2, 'Date &amp; Time');
	INSERT INTO `option_description` VALUES (12, 2, 'Delivery Date');
	INSERT INTO `option_description` VALUES (7, 2, 'File');
	INSERT INTO `option_description` VALUES (1, 2, 'Radio');
	INSERT INTO `option_description` VALUES (5, 2, 'Select');
	INSERT INTO `option_description` VALUES (11, 2, 'Size');
	INSERT INTO `option_description` VALUES (4, 2, 'Text');
	INSERT INTO `option_description` VALUES (6, 2, 'Textarea');
	INSERT INTO `option_description` VALUES (9, 2, 'Time');

	-- ----------------------------
	-- Table structure for option_value
	-- ----------------------------
	DROP TABLE IF EXISTS `option_value`;
	CREATE TABLE `option_value`  (
	  `option_value_id` int(11) NOT NULL AUTO_INCREMENT,
	  `option_id` int(11) NOT NULL,
	  `image` varchar(255) CHARACTER SET utf8 COLLATE utf8_general_ci NOT NULL,
	  `sort_order` int(3) NOT NULL,
	  PRIMARY KEY (`option_value_id`) USING BTREE
	) ENGINE = MyISAM AUTO_INCREMENT = 49 CHARACTER SET = utf8 COLLATE = utf8_general_ci ROW_FORMAT = Dynamic;

	-- ----------------------------
	-- Records of option_value
	-- ----------------------------
	INSERT INTO `option_value` VALUES (43, 1, '', 3);
	INSERT INTO `option_value` VALUES (32, 1, '', 1);
	INSERT INTO `option_value` VALUES (45, 2, '', 4);
	INSERT INTO `option_value` VALUES (44, 2, '', 3);
	INSERT INTO `option_value` VALUES (42, 5, '', 4);
	INSERT INTO `option_value` VALUES (41, 5, '', 3);
	INSERT INTO `option_value` VALUES (39, 5, '', 1);
	INSERT INTO `option_value` VALUES (40, 5, '', 2);
	INSERT INTO `option_value` VALUES (31, 1, '', 2);
	INSERT INTO `option_value` VALUES (23, 2, '', 1);
	INSERT INTO `option_value` VALUES (24, 2, '', 2);
	INSERT INTO `option_value` VALUES (46, 11, '', 1);
	INSERT INTO `option_value` VALUES (47, 11, '', 2);
	INSERT INTO `option_value` VALUES (48, 11, '', 3);

	-- ----------------------------
	-- Table structure for option_value_description
	-- ----------------------------
	DROP TABLE IF EXISTS `option_value_description`;
	CREATE TABLE `option_value_description`  (
	  `option_value_id` int(11) NOT NULL,
	  `language_id` int(11) NOT NULL,
	  `option_id` int(11) NOT NULL,
	  `name` varchar(128) CHARACTER SET utf8 COLLATE utf8_general_ci NOT NULL,
	  PRIMARY KEY (`option_value_id`, `language_id`) USING BTREE
	) ENGINE = MyISAM CHARACTER SET = utf8 COLLATE = utf8_general_ci ROW_FORMAT = Dynamic;

	-- ----------------------------
	-- Records of option_value_description
	-- ----------------------------
	INSERT INTO `option_value_description` VALUES (43, 1, 1, 'Large');
	INSERT INTO `option_value_description` VALUES (32, 1, 1, 'Small');
	INSERT INTO `option_value_description` VALUES (45, 1, 2, 'Checkbox 4');
	INSERT INTO `option_value_description` VALUES (44, 1, 2, 'Checkbox 3');
	INSERT INTO `option_value_description` VALUES (31, 1, 1, 'Medium');
	INSERT INTO `option_value_description` VALUES (42, 1, 5, 'Yellow');
	INSERT INTO `option_value_description` VALUES (41, 1, 5, 'Green');
	INSERT INTO `option_value_description` VALUES (39, 1, 5, 'Red');
	INSERT INTO `option_value_description` VALUES (40, 1, 5, 'Blue');
	INSERT INTO `option_value_description` VALUES (23, 1, 2, 'Checkbox 1');
	INSERT INTO `option_value_description` VALUES (24, 1, 2, 'Checkbox 2');
	INSERT INTO `option_value_description` VALUES (48, 1, 11, 'Large');
	INSERT INTO `option_value_description` VALUES (47, 1, 11, 'Medium');
	INSERT INTO `option_value_description` VALUES (46, 1, 11, 'Small');

	-- ----------------------------
	-- Table structure for order
	-- ----------------------------
	DROP TABLE IF EXISTS `order`;
	CREATE TABLE `order`  (
	  `order_id` int(11) NOT NULL AUTO_INCREMENT,
	  `invoice_no` int(11) NOT NULL DEFAULT 0,
	  `invoice_prefix` varchar(26) CHARACTER SET utf8 COLLATE utf8_general_ci NOT NULL,
	  `store_id` int(11) NOT NULL DEFAULT 0,
	  `store_name` varchar(64) CHARACTER SET utf8 COLLATE utf8_general_ci NOT NULL,
	  `store_url` varchar(255) CHARACTER SET utf8 COLLATE utf8_general_ci NOT NULL,
	  `customer_id` int(11) NOT NULL DEFAULT 0,
	  `customer_group_id` int(11) NOT NULL DEFAULT 0,
	  `firstname` varchar(32) CHARACTER SET utf8 COLLATE utf8_general_ci NOT NULL,
	  `lastname` varchar(32) CHARACTER SET utf8 COLLATE utf8_general_ci NOT NULL,
	  `email` varchar(96) CHARACTER SET utf8 COLLATE utf8_general_ci NOT NULL,
	  `telephone` varchar(32) CHARACTER SET utf8 COLLATE utf8_general_ci NOT NULL,
	  `fax` varchar(32) CHARACTER SET utf8 COLLATE utf8_general_ci NOT NULL,
	  `custom_field` text CHARACTER SET utf8 COLLATE utf8_general_ci NOT NULL,
	  `payment_firstname` varchar(32) CHARACTER SET utf8 COLLATE utf8_general_ci NOT NULL,
	  `payment_lastname` varchar(32) CHARACTER SET utf8 COLLATE utf8_general_ci NOT NULL,
	  `payment_company` varchar(60) CHARACTER SET utf8 COLLATE utf8_general_ci NOT NULL,
	  `payment_address_1` varchar(128) CHARACTER SET utf8 COLLATE utf8_general_ci NOT NULL,
	  `payment_address_2` varchar(128) CHARACTER SET utf8 COLLATE utf8_general_ci NOT NULL,
	  `payment_city` varchar(128) CHARACTER SET utf8 COLLATE utf8_general_ci NOT NULL,
	  `payment_postcode` varchar(10) CHARACTER SET utf8 COLLATE utf8_general_ci NOT NULL,
	  `payment_country` varchar(128) CHARACTER SET utf8 COLLATE utf8_general_ci NOT NULL,
	  `payment_country_id` int(11) NOT NULL,
	  `payment_zone` varchar(128) CHARACTER SET utf8 COLLATE utf8_general_ci NOT NULL,
	  `payment_zone_id` int(11) NOT NULL,
	  `payment_address_format` text CHARACTER SET utf8 COLLATE utf8_general_ci NOT NULL,
	  `payment_custom_field` text CHARACTER SET utf8 COLLATE utf8_general_ci NOT NULL,
	  `payment_method` varchar(128) CHARACTER SET utf8 COLLATE utf8_general_ci NOT NULL,
	  `payment_code` varchar(128) CHARACTER SET utf8 COLLATE utf8_general_ci NOT NULL,
	  `shipping_firstname` varchar(32) CHARACTER SET utf8 COLLATE utf8_general_ci NOT NULL,
	  `shipping_lastname` varchar(32) CHARACTER SET utf8 COLLATE utf8_general_ci NOT NULL,
	  `shipping_company` varchar(40) CHARACTER SET utf8 COLLATE utf8_general_ci NOT NULL,
	  `shipping_address_1` varchar(128) CHARACTER SET utf8 COLLATE utf8_general_ci NOT NULL,
	  `shipping_address_2` varchar(128) CHARACTER SET utf8 COLLATE utf8_general_ci NOT NULL,
	  `shipping_city` varchar(128) CHARACTER SET utf8 COLLATE utf8_general_ci NOT NULL,
	  `shipping_postcode` varchar(10) CHARACTER SET utf8 COLLATE utf8_general_ci NOT NULL,
	  `shipping_country` varchar(128) CHARACTER SET utf8 COLLATE utf8_general_ci NOT NULL,
	  `shipping_country_id` int(11) NOT NULL,
	  `shipping_zone` varchar(128) CHARACTER SET utf8 COLLATE utf8_general_ci NOT NULL,
	  `shipping_zone_id` int(11) NOT NULL,
	  `shipping_address_format` text CHARACTER SET utf8 COLLATE utf8_general_ci NOT NULL,
	  `shipping_custom_field` text CHARACTER SET utf8 COLLATE utf8_general_ci NOT NULL,
	  `shipping_method` varchar(128) CHARACTER SET utf8 COLLATE utf8_general_ci NOT NULL,
	  `shipping_code` varchar(128) CHARACTER SET utf8 COLLATE utf8_general_ci NOT NULL,
	  `comment` text CHARACTER SET utf8 COLLATE utf8_general_ci NOT NULL,
	  `total` decimal(15, 4) NOT NULL DEFAULT 0.0000,
	  `order_status_id` int(11) NOT NULL DEFAULT 0,
	  `affiliate_id` int(11) NOT NULL,
	  `commission` decimal(15, 4) NOT NULL,
	  `marketing_id` int(11) NOT NULL,
	  `tracking` varchar(64) CHARACTER SET utf8 COLLATE utf8_general_ci NOT NULL,
	  `language_id` int(11) NOT NULL,
	  `currency_id` int(11) NOT NULL,
	  `currency_code` varchar(3) CHARACTER SET utf8 COLLATE utf8_general_ci NOT NULL,
	  `currency_value` decimal(15, 8) NOT NULL DEFAULT 1.00000000,
	  `ip` varchar(40) CHARACTER SET utf8 COLLATE utf8_general_ci NOT NULL,
	  `forwarded_ip` varchar(40) CHARACTER SET utf8 COLLATE utf8_general_ci NOT NULL,
	  `user_agent` varchar(255) CHARACTER SET utf8 COLLATE utf8_general_ci NOT NULL,
	  `accept_language` varchar(255) CHARACTER SET utf8 COLLATE utf8_general_ci NOT NULL,
	  `date_added` datetime(0) NOT NULL,
	  `date_modified` datetime(0) NOT NULL,
	  PRIMARY KEY (`order_id`) USING BTREE
	) ENGINE = MyISAM AUTO_INCREMENT = 20 CHARACTER SET = utf8 COLLATE = utf8_general_ci ROW_FORMAT = Dynamic;

	-- ----------------------------
	-- Records of order
	-- ----------------------------
	INSERT INTO `order` VALUES (1, 1, 'INV-2019-00', 0, 'BiXBiT Store', 'http://store.test/', 0, 1, 'dfgdf', 'gfdgdf', 'dnsxss@gmail.com', 'dfgdf', '', '[]', 'dfgdf', 'gfdgdf', '', 'dfgdfgdf', '', 'fdgdfgdf', '456546', 'Andorra', 5, 'Canillo', 123, '', '[]', 'Оплата при доставке', 'cod', '56756', '756756', '', '56756', '', '756756', '756756756', 'Российская Федерация', 176, 'Алтайский край', 2726, '', '[]', 'Доставка с фиксированной стоимостью', 'flat.flat', '', 103025.0000, 3, 0, 0.0000, 0, '', 1, 1, 'RUB', 1.00000000, '192.168.88.65', '', 'Mozilla/5.0 (Windows NT 10.0; Win64; x64) AppleWebKit/537.36 (KHTML, like Gecko) Chrome/72.0.3626.96 Safari/537.36', 'ru-RU,ru;q=0.9,en-US;q=0.8,en;q=0.7', '2019-02-15 12:22:35', '2019-02-28 12:02:49');
	INSERT INTO `order` VALUES (3, 0, 'INV-2019-00', 0, 'BiXBiT Store', 'http://store.test/', 0, 1, 'Андрей', 'Мирейчик', 'dnsxss@gmail.com', '375291818262', '', '[]', 'Андрей', 'Мирейчик', 'company', 'Не указано 1', 'Не указано 1', 'минск', 'postcode', 'Afghanistan', 1, 'Badakhshan', 1, '', '[]', 'Оплата при доставке', 'cod', 'Андрей', 'Мирейчик', 'company', 'Не указано 1', 'Не указано 1', 'минск', 'postcode', 'Afghanistan', 1, 'Badakhshan', 1, '', '[]', 'Доставка с фиксированной стоимостью', 'flat.flat', '', 1520.0000, 0, 0, 0.0000, 0, '', 1, 2, 'USD', 1.00000000, '192.168.88.65', '', 'Mozilla/5.0 (Windows NT 10.0; Win64; x64) AppleWebKit/537.36 (KHTML, like Gecko) Chrome/72.0.3626.109 Safari/537.36', 'ru-RU,ru;q=0.9,en-US;q=0.8,en;q=0.7', '2019-03-04 16:51:45', '2019-03-04 16:51:45');
	INSERT INTO `order` VALUES (2, 0, 'INV-2019-00', 0, 'BiXBiT Store', 'http://store.test/', 0, 1, 'dfgdf', 'gfdgdf', 'dnsxss@gmail.com', 'dfgdf', '', '[]', 'dfgdf', 'gfdgdf', '', 'dfgdfgdf', '', 'fdgdfgdf', '456546', 'Andorra', 5, 'Canillo', 123, '', '[]', 'Оплата при доставке', 'cod', 'dfgdf', 'gfdgdf', '', 'dfgdfgdf', '', 'fdgdfgdf', '456546', 'Andorra', 5, 'Canillo', 123, '', '[]', 'Доставка с фиксированной стоимостью', 'flat.flat', '', 309079.0000, 5, 0, 0.0000, 0, '', 1, 1, 'RUB', 1.00000000, '192.168.88.65', '', 'Mozilla/5.0 (Windows NT 10.0; Win64; x64) AppleWebKit/537.36 (KHTML, like Gecko) Chrome/72.0.3626.96 Safari/537.36', 'ru-RU,ru;q=0.9,en-US;q=0.8,en;q=0.7', '2019-02-15 12:23:56', '2019-03-01 14:39:12');
	INSERT INTO `order` VALUES (4, 0, 'INV-2019-00', 0, 'BiXBiT Store', 'http://store.test/', 0, 1, 'Андрей', 'Мирейчик', 'dnsxss@gmail.com', '375291818262', '', '[]', 'Андрей', 'Мирейчик', 'company', 'Не указано 1', 'Не указано 1', 'Минск', 'postcode', 'Afghanistan', 1, 'Badakhshan', 1, '', '[]', 'Оплата при доставке', 'cod', 'Андрей', 'Мирейчик', 'company', 'Не указано 1', 'Не указано 1', 'Минск', 'postcode', 'Afghanistan', 1, 'Badakhshan', 1, '', '[]', 'Доставка с фиксированной стоимостью', 'flat.flat', '', 1520.0000, 0, 0, 0.0000, 0, '', 1, 2, 'USD', 1.00000000, '192.168.88.65', '', 'Mozilla/5.0 (Windows NT 10.0; Win64; x64) AppleWebKit/537.36 (KHTML, like Gecko) Chrome/72.0.3626.109 Safari/537.36', 'ru-RU,ru;q=0.9,en-US;q=0.8,en;q=0.7', '2019-03-04 16:54:47', '2019-03-04 16:54:47');
	INSERT INTO `order` VALUES (5, 0, 'INV-2019-00', 0, 'BiXBiT Store', 'http://store.test/', 0, 1, 'Андрей', 'Мирейчик', 'dnsxss@gmail.com', '375291818262', '', '[]', 'Андрей', 'Мирейчик', 'company', 'Не указано 1', 'Не указано 1', 'Минск', 'postcode', 'Afghanistan', 1, 'Badakhshan', 1, '', '[]', 'Оплата при доставке', 'cod', 'Андрей', 'Мирейчик', 'company', 'Не указано 1', 'Не указано 1', 'Минск', 'postcode', 'Afghanistan', 1, 'Badakhshan', 1, '', '[]', 'Доставка с фиксированной стоимостью', 'flat.flat', '', 1520.0000, 0, 0, 0.0000, 0, '', 1, 2, 'USD', 1.00000000, '192.168.88.65', '', 'Mozilla/5.0 (Windows NT 10.0; Win64; x64) AppleWebKit/537.36 (KHTML, like Gecko) Chrome/72.0.3626.109 Safari/537.36', 'ru-RU,ru;q=0.9,en-US;q=0.8,en;q=0.7', '2019-03-04 16:54:47', '2019-03-04 16:54:47');
	INSERT INTO `order` VALUES (6, 0, 'INV-2019-00', 0, 'BiXBiT Store', 'http://store.test/', 0, 1, 'asdasd', 'asdasd', 'dddd@ssss.ru', '375291818262', '', '[]', 'asdasd', 'asdasd', 'company', 'Не указано 1', 'Не указано 1', 'Минск', 'postcode', 'Angola', 6, 'Bengo', 129, '', '[]', 'Оплата при доставке', 'cod', 'asdasd', 'asdasd', 'company', 'Не указано 1', 'Не указано 1', 'Минск', 'postcode', 'Angola', 6, 'Bengo', 129, '', '[]', 'Доставка с фиксированной стоимостью', 'flat.flat', '', 770.0000, 0, 0, 0.0000, 0, '', 1, 2, 'USD', 1.00000000, '192.168.88.65', '', 'Mozilla/5.0 (Windows NT 10.0; Win64; x64) AppleWebKit/537.36 (KHTML, like Gecko) Chrome/72.0.3626.109 Safari/537.36', 'ru-RU,ru;q=0.9,en-US;q=0.8,en;q=0.7', '2019-03-04 17:21:21', '2019-03-04 17:21:21');
	INSERT INTO `order` VALUES (7, 0, 'INV-2019-00', 0, 'BiXBiT Store', 'http://store.test/', 0, 1, 'Андрей', 'Мирейчик', 'dnsxss@gmail.com', '375291818262', '', '[]', 'Андрей', 'Мирейчик', 'company', '', 'Не указано 1', 'Минк', 'postcode', 'Angola', 6, 'Bengo', 129, '', '[]', 'Оплата при доставке', 'cod', 'Андрей', 'Мирейчик', 'company', '', 'Не указано 1', 'Минк', 'postcode', 'Angola', 6, 'Bengo', 129, '', '[]', 'Доставка с фиксированной стоимостью', 'flat.flat', '', 770.0000, 1, 0, 0.0000, 0, '', 1, 2, 'USD', 1.00000000, '192.168.88.65', '', 'Mozilla/5.0 (Windows NT 10.0; Win64; x64) AppleWebKit/537.36 (KHTML, like Gecko) Chrome/72.0.3626.109 Safari/537.36', 'ru-RU,ru;q=0.9,en-US;q=0.8,en;q=0.7', '2019-03-04 17:24:58', '2019-03-04 17:24:59');
	INSERT INTO `order` VALUES (8, 0, 'INV-2019-00', 0, 'BiXBiT Store', 'http://store.test/', 0, 1, 'dfgdf', 'Mireichyk', 'dnsxss@gmail.com', 'dfgdf', '', '[]', 'dfgdf', 'Mireichyk', 'company', '', '', '', 'postcode', 'Белоруссия (Беларусь)', 20, 'Брест', 337, '', '[]', 'Оплата при доставке', 'cod', 'dfgdf', 'Mireichyk', 'company', '', '', '', 'postcode', 'Белоруссия (Беларусь)', 20, 'Брест', 337, '', '[]', 'Доставка с фиксированной стоимостью', 'flat.flat', '', 1040.0000, 16, 0, 0.0000, 0, '', 1, 2, 'USD', 1.00000000, '192.168.88.65', '', 'Mozilla/5.0 (Windows NT 10.0; Win64; x64) AppleWebKit/537.36 (KHTML, like Gecko) Chrome/72.0.3626.109 Safari/537.36', 'ru-RU,ru;q=0.9,en-US;q=0.8,en;q=0.7', '2019-03-05 16:11:27', '2019-03-05 16:11:28');
	INSERT INTO `order` VALUES (9, 0, 'INV-2019-00', 0, 'BiXBiT Store', 'http://store.test/', 0, 1, 'dfgdf', 'Mireichyk', 'dnsxss@gmail.com', 'dfgdf', '', '[]', 'dfgdf', 'Mireichyk', 'company', '', '', '', 'postcode', 'Украина', 220, 'Винницкая область', 3501, '', '[]', 'Оплата при доставке', 'cod', 'dfgdf', 'Mireichyk', 'company', '', '', '', 'postcode', 'Украина', 220, 'Винницкая область', 3501, '', '[]', 'Доставка с фиксированной стоимостью', 'flat.flat', '', 770.0000, 16, 0, 0.0000, 0, '', 1, 2, 'USD', 1.00000000, '192.168.88.65', '', 'Mozilla/5.0 (Windows NT 10.0; Win64; x64) AppleWebKit/537.36 (KHTML, like Gecko) Chrome/72.0.3626.109 Safari/537.36', 'ru-RU,ru;q=0.9,en-US;q=0.8,en;q=0.7', '2019-03-05 16:19:13', '2019-03-05 16:19:13');
	INSERT INTO `order` VALUES (10, 0, 'INV-2019-00', 0, 'BiXBiT Store', 'http://store.test/', 0, 1, 'dfgdf', 'Mireichyk', 'dnsxss@gmail.com', 'asdadass', '', '[]', 'dfgdf', 'Mireichyk', 'company', '', '', '', 'postcode', 'Белоруссия (Беларусь)', 20, 'Минск', 339, '', '[]', 'Банковский перевод', 'bank_transfer', 'dfgdf', 'Mireichyk', 'company', '', '', '', 'postcode', 'Белоруссия (Беларусь)', 20, 'Минск', 339, '', '[]', 'Самовывоз из магазина', 'pickup.pickup', '', 1500.0000, 0, 0, 0.0000, 0, '', 1, 2, 'USD', 1.00000000, '192.168.88.65', '', 'Mozilla/5.0 (Windows NT 10.0; Win64; x64) AppleWebKit/537.36 (KHTML, like Gecko) Chrome/72.0.3626.109 Safari/537.36', 'ru-RU,ru;q=0.9,en-US;q=0.8,en;q=0.7', '2019-03-05 16:55:11', '2019-03-05 16:55:11');
	INSERT INTO `order` VALUES (11, 0, 'INV-2019-00', 0, 'BiXBiT Store', 'http://store.test/', 0, 1, 'dfgdf', 'Mireichyk', 'dnsxss@gmail.com', 'asdadass', '', '[]', 'dfgdf', 'Mireichyk', 'company', '', '', '', 'postcode', 'Белоруссия (Беларусь)', 20, 'Минск', 339, '', '[]', 'Банковский перевод', 'bank_transfer', 'dfgdf', 'Mireichyk', 'company', '', '', '', 'postcode', 'Белоруссия (Беларусь)', 20, 'Минск', 339, '', '[]', 'Самовывоз из магазина', 'pickup.pickup', '', 1500.0000, 0, 0, 0.0000, 0, '', 1, 2, 'USD', 1.00000000, '192.168.88.65', '', 'Mozilla/5.0 (Windows NT 10.0; Win64; x64) AppleWebKit/537.36 (KHTML, like Gecko) Chrome/72.0.3626.109 Safari/537.36', 'ru-RU,ru;q=0.9,en-US;q=0.8,en;q=0.7', '2019-03-05 16:55:30', '2019-03-05 16:55:30');
	INSERT INTO `order` VALUES (12, 0, 'INV-2019-00', 0, 'BiXBiT Store', 'http://store.test/', 0, 1, 'dfgdf', 'Mireichyk', 'dnsxss@gmail.com', 'asdadass', '', '[]', 'dfgdf', 'Mireichyk', 'company', '', '', '', 'postcode', 'Белоруссия (Беларусь)', 20, 'Минск', 339, '', '[]', 'Банковский перевод', 'bank_transfer', 'dfgdf', 'Mireichyk', 'company', '', '', '', 'postcode', 'Белоруссия (Беларусь)', 20, 'Минск', 339, '', '[]', 'Самовывоз из магазина', 'pickup.pickup', '', 1500.0000, 0, 0, 0.0000, 0, '', 1, 2, 'USD', 1.00000000, '192.168.88.65', '', 'Mozilla/5.0 (Windows NT 10.0; Win64; x64) AppleWebKit/537.36 (KHTML, like Gecko) Chrome/72.0.3626.109 Safari/537.36', 'ru-RU,ru;q=0.9,en-US;q=0.8,en;q=0.7', '2019-03-05 16:55:57', '2019-03-05 16:55:57');
	INSERT INTO `order` VALUES (13, 0, 'INV-2019-00', 0, 'BiXBiT Store', 'http://store.test/', 0, 1, 'dfgdf', 'Mireichyk', 'dnsxss@gmail.com', 'asdadass', '', '[]', 'dfgdf', 'Mireichyk', 'company', '', '', '', 'postcode', 'Белоруссия (Беларусь)', 20, 'Минск', 339, '', '[]', 'Банковский перевод', 'bank_transfer', 'dfgdf', 'Mireichyk', 'company', '', '', '', 'postcode', 'Белоруссия (Беларусь)', 20, 'Минск', 339, '', '[]', 'Самовывоз из магазина', 'pickup.pickup', '', 1500.0000, 0, 0, 0.0000, 0, '', 1, 2, 'USD', 1.00000000, '192.168.88.65', '', 'Mozilla/5.0 (Windows NT 10.0; Win64; x64) AppleWebKit/537.36 (KHTML, like Gecko) Chrome/72.0.3626.109 Safari/537.36', 'ru-RU,ru;q=0.9,en-US;q=0.8,en;q=0.7', '2019-03-05 16:56:46', '2019-03-05 16:56:46');
	INSERT INTO `order` VALUES (14, 0, 'INV-2019-00', 0, 'BiXBiT Store', 'http://store.test/', 0, 1, 'dfgdf', 'Mireichyk', 'dnsxss@gmail.com', 'asdadass', '', '[]', 'dfgdf', 'Mireichyk', 'company', '', '', '', 'postcode', 'Белоруссия (Беларусь)', 20, 'Минск', 339, '', '[]', 'Банковский перевод', 'bank_transfer', 'dfgdf', 'Mireichyk', 'company', '', '', '', 'postcode', 'Белоруссия (Беларусь)', 20, 'Минск', 339, '', '[]', 'Самовывоз из магазина', 'pickup.pickup', '', 1500.0000, 16, 0, 0.0000, 0, '', 1, 2, 'USD', 1.00000000, '192.168.88.65', '', 'Mozilla/5.0 (Windows NT 10.0; Win64; x64) AppleWebKit/537.36 (KHTML, like Gecko) Chrome/72.0.3626.109 Safari/537.36', 'ru-RU,ru;q=0.9,en-US;q=0.8,en;q=0.7', '2019-03-05 17:02:19', '2019-03-05 17:02:19');
	INSERT INTO `order` VALUES (15, 0, 'INV-2019-00', 0, 'BiXBiT Store', 'http://store.test/', 0, 1, 'dfgdf', 'Mireichyk', 'dnsxss@gmail.com', 'asdadass', '', '[]', 'dfgdf', 'Mireichyk', 'company', '', '', '', 'postcode', 'Белоруссия (Беларусь)', 20, 'Минск', 339, '', '[]', 'Банковский перевод', 'bank_transfer', 'dfgdf', 'Mireichyk', 'company', '', '', '', 'postcode', 'Белоруссия (Беларусь)', 20, 'Минск', 339, '', '[]', 'Самовывоз из магазина', 'pickup.pickup', '', 2040.0000, 16, 0, 0.0000, 0, '', 1, 2, 'USD', 1.00000000, '192.168.88.65', '', 'Mozilla/5.0 (Windows NT 10.0; Win64; x64) AppleWebKit/537.36 (KHTML, like Gecko) Chrome/72.0.3626.109 Safari/537.36', 'ru-RU,ru;q=0.9,en-US;q=0.8,en;q=0.7', '2019-03-05 17:06:42', '2019-03-05 17:06:42');
	INSERT INTO `order` VALUES (16, 0, 'INV-2019-00', 0, 'BiXBiT Store', 'http://store.test/', 0, 1, 'dfgdf', 'gfdgdf', 'dnsxss@gmail.com', 'dfgdf', '', '[]', 'dfgdf', 'gfdgdf', '', '', '', '', '', 'Белоруссия (Беларусь)', 20, 'Минск', 339, '', '[]', 'Банковский перевод', 'bank_transfer', 'dfgdf', 'gfdgdf', '', '', '', '', '', 'Белоруссия (Беларусь)', 20, 'Минск', 339, '', '[]', 'Доставка с фиксированной стоимостью', 'flat.flat', '', 2060.0000, 16, 0, 0.0000, 0, '', 1, 2, 'USD', 1.00000000, '192.168.88.65', '', 'Mozilla/5.0 (Windows NT 10.0; Win64; x64) AppleWebKit/537.36 (KHTML, like Gecko) Chrome/72.0.3626.109 Safari/537.36', 'ru-RU,ru;q=0.9,en-US;q=0.8,en;q=0.7', '2019-03-05 17:08:54', '2019-03-05 17:08:54');
	INSERT INTO `order` VALUES (17, 0, 'INV-2019-00', 0, 'BiXBiT Store', 'http://store.test/', 0, 1, 'dfgdf', 'gfdgdf', 'dnsxss@gmail.com', 'dfgdf', '', '[]', 'dfgdf', 'gfdgdf', '', '', '', '', '', 'Белоруссия (Беларусь)', 20, 'Минск', 339, '', '[]', 'Оплата при доставке', 'cod', 'dfgdf', 'gfdgdf', '', '', '', '', '', 'Белоруссия (Беларусь)', 20, 'Минск', 339, '', '[]', 'Самовывоз из магазина', 'pickup.pickup', '', 750.0000, 16, 0, 0.0000, 0, '', 1, 2, 'USD', 1.00000000, '192.168.88.65', '', 'Mozilla/5.0 (Windows NT 10.0; Win64; x64) AppleWebKit/537.36 (KHTML, like Gecko) Chrome/72.0.3626.109 Safari/537.36', 'ru-RU,ru;q=0.9,en-US;q=0.8,en;q=0.7', '2019-03-05 17:09:57', '2019-03-05 17:09:57');
	INSERT INTO `order` VALUES (18, 0, 'INV-2019-00', 0, 'BiXBiT Store', 'http://store.test/', 0, 1, 'dfgdf', 'gfdgdf', 'dnsxss@gmail.com', 'dfgdf', '', '[]', 'dfgdf', 'gfdgdf', '', '', '', '', '', 'Белоруссия (Беларусь)', 20, 'Минск', 339, '', '[]', 'Оплата при доставке', 'cod', 'dfgdf', 'gfdgdf', '', '', '', '', '', 'Белоруссия (Беларусь)', 20, 'Минск', 339, '', '[]', 'Доставка', 'flat.flat', '', 2270.0000, 16, 0, 0.0000, 0, '', 1, 2, 'USD', 1.00000000, '192.168.88.65', '', 'Mozilla/5.0 (Windows NT 10.0; Win64; x64) AppleWebKit/537.36 (KHTML, like Gecko) Chrome/72.0.3626.109 Safari/537.36', 'ru-RU,ru;q=0.9,en-US;q=0.8,en;q=0.7', '2019-03-05 17:30:27', '2019-03-05 17:30:27');
	INSERT INTO `order` VALUES (19, 0, 'INV-2019-00', 0, 'BiXBiT Store', 'http://store.test/', 0, 1, 'Andrei', 'Mireichyk', 'dnsxss@gmail.com', 'asdasdas', '', '[]', 'Andrei', 'Mireichyk', '', '', '', '', '', 'Белоруссия (Беларусь)', 20, 'Минск', 339, '', '[]', 'Оплата картой', 'bank_transfer', 'Andrei', 'Mireichyk', '', '', '', '', '', 'Белоруссия (Беларусь)', 20, 'Минск', 339, '', '[]', 'Доставка', 'flat.flat', '', 770.0000, 16, 0, 0.0000, 0, '', 1, 2, 'USD', 1.00000000, '192.168.88.65', '', 'Mozilla/5.0 (Windows NT 10.0; Win64; x64) AppleWebKit/537.36 (KHTML, like Gecko) Chrome/72.0.3626.109 Safari/537.36', 'ru-RU,ru;q=0.9,en-US;q=0.8,en;q=0.7', '2019-03-05 17:52:16', '2019-03-05 17:52:16');

	-- ----------------------------
	-- Table structure for order_history
	-- ----------------------------
	DROP TABLE IF EXISTS `order_history`;
	CREATE TABLE `order_history`  (
	  `order_history_id` int(11) NOT NULL AUTO_INCREMENT,
	  `order_id` int(11) NOT NULL,
	  `order_status_id` int(11) NOT NULL,
	  `notify` tinyint(1) NOT NULL DEFAULT 0,
	  `comment` text CHARACTER SET utf8 COLLATE utf8_general_ci NOT NULL,
	  `date_added` datetime(0) NOT NULL,
	  PRIMARY KEY (`order_history_id`) USING BTREE
	) ENGINE = MyISAM AUTO_INCREMENT = 21 CHARACTER SET = utf8 COLLATE = utf8_general_ci ROW_FORMAT = Dynamic;

	-- ----------------------------
	-- Records of order_history
	-- ----------------------------
	INSERT INTO `order_history` VALUES (1, 1, 1, 0, '', '2019-02-15 12:22:39');
	INSERT INTO `order_history` VALUES (2, 2, 1, 0, '', '2019-02-15 12:23:58');
	INSERT INTO `order_history` VALUES (3, 2, 0, 0, '', '2019-02-25 11:23:47');
	INSERT INTO `order_history` VALUES (4, 2, 1, 0, '', '2019-02-25 11:23:48');
	INSERT INTO `order_history` VALUES (5, 1, 1, 0, '', '2019-02-25 11:25:34');
	INSERT INTO `order_history` VALUES (6, 1, 0, 0, '', '2019-02-25 11:26:26');
	INSERT INTO `order_history` VALUES (7, 1, 1, 0, '', '2019-02-25 11:26:26');
	INSERT INTO `order_history` VALUES (8, 2, 5, 0, '', '2019-02-28 12:02:23');
	INSERT INTO `order_history` VALUES (9, 1, 3, 0, '', '2019-02-28 12:02:49');
	INSERT INTO `order_history` VALUES (10, 2, 0, 0, '', '2019-03-01 14:39:12');
	INSERT INTO `order_history` VALUES (11, 2, 5, 0, '', '2019-03-01 14:39:12');
	INSERT INTO `order_history` VALUES (12, 7, 1, 0, '', '2019-03-04 17:24:59');
	INSERT INTO `order_history` VALUES (13, 8, 16, 0, '', '2019-03-05 16:11:28');
	INSERT INTO `order_history` VALUES (14, 9, 16, 0, '', '2019-03-05 16:19:13');
	INSERT INTO `order_history` VALUES (15, 14, 16, 1, 'Инструкции по банковскому переводу\n\nавпвапва\n\nЗаказ не будет обработан, пока деньги не поступят на наш расчетный счёт.', '2019-03-05 17:02:19');
	INSERT INTO `order_history` VALUES (16, 15, 16, 1, 'Инструкции по банковскому переводу\n\nавпвапва\n\nЗаказ не будет обработан, пока деньги не поступят на наш расчетный счёт.', '2019-03-05 17:06:42');
	INSERT INTO `order_history` VALUES (17, 16, 16, 1, 'Инструкции по банковскому переводу\n\nавпвапва\n\nЗаказ не будет обработан, пока деньги не поступят на наш расчетный счёт.', '2019-03-05 17:08:54');
	INSERT INTO `order_history` VALUES (18, 17, 16, 0, '', '2019-03-05 17:09:57');
	INSERT INTO `order_history` VALUES (19, 18, 16, 0, '', '2019-03-05 17:30:27');
	INSERT INTO `order_history` VALUES (20, 19, 16, 1, 'Инструкции по банковскому переводу\n\nавпвапва\n\nЗаказ не будет обработан, пока деньги не поступят на наш расчетный счёт.', '2019-03-05 17:52:16');

	-- ----------------------------
	-- Table structure for order_option
	-- ----------------------------
	DROP TABLE IF EXISTS `order_option`;
	CREATE TABLE `order_option`  (
	  `order_option_id` int(11) NOT NULL AUTO_INCREMENT,
	  `order_id` int(11) NOT NULL,
	  `order_product_id` int(11) NOT NULL,
	  `product_option_id` int(11) NOT NULL,
	  `product_option_value_id` int(11) NOT NULL DEFAULT 0,
	  `name` varchar(255) CHARACTER SET utf8 COLLATE utf8_general_ci NOT NULL,
	  `value` text CHARACTER SET utf8 COLLATE utf8_general_ci NOT NULL,
	  `type` varchar(32) CHARACTER SET utf8 COLLATE utf8_general_ci NOT NULL,
	  PRIMARY KEY (`order_option_id`) USING BTREE
	) ENGINE = MyISAM AUTO_INCREMENT = 11 CHARACTER SET = utf8 COLLATE = utf8_general_ci ROW_FORMAT = Dynamic;

	-- ----------------------------
	-- Table structure for order_product
	-- ----------------------------
	DROP TABLE IF EXISTS `order_product`;
	CREATE TABLE `order_product`  (
	  `order_product_id` int(11) NOT NULL AUTO_INCREMENT,
	  `order_id` int(11) NOT NULL,
	  `product_id` int(11) NOT NULL,
	  `name` varchar(255) CHARACTER SET utf8 COLLATE utf8_general_ci NOT NULL,
	  `model` varchar(64) CHARACTER SET utf8 COLLATE utf8_general_ci NOT NULL,
	  `quantity` int(4) NOT NULL,
	  `price` decimal(15, 4) NOT NULL DEFAULT 0.0000,
	  `total` decimal(15, 4) NOT NULL DEFAULT 0.0000,
	  `tax` decimal(15, 4) NOT NULL DEFAULT 0.0000,
	  `reward` int(8) NOT NULL,
	  PRIMARY KEY (`order_product_id`) USING BTREE,
	  INDEX `order_id`(`order_id`) USING BTREE
	) ENGINE = MyISAM AUTO_INCREMENT = 34 CHARACTER SET = utf8 COLLATE = utf8_general_ci ROW_FORMAT = Dynamic;

	-- ----------------------------
	-- Records of order_product
	-- ----------------------------
	INSERT INTO `order_product` VALUES (11, 1, 86, 'Antminer T9+', 'Antminer T9+', 101, 1020.0000, 103020.0000, 0.0000, 0);
	INSERT INTO `order_product` VALUES (14, 2, 84, 'Antminer S15', 'Antminer S15', 1, 1019.0000, 1019.0000, 0.0000, 0);
	INSERT INTO `order_product` VALUES (15, 3, 84, 'Antminer S15', 'Antminer S15', 2, 750.0000, 1500.0000, 0.0000, 0);
	INSERT INTO `order_product` VALUES (13, 2, 87, 'MicroBT Whatsminer M10', 'MicroBT Whatsminer M10', 101, 1020.0000, 103020.0000, 0.0000, 0);
	INSERT INTO `order_product` VALUES (12, 2, 83, 'Antminer S9i', 'Antminer S9i', 201, 1020.0000, 205020.0000, 0.0000, 0);
	INSERT INTO `order_product` VALUES (16, 4, 84, 'Antminer S15', 'Antminer S15', 2, 750.0000, 1500.0000, 0.0000, 0);
	INSERT INTO `order_product` VALUES (17, 5, 84, 'Antminer S15', 'Antminer S15', 2, 750.0000, 1500.0000, 0.0000, 0);
	INSERT INTO `order_product` VALUES (18, 6, 84, 'Antminer S15', 'Antminer S15', 1, 750.0000, 750.0000, 0.0000, 0);
	INSERT INTO `order_product` VALUES (19, 7, 84, 'Antminer S15', 'Antminer S15', 1, 750.0000, 750.0000, 0.0000, 0);
	INSERT INTO `order_product` VALUES (20, 8, 83, 'Antminer S9i', 'Antminer S9i', 1, 1020.0000, 1020.0000, 0.0000, 0);
	INSERT INTO `order_product` VALUES (21, 9, 84, 'Antminer S15', 'Antminer S15', 1, 750.0000, 750.0000, 0.0000, 0);
	INSERT INTO `order_product` VALUES (22, 10, 84, 'Antminer S15', 'Antminer S15', 2, 750.0000, 1500.0000, 0.0000, 0);
	INSERT INTO `order_product` VALUES (23, 11, 84, 'Antminer S15', 'Antminer S15', 2, 750.0000, 1500.0000, 0.0000, 0);
	INSERT INTO `order_product` VALUES (24, 12, 84, 'Antminer S15', 'Antminer S15', 2, 750.0000, 1500.0000, 0.0000, 0);
	INSERT INTO `order_product` VALUES (25, 13, 84, 'Antminer S15', 'Antminer S15', 2, 750.0000, 1500.0000, 0.0000, 0);
	INSERT INTO `order_product` VALUES (26, 14, 84, 'Antminer S15', 'Antminer S15', 2, 750.0000, 1500.0000, 0.0000, 0);
	INSERT INTO `order_product` VALUES (27, 15, 85, 'Antminer S9i', 'Antminer S9i', 1, 1020.0000, 1020.0000, 0.0000, 0);
	INSERT INTO `order_product` VALUES (28, 15, 86, 'Antminer T9+', 'Antminer T9+', 1, 1020.0000, 1020.0000, 0.0000, 0);
	INSERT INTO `order_product` VALUES (29, 16, 85, 'Antminer S9i', 'Antminer S9i', 1, 1020.0000, 1020.0000, 0.0000, 0);
	INSERT INTO `order_product` VALUES (30, 16, 86, 'Antminer T9+', 'Antminer T9+', 1, 1020.0000, 1020.0000, 0.0000, 0);
	INSERT INTO `order_product` VALUES (31, 17, 84, 'Antminer S15', 'Antminer S15', 1, 750.0000, 750.0000, 0.0000, 0);
	INSERT INTO `order_product` VALUES (32, 18, 84, 'Antminer S15', 'Antminer S15', 3, 750.0000, 2250.0000, 0.0000, 0);
	INSERT INTO `order_product` VALUES (33, 19, 84, 'Antminer S15', 'Antminer S15', 1, 750.0000, 750.0000, 0.0000, 0);

	-- ----------------------------
	-- Table structure for order_recurring
	-- ----------------------------
	DROP TABLE IF EXISTS `order_recurring`;
	CREATE TABLE `order_recurring`  (
	  `order_recurring_id` int(11) NOT NULL AUTO_INCREMENT,
	  `order_id` int(11) NOT NULL,
	  `reference` varchar(255) CHARACTER SET utf8 COLLATE utf8_general_ci NOT NULL,
	  `product_id` int(11) NOT NULL,
	  `product_name` varchar(255) CHARACTER SET utf8 COLLATE utf8_general_ci NOT NULL,
	  `product_quantity` int(11) NOT NULL,
	  `recurring_id` int(11) NOT NULL,
	  `recurring_name` varchar(255) CHARACTER SET utf8 COLLATE utf8_general_ci NOT NULL,
	  `recurring_description` varchar(255) CHARACTER SET utf8 COLLATE utf8_general_ci NOT NULL,
	  `recurring_frequency` varchar(25) CHARACTER SET utf8 COLLATE utf8_general_ci NOT NULL,
	  `recurring_cycle` smallint(6) NOT NULL,
	  `recurring_duration` smallint(6) NOT NULL,
	  `recurring_price` decimal(10, 4) NOT NULL,
	  `trial` tinyint(1) NOT NULL,
	  `trial_frequency` varchar(25) CHARACTER SET utf8 COLLATE utf8_general_ci NOT NULL,
	  `trial_cycle` smallint(6) NOT NULL,
	  `trial_duration` smallint(6) NOT NULL,
	  `trial_price` decimal(10, 4) NOT NULL,
	  `status` tinyint(4) NOT NULL,
	  `date_added` datetime(0) NOT NULL,
	  PRIMARY KEY (`order_recurring_id`) USING BTREE
	) ENGINE = MyISAM AUTO_INCREMENT = 1 CHARACTER SET = utf8 COLLATE = utf8_general_ci ROW_FORMAT = Dynamic;

	-- ----------------------------
	-- Table structure for order_recurring_transaction
	-- ----------------------------
	DROP TABLE IF EXISTS `order_recurring_transaction`;
	CREATE TABLE `order_recurring_transaction`  (
	  `order_recurring_transaction_id` int(11) NOT NULL AUTO_INCREMENT,
	  `order_recurring_id` int(11) NOT NULL,
	  `reference` varchar(255) CHARACTER SET utf8 COLLATE utf8_general_ci NOT NULL,
	  `type` varchar(255) CHARACTER SET utf8 COLLATE utf8_general_ci NOT NULL,
	  `amount` decimal(10, 4) NOT NULL,
	  `date_added` datetime(0) NOT NULL,
	  PRIMARY KEY (`order_recurring_transaction_id`) USING BTREE
	) ENGINE = MyISAM AUTO_INCREMENT = 1 CHARACTER SET = utf8 COLLATE = utf8_general_ci ROW_FORMAT = Dynamic;

	-- ----------------------------
	-- Table structure for order_shipment
	-- ----------------------------
	DROP TABLE IF EXISTS `order_shipment`;
	CREATE TABLE `order_shipment`  (
	  `order_shipment_id` int(11) NOT NULL AUTO_INCREMENT,
	  `order_id` int(11) NOT NULL,
	  `date_added` datetime(0) NOT NULL,
	  `shipping_courier_id` varchar(255) CHARACTER SET utf8 COLLATE utf8_general_ci NOT NULL DEFAULT '',
	  `tracking_number` varchar(255) CHARACTER SET utf8 COLLATE utf8_general_ci NOT NULL DEFAULT '',
	  PRIMARY KEY (`order_shipment_id`) USING BTREE
	) ENGINE = MyISAM AUTO_INCREMENT = 1 CHARACTER SET = utf8 COLLATE = utf8_general_ci ROW_FORMAT = Dynamic;

	-- ----------------------------
	-- Table structure for order_status
	-- ----------------------------
	DROP TABLE IF EXISTS `order_status`;
	CREATE TABLE `order_status`  (
	  `order_status_id` int(11) NOT NULL AUTO_INCREMENT,
	  `language_id` int(11) NOT NULL,
	  `name` varchar(32) CHARACTER SET utf8 COLLATE utf8_general_ci NOT NULL,
	  PRIMARY KEY (`order_status_id`, `language_id`) USING BTREE
	) ENGINE = MyISAM AUTO_INCREMENT = 17 CHARACTER SET = utf8 COLLATE = utf8_general_ci ROW_FORMAT = Dynamic;

	-- ----------------------------
	-- Records of order_status
	-- ----------------------------
	INSERT INTO `order_status` VALUES (2, 1, 'В обработке');
	INSERT INTO `order_status` VALUES (3, 1, 'Доставлено');
	INSERT INTO `order_status` VALUES (7, 1, 'Отменено');
	INSERT INTO `order_status` VALUES (5, 1, 'Сделка завершена');
	INSERT INTO `order_status` VALUES (8, 1, 'Возврат');
	INSERT INTO `order_status` VALUES (9, 1, 'Отмена и аннулирование');
	INSERT INTO `order_status` VALUES (10, 1, 'Неудавшийся');
	INSERT INTO `order_status` VALUES (11, 1, 'Возмещенный');
	INSERT INTO `order_status` VALUES (12, 1, 'Полностью измененный');
	INSERT INTO `order_status` VALUES (13, 1, 'Полный возврат');
	INSERT INTO `order_status` VALUES (1, 1, 'Ожидание');
	INSERT INTO `order_status` VALUES (15, 1, 'Обработано');
	INSERT INTO `order_status` VALUES (14, 1, 'Истекло');
	INSERT INTO `order_status` VALUES (2, 2, 'Processing');
	INSERT INTO `order_status` VALUES (8, 2, 'Denied');
	INSERT INTO `order_status` VALUES (11, 2, 'Refunded');
	INSERT INTO `order_status` VALUES (3, 2, 'Shipped');
	INSERT INTO `order_status` VALUES (10, 2, 'Failed');
	INSERT INTO `order_status` VALUES (1, 2, 'Pending');
	INSERT INTO `order_status` VALUES (9, 2, 'Canceled Reversal');
	INSERT INTO `order_status` VALUES (7, 2, 'Canceled');
	INSERT INTO `order_status` VALUES (12, 2, 'Reversed');
	INSERT INTO `order_status` VALUES (13, 2, 'Chargeback');
	INSERT INTO `order_status` VALUES (5, 2, 'Complete');
	INSERT INTO `order_status` VALUES (14, 2, 'Expired');
	INSERT INTO `order_status` VALUES (16, 1, 'Анулированный');
	INSERT INTO `order_status` VALUES (16, 2, 'Voided');
	INSERT INTO `order_status` VALUES (15, 2, 'Processed');

	-- ----------------------------
	-- Table structure for order_total
	-- ----------------------------
	DROP TABLE IF EXISTS `order_total`;
	CREATE TABLE `order_total`  (
	  `order_total_id` int(10) NOT NULL AUTO_INCREMENT,
	  `order_id` int(11) NOT NULL,
	  `code` varchar(32) CHARACTER SET utf8 COLLATE utf8_general_ci NOT NULL,
	  `title` varchar(255) CHARACTER SET utf8 COLLATE utf8_general_ci NOT NULL,
	  `value` decimal(15, 4) NOT NULL DEFAULT 0.0000,
	  `sort_order` int(3) NOT NULL,
	  PRIMARY KEY (`order_total_id`) USING BTREE,
	  INDEX `order_id`(`order_id`) USING BTREE
	) ENGINE = MyISAM AUTO_INCREMENT = 67 CHARACTER SET = utf8 COLLATE = utf8_general_ci ROW_FORMAT = Dynamic;

	-- ----------------------------
	-- Records of order_total
	-- ----------------------------
	INSERT INTO `order_total` VALUES (11, 1, 'shipping', 'Доставка с фиксированной стоимостью', 5.0000, 3);
	INSERT INTO `order_total` VALUES (10, 1, 'sub_total', 'Итого', 103020.0000, 1);
	INSERT INTO `order_total` VALUES (15, 2, 'total', 'Всего', 309079.0000, 9);
	INSERT INTO `order_total` VALUES (14, 2, 'shipping', 'Доставка с фиксированной стоимостью', 20.0000, 3);
	INSERT INTO `order_total` VALUES (13, 2, 'sub_total', 'Итого', 309059.0000, 1);
	INSERT INTO `order_total` VALUES (12, 1, 'total', 'Всего', 103025.0000, 9);
	INSERT INTO `order_total` VALUES (16, 3, 'sub_total', 'Итого', 1500.0000, 1);
	INSERT INTO `order_total` VALUES (17, 3, 'shipping', 'Доставка с фиксированной стоимостью', 20.0000, 3);
	INSERT INTO `order_total` VALUES (18, 3, 'total', 'Всего', 1520.0000, 9);
	INSERT INTO `order_total` VALUES (19, 4, 'sub_total', 'Итого', 1500.0000, 1);
	INSERT INTO `order_total` VALUES (20, 4, 'shipping', 'Доставка с фиксированной стоимостью', 20.0000, 3);
	INSERT INTO `order_total` VALUES (21, 4, 'total', 'Всего', 1520.0000, 9);
	INSERT INTO `order_total` VALUES (22, 5, 'sub_total', 'Итого', 1500.0000, 1);
	INSERT INTO `order_total` VALUES (23, 5, 'shipping', 'Доставка с фиксированной стоимостью', 20.0000, 3);
	INSERT INTO `order_total` VALUES (24, 5, 'total', 'Всего', 1520.0000, 9);
	INSERT INTO `order_total` VALUES (25, 6, 'sub_total', 'Итого', 750.0000, 1);
	INSERT INTO `order_total` VALUES (26, 6, 'shipping', 'Доставка с фиксированной стоимостью', 20.0000, 3);
	INSERT INTO `order_total` VALUES (27, 6, 'total', 'Всего', 770.0000, 9);
	INSERT INTO `order_total` VALUES (28, 7, 'sub_total', 'Итого', 750.0000, 1);
	INSERT INTO `order_total` VALUES (29, 7, 'shipping', 'Доставка с фиксированной стоимостью', 20.0000, 3);
	INSERT INTO `order_total` VALUES (30, 7, 'total', 'Всего', 770.0000, 9);
	INSERT INTO `order_total` VALUES (31, 8, 'sub_total', 'Итого', 1020.0000, 1);
	INSERT INTO `order_total` VALUES (32, 8, 'shipping', 'Доставка с фиксированной стоимостью', 20.0000, 3);
	INSERT INTO `order_total` VALUES (33, 8, 'total', 'Всего', 1040.0000, 9);
	INSERT INTO `order_total` VALUES (34, 9, 'sub_total', 'Итого', 750.0000, 1);
	INSERT INTO `order_total` VALUES (35, 9, 'shipping', 'Доставка с фиксированной стоимостью', 20.0000, 3);
	INSERT INTO `order_total` VALUES (36, 9, 'total', 'Всего', 770.0000, 9);
	INSERT INTO `order_total` VALUES (37, 10, 'sub_total', 'Итого', 1500.0000, 1);
	INSERT INTO `order_total` VALUES (38, 10, 'shipping', 'Самовывоз из магазина', 0.0000, 3);
	INSERT INTO `order_total` VALUES (39, 10, 'total', 'Всего', 1500.0000, 9);
	INSERT INTO `order_total` VALUES (40, 11, 'sub_total', 'Итого', 1500.0000, 1);
	INSERT INTO `order_total` VALUES (41, 11, 'shipping', 'Самовывоз из магазина', 0.0000, 3);
	INSERT INTO `order_total` VALUES (42, 11, 'total', 'Всего', 1500.0000, 9);
	INSERT INTO `order_total` VALUES (43, 12, 'sub_total', 'Итого', 1500.0000, 1);
	INSERT INTO `order_total` VALUES (44, 12, 'shipping', 'Самовывоз из магазина', 0.0000, 3);
	INSERT INTO `order_total` VALUES (45, 12, 'total', 'Всего', 1500.0000, 9);
	INSERT INTO `order_total` VALUES (46, 13, 'sub_total', 'Итого', 1500.0000, 1);
	INSERT INTO `order_total` VALUES (47, 13, 'shipping', 'Самовывоз из магазина', 0.0000, 3);
	INSERT INTO `order_total` VALUES (48, 13, 'total', 'Всего', 1500.0000, 9);
	INSERT INTO `order_total` VALUES (49, 14, 'sub_total', 'Итого', 1500.0000, 1);
	INSERT INTO `order_total` VALUES (50, 14, 'shipping', 'Самовывоз из магазина', 0.0000, 3);
	INSERT INTO `order_total` VALUES (51, 14, 'total', 'Всего', 1500.0000, 9);
	INSERT INTO `order_total` VALUES (52, 15, 'sub_total', 'Итого', 2040.0000, 1);
	INSERT INTO `order_total` VALUES (53, 15, 'shipping', 'Самовывоз из магазина', 0.0000, 3);
	INSERT INTO `order_total` VALUES (54, 15, 'total', 'Всего', 2040.0000, 9);
	INSERT INTO `order_total` VALUES (55, 16, 'sub_total', 'Итого', 2040.0000, 1);
	INSERT INTO `order_total` VALUES (56, 16, 'shipping', 'Доставка с фиксированной стоимостью', 20.0000, 3);
	INSERT INTO `order_total` VALUES (57, 16, 'total', 'Всего', 2060.0000, 9);
	INSERT INTO `order_total` VALUES (58, 17, 'sub_total', 'Итого', 750.0000, 1);
	INSERT INTO `order_total` VALUES (59, 17, 'shipping', 'Самовывоз из магазина', 0.0000, 3);
	INSERT INTO `order_total` VALUES (60, 17, 'total', 'Всего', 750.0000, 9);
	INSERT INTO `order_total` VALUES (61, 18, 'sub_total', 'Итого', 2250.0000, 1);
	INSERT INTO `order_total` VALUES (62, 18, 'shipping', 'Доставка', 20.0000, 3);
	INSERT INTO `order_total` VALUES (63, 18, 'total', 'Всего', 2270.0000, 9);
	INSERT INTO `order_total` VALUES (64, 19, 'sub_total', 'Итого', 750.0000, 1);
	INSERT INTO `order_total` VALUES (65, 19, 'shipping', 'Доставка', 20.0000, 3);
	INSERT INTO `order_total` VALUES (66, 19, 'total', 'Всего', 770.0000, 9);

	-- ----------------------------
	-- Table structure for order_voucher
	-- ----------------------------
	DROP TABLE IF EXISTS `order_voucher`;
	CREATE TABLE `order_voucher`  (
	  `order_voucher_id` int(11) NOT NULL AUTO_INCREMENT,
	  `order_id` int(11) NOT NULL,
	  `voucher_id` int(11) NOT NULL,
	  `description` varchar(255) CHARACTER SET utf8 COLLATE utf8_general_ci NOT NULL,
	  `code` varchar(10) CHARACTER SET utf8 COLLATE utf8_general_ci NOT NULL,
	  `from_name` varchar(64) CHARACTER SET utf8 COLLATE utf8_general_ci NOT NULL,
	  `from_email` varchar(96) CHARACTER SET utf8 COLLATE utf8_general_ci NOT NULL,
	  `to_name` varchar(64) CHARACTER SET utf8 COLLATE utf8_general_ci NOT NULL,
	  `to_email` varchar(96) CHARACTER SET utf8 COLLATE utf8_general_ci NOT NULL,
	  `voucher_theme_id` int(11) NOT NULL,
	  `message` text CHARACTER SET utf8 COLLATE utf8_general_ci NOT NULL,
	  `amount` decimal(15, 4) NOT NULL,
	  PRIMARY KEY (`order_voucher_id`) USING BTREE
	) ENGINE = MyISAM AUTO_INCREMENT = 1 CHARACTER SET = utf8 COLLATE = utf8_general_ci ROW_FORMAT = Dynamic;

	-- ----------------------------
	-- Table structure for product
	-- ----------------------------
	DROP TABLE IF EXISTS `product`;
	CREATE TABLE `product`  (
	  `product_id` int(11) NOT NULL AUTO_INCREMENT,
	  `model` varchar(64) CHARACTER SET utf8 COLLATE utf8_general_ci NOT NULL,
	  `sku` varchar(64) CHARACTER SET utf8 COLLATE utf8_general_ci NOT NULL,
	  `upc` varchar(12) CHARACTER SET utf8 COLLATE utf8_general_ci NOT NULL,
	  `ean` varchar(14) CHARACTER SET utf8 COLLATE utf8_general_ci NOT NULL,
	  `jan` varchar(13) CHARACTER SET utf8 COLLATE utf8_general_ci NOT NULL,
	  `isbn` varchar(17) CHARACTER SET utf8 COLLATE utf8_general_ci NOT NULL,
	  `mpn` varchar(64) CHARACTER SET utf8 COLLATE utf8_general_ci NOT NULL,
	  `location` varchar(128) CHARACTER SET utf8 COLLATE utf8_general_ci NOT NULL,
	  `quantity` int(4) NOT NULL DEFAULT 0,
	  `stock_status_id` int(11) NOT NULL,
	  `image` varchar(255) CHARACTER SET utf8 COLLATE utf8_general_ci NULL DEFAULT NULL,
	  `manufacturer_id` int(11) NOT NULL,
	  `shipping` tinyint(1) NOT NULL DEFAULT 1,
	  `price` decimal(15, 4) NOT NULL DEFAULT 0.0000,
	  `points` int(8) NOT NULL DEFAULT 0,
	  `tax_class_id` int(11) NOT NULL,
	  `date_available` date  DEFAULT '1970-01-01',
	  `weight` decimal(15, 8) NOT NULL DEFAULT 0.00000000,
	  `weight_class_id` int(11) NOT NULL DEFAULT 0,
	  `length` decimal(15, 8) NOT NULL DEFAULT 0.00000000,
	  `width` decimal(15, 8) NOT NULL DEFAULT 0.00000000,
	  `height` decimal(15, 8) NOT NULL DEFAULT 0.00000000,
	  `length_class_id` int(11) NOT NULL DEFAULT 0,
	  `subtract` tinyint(1) NOT NULL DEFAULT 1,
	  `minimum` int(11) NOT NULL DEFAULT 1,
	  `sort_order` int(11) NOT NULL DEFAULT 0,
	  `status` tinyint(1) NOT NULL DEFAULT 0,
	  `viewed` int(5) NOT NULL DEFAULT 0,
	  `date_added` datetime(0) NOT NULL,
	  `date_modified` datetime(0) NOT NULL,
	  `noindex` tinyint(1) NOT NULL DEFAULT 1,
	  PRIMARY KEY (`product_id`) USING BTREE
	) ENGINE = MyISAM AUTO_INCREMENT = 89 CHARACTER SET = utf8 COLLATE = utf8_general_ci ROW_FORMAT = Dynamic;

	-- ----------------------------
	-- Records of product
	-- ----------------------------
	INSERT INTO `product` VALUES (84, 'Antminer S15', '', '', '', '', '', '', '', 998, 7, 'catalog/0bcb24f8-8008-4dbd-86b2-a478fdc1c21c_540.png', 11, 1, 1019.0000, 0, 0, '2019-02-20', 10.00000000, 1, 240.00000000, 178.00000000, 296.00000000, 2, 1, 1, 1, 1, 221, '2019-02-21 16:17:05', '2019-03-05 16:17:23', 0);
	INSERT INTO `product` VALUES (85, 'Antminer S9i', '', '', '', '', '', '', '', 1000, 7, 'catalog/0bcb24f8-8008-4dbd-86b2-a478fdc1c21c_540.png', 11, 1, 1020.0000, 0, 0, '2019-02-20', 10.00000000, 1, 240.00000000, 178.00000000, 296.00000000, 2, 1, 1, 1, 1, 68, '2019-02-21 16:23:00', '2019-03-01 13:42:26', 0);
	INSERT INTO `product` VALUES (86, 'Antminer T9+', '', '', '', '', '', '', '', 899, 7, 'catalog/0bcb24f8-8008-4dbd-86b2-a478fdc1c21c_540.png', 11, 1, 1020.0000, 0, 0, '2019-02-20', 10.00000000, 1, 240.00000000, 178.00000000, 296.00000000, 2, 1, 1, 1, 1, 145, '2019-02-21 16:33:54', '2019-03-01 13:42:45', 0);
	INSERT INTO `product` VALUES (83, 'Antminer S9i', '', '', '', '', '', '', '', 799, 7, 'catalog/0bcb24f8-8008-4dbd-86b2-a478fdc1c21c_540.png', 11, 1, 1020.0000, 0, 0, '2019-02-20', 10.00000000, 1, 240.00000000, 178.00000000, 296.00000000, 2, 1, 1, 1, 1, 167, '2019-02-20 17:27:32', '2019-03-05 16:16:33', 0);
	INSERT INTO `product` VALUES (87, 'MicroBT Whatsminer M10', '', '', '', '', '', '', 'Минск', 899, 7, 'catalog/0bcb24f8-8008-4dbd-86b2-a478fdc1c21c_540.png', 11, 1, 1020.0000, 0, 0, '2019-02-20', 10.00000000, 1, 240.00000000, 178.00000000, 296.00000000, 2, 1, 1, 1, 1, 182, '2019-02-21 16:36:26', '2019-03-01 13:43:05', 0);

	-- ----------------------------
	-- Table structure for product_attribute
	-- ----------------------------
	DROP TABLE IF EXISTS `product_attribute`;
	CREATE TABLE `product_attribute`  (
	  `product_id` int(11) NOT NULL,
	  `attribute_id` int(11) NOT NULL,
	  `language_id` int(11) NOT NULL,
	  `text` text CHARACTER SET utf8 COLLATE utf8_general_ci NOT NULL,
	  PRIMARY KEY (`product_id`, `attribute_id`, `language_id`) USING BTREE
	) ENGINE = MyISAM CHARACTER SET = utf8 COLLATE = utf8_general_ci ROW_FORMAT = Dynamic;

	-- ----------------------------
	-- Records of product_attribute
	-- ----------------------------
	INSERT INTO `product_attribute` VALUES (84, 19, 1, '3 шт.\r\n');
	INSERT INTO `product_attribute` VALUES (84, 18, 1, '296 шт.');
	INSERT INTO `product_attribute` VALUES (84, 16, 1, '7 дБ');
	INSERT INTO `product_attribute` VALUES (84, 14, 1, '1400 Вт');
	INSERT INTO `product_attribute` VALUES (84, 13, 1, '13 th/s');
	INSERT INTO `product_attribute` VALUES (84, 12, 1, 'SHA-256');
	INSERT INTO `product_attribute` VALUES (86, 12, 1, 'SHA-256');
	INSERT INTO `product_attribute` VALUES (86, 13, 1, '13 th/s');
	INSERT INTO `product_attribute` VALUES (86, 14, 1, '1490 Вт');
	INSERT INTO `product_attribute` VALUES (86, 16, 1, '7 дБ');
	INSERT INTO `product_attribute` VALUES (86, 18, 1, '288 шт.');
	INSERT INTO `product_attribute` VALUES (86, 19, 1, '4 шт.\r\n');
	INSERT INTO `product_attribute` VALUES (85, 12, 1, 'SHA-256');
	INSERT INTO `product_attribute` VALUES (85, 13, 1, '28 th/s');
	INSERT INTO `product_attribute` VALUES (85, 14, 1, '1596 Вт');
	INSERT INTO `product_attribute` VALUES (85, 16, 1, '7 дБ');
	INSERT INTO `product_attribute` VALUES (85, 18, 1, '288 шт.');
	INSERT INTO `product_attribute` VALUES (85, 19, 1, '4 шт.\r\n');
	INSERT INTO `product_attribute` VALUES (87, 19, 1, '4 шт.\r\n');
	INSERT INTO `product_attribute` VALUES (87, 18, 1, '288 шт.');
	INSERT INTO `product_attribute` VALUES (87, 16, 1, '7 дБ');
	INSERT INTO `product_attribute` VALUES (87, 14, 1, '1490 Вт');
	INSERT INTO `product_attribute` VALUES (87, 13, 1, '33 th/s');
	INSERT INTO `product_attribute` VALUES (87, 12, 1, 'SHA-256');
	INSERT INTO `product_attribute` VALUES (83, 12, 1, 'SHA-256');
	INSERT INTO `product_attribute` VALUES (83, 13, 1, '28 th/s');
	INSERT INTO `product_attribute` VALUES (83, 14, 1, '1596 Вт');
	INSERT INTO `product_attribute` VALUES (83, 16, 1, '7 дБ');
	INSERT INTO `product_attribute` VALUES (83, 18, 1, '288 шт.');
	INSERT INTO `product_attribute` VALUES (83, 19, 1, '4 шт.\r\n');

	-- ----------------------------
	-- Table structure for product_description
	-- ----------------------------
	DROP TABLE IF EXISTS `product_description`;
	CREATE TABLE `product_description`  (
	  `product_id` int(11) NOT NULL,
	  `language_id` int(11) NOT NULL,
	  `name` varchar(255) CHARACTER SET utf8 COLLATE utf8_general_ci NOT NULL,
	  `description` text CHARACTER SET utf8 COLLATE utf8_general_ci NOT NULL,
	  `full_description` text CHARACTER SET utf8 COLLATE utf8_general_ci NOT NULL,
	  `tag` text CHARACTER SET utf8 COLLATE utf8_general_ci NOT NULL,
	  `meta_title` varchar(255) CHARACTER SET utf8 COLLATE utf8_general_ci NOT NULL,
	  `meta_description` varchar(255) CHARACTER SET utf8 COLLATE utf8_general_ci NOT NULL,
	  `meta_keyword` varchar(255) CHARACTER SET utf8 COLLATE utf8_general_ci NOT NULL,
	  `meta_h1` varchar(255) CHARACTER SET utf8 COLLATE utf8_general_ci NOT NULL,
	  PRIMARY KEY (`product_id`, `language_id`) USING BTREE,
	  INDEX `name`(`name`) USING BTREE
	) ENGINE = MyISAM CHARACTER SET = utf8 COLLATE = utf8_general_ci ROW_FORMAT = Dynamic;

	-- ----------------------------
	-- Records of product_description
	-- ----------------------------
	INSERT INTO `product_description` VALUES (84, 1, 'Antminer S15', '&lt;p style=&quot;margin-bottom: 10px; padding: 0px; max-width: 100%; overflow-wrap: break-word;&quot;&gt;1.Click here for specifications and other information of Antminer S15. The miners are expected to deliver higher performance and efficiency when ready to ship. 2.For this batch, shipment may be arranged later than the estimated shipping time frame since S15 is a new product. However, we may also arrange the shipment ahead of the schedule once ready. The shipment of this batch will start on a first-paid-first-ship basis for orders which Bitmain has received full payment. We recommend you to be aware of your local customs clearance policies and prepare ahead of time for it to avoid any customs clearance delay or unexpected costs.&lt;br&gt;&lt;/p&gt;', '&lt;p&gt;1.Click here for specifications and other information of Antminer S15. The miners are expected to deliver higher performance and efficiency when ready to ship. 2.For this batch, shipment may be arranged later than the estimated shipping time frame since S15 is a new product. However, we may also arrange the shipment ahead of the schedule once ready. The shipment of this batch will start on a first-paid-first-ship basis for orders which Bitmain has received full payment. We recommend you to be aware of your local customs clearance policies and prepare ahead of time for it to avoid any customs clearance delay or unexpected costs.&lt;br&gt;&lt;/p&gt;', '', 'Antminer S15-28TH / s', 'Antminer S15-28TH / s', 'Antminer S15-28TH / s', 'Antminer S15');
	INSERT INTO `product_description` VALUES (85, 1, 'Antminer S9i', '&lt;p style=&quot;margin-bottom: 10px; padding: 0px; max-width: 100%; overflow-wrap: break-word;&quot;&gt;&lt;span style=&quot;margin: 0px; padding: 0px; max-width: 100%; overflow-wrap: break-word;&quot;&gt;Antminer S9i for&lt;span style=&quot;margin: 0px; padding: 0px; max-width: 100%; overflow-wrap: break-word;&quot;&gt;&amp;nbsp;&lt;/span&gt;specifications and other information of&amp;nbsp;Antminer S15.&lt;/span&gt;&lt;span style=&quot;margin: 0px; padding: 0px; max-width: 100%; overflow-wrap: break-word;&quot;&gt;&lt;span style=&quot;margin: 0px; padding: 0px; max-width: 100%; overflow-wrap: break-word;&quot;&gt;&amp;nbsp;The miners are expected to deliver higher performance and efficiency when ready to ship.&lt;/span&gt;&lt;/span&gt;&lt;/p&gt;&lt;p style=&quot;margin-bottom: 10px; padding: 0px; max-width: 100%; overflow-wrap: break-word;&quot;&gt;&lt;span style=&quot;margin: 0px; padding: 0px; max-width: 100%; overflow-wrap: break-word;&quot;&gt;2.&lt;/span&gt;&lt;span style=&quot;margin: 0px; padding: 0px; max-width: 100%; overflow-wrap: break-word;&quot;&gt;&lt;span style=&quot;margin: 0px; padding: 0px; max-width: 100%; overflow-wrap: break-word;&quot;&gt;For this batch, shipment may be arranged later than the estimated shipping time frame since S15 is a new product.&amp;nbsp;However,&amp;nbsp;we may also arrange the shipment ahead of the schedule once ready.&amp;nbsp;&lt;/span&gt;&lt;/span&gt;&lt;/p&gt;&lt;p style=&quot;margin-bottom: 10px; padding: 0px; max-width: 100%; overflow-wrap: break-word;&quot;&gt;&lt;span style=&quot;margin: 0px; padding: 0px; max-width: 100%; overflow-wrap: break-word;&quot;&gt;&lt;span style=&quot;margin: 0px; padding: 0px; max-width: 100%; overflow-wrap: break-word;&quot;&gt;The shipment of this batch will start on a first-paid-first-ship basis&amp;nbsp;for orders which Bitmain has received full payment. We recommend you to be aware of your local customs clearance policies and prepare ahead of time for it to avoid any customs clearance delay or unexpected&amp;nbsp;costs.&lt;/span&gt;&lt;/span&gt;&lt;/p&gt;', '&lt;p&gt;2132&lt;/p&gt;', '', 'Antminer S9i', 'Antminer S9i', 'Antminer S9i', 'Antminer S9i');
	INSERT INTO `product_description` VALUES (83, 1, 'Antminer S9i+', '&lt;p style=&quot;margin-bottom: 10px; padding: 0px; max-width: 100%; overflow-wrap: break-word;&quot;&gt;&lt;span style=&quot;margin: 0px; padding: 0px; max-width: 100%; overflow-wrap: break-word;&quot;&gt;Antminer S9i for&lt;span style=&quot;margin: 0px; padding: 0px; max-width: 100%; overflow-wrap: break-word;&quot;&gt;&amp;nbsp;&lt;/span&gt;specifications and other information of&amp;nbsp;Antminer S15.&lt;/span&gt;&lt;span style=&quot;margin: 0px; padding: 0px; max-width: 100%; overflow-wrap: break-word;&quot;&gt;&lt;span style=&quot;margin: 0px; padding: 0px; max-width: 100%; overflow-wrap: break-word;&quot;&gt;&amp;nbsp;The miners are expected to deliver higher performance and efficiency when ready to ship.&lt;/span&gt;&lt;/span&gt;&lt;/p&gt;&lt;p style=&quot;margin-bottom: 10px; padding: 0px; max-width: 100%; overflow-wrap: break-word;&quot;&gt;&lt;span style=&quot;margin: 0px; padding: 0px; max-width: 100%; overflow-wrap: break-word;&quot;&gt;2.&lt;/span&gt;&lt;span style=&quot;margin: 0px; padding: 0px; max-width: 100%; overflow-wrap: break-word;&quot;&gt;&lt;span style=&quot;margin: 0px; padding: 0px; max-width: 100%; overflow-wrap: break-word;&quot;&gt;For this batch, shipment may be arranged later than the estimated shipping time frame since S15 is a new product.&amp;nbsp;However,&amp;nbsp;we may also arrange the shipment ahead of the schedule once ready.&amp;nbsp;&lt;/span&gt;&lt;/span&gt;&lt;/p&gt;&lt;p style=&quot;margin-bottom: 10px; padding: 0px; max-width: 100%; overflow-wrap: break-word;&quot;&gt;&lt;span style=&quot;margin: 0px; padding: 0px; max-width: 100%; overflow-wrap: break-word;&quot;&gt;&lt;span style=&quot;margin: 0px; padding: 0px; max-width: 100%; overflow-wrap: break-word;&quot;&gt;The shipment of this batch will start on a first-paid-first-ship basis&amp;nbsp;for orders which Bitmain has received full payment. We recommend you to be aware of your local customs clearance policies and prepare ahead of time for it to avoid any customs clearance delay or unexpected&amp;nbsp;costs.&lt;/span&gt;&lt;/span&gt;&lt;/p&gt;', '', '', 'Antminer S9i', 'Antminer S9i', 'Antminer S9i', 'Antminer S9i');
	INSERT INTO `product_description` VALUES (86, 1, 'Antminer T9+', '&lt;p style=&quot;margin-bottom: 10px; padding: 0px; max-width: 100%; overflow-wrap: break-word;&quot;&gt;&lt;span style=&quot;margin: 0px; padding: 0px; max-width: 100%; overflow-wrap: break-word;&quot;&gt;Antminer S9i for&lt;span style=&quot;margin: 0px; padding: 0px; max-width: 100%; overflow-wrap: break-word;&quot;&gt;&amp;nbsp;&lt;/span&gt;specifications and other information of&amp;nbsp;Antminer S15.&lt;/span&gt;&lt;span style=&quot;margin: 0px; padding: 0px; max-width: 100%; overflow-wrap: break-word;&quot;&gt;&lt;span style=&quot;margin: 0px; padding: 0px; max-width: 100%; overflow-wrap: break-word;&quot;&gt;&amp;nbsp;The miners are expected to deliver higher performance and efficiency when ready to ship.&lt;/span&gt;&lt;/span&gt;&lt;/p&gt;&lt;p style=&quot;margin-bottom: 10px; padding: 0px; max-width: 100%; overflow-wrap: break-word;&quot;&gt;&lt;span style=&quot;margin: 0px; padding: 0px; max-width: 100%; overflow-wrap: break-word;&quot;&gt;2.&lt;/span&gt;&lt;span style=&quot;margin: 0px; padding: 0px; max-width: 100%; overflow-wrap: break-word;&quot;&gt;&lt;span style=&quot;margin: 0px; padding: 0px; max-width: 100%; overflow-wrap: break-word;&quot;&gt;For this batch, shipment may be arranged later than the estimated shipping time frame since S15 is a new product.&amp;nbsp;However,&amp;nbsp;we may also arrange the shipment ahead of the schedule once ready.&amp;nbsp;&lt;/span&gt;&lt;/span&gt;&lt;/p&gt;&lt;p style=&quot;margin-bottom: 10px; padding: 0px; max-width: 100%; overflow-wrap: break-word;&quot;&gt;&lt;span style=&quot;margin: 0px; padding: 0px; max-width: 100%; overflow-wrap: break-word;&quot;&gt;&lt;span style=&quot;margin: 0px; padding: 0px; max-width: 100%; overflow-wrap: break-word;&quot;&gt;The shipment of this batch will start on a first-paid-first-ship basis&amp;nbsp;for orders which Bitmain has received full payment. We recommend you to be aware of your local customs clearance policies and prepare ahead of time for it to avoid any customs clearance delay or unexpected&amp;nbsp;costs.&lt;/span&gt;&lt;/span&gt;&lt;/p&gt;', '', '', 'Antminer T9+', 'Antminer T9+', 'Antminer T9+', 'Antminer T9+');
	INSERT INTO `product_description` VALUES (87, 1, 'MicroBT Whatsminer M10', '&lt;p style=&quot;margin-bottom: 10px; padding: 0px; max-width: 100%; overflow-wrap: break-word;&quot;&gt;&lt;span style=&quot;margin: 0px; padding: 0px; max-width: 100%; overflow-wrap: break-word;&quot;&gt;Antminer S9i for&lt;span style=&quot;margin: 0px; padding: 0px; max-width: 100%; overflow-wrap: break-word;&quot;&gt;&amp;nbsp;&lt;/span&gt;specifications and other information of&amp;nbsp;Antminer S15.&lt;/span&gt;&lt;span style=&quot;margin: 0px; padding: 0px; max-width: 100%; overflow-wrap: break-word;&quot;&gt;&lt;span style=&quot;margin: 0px; padding: 0px; max-width: 100%; overflow-wrap: break-word;&quot;&gt;&amp;nbsp;The miners are expected to deliver higher performance and efficiency when ready to ship.&lt;/span&gt;&lt;/span&gt;&lt;/p&gt;&lt;p style=&quot;margin-bottom: 10px; padding: 0px; max-width: 100%; overflow-wrap: break-word;&quot;&gt;&lt;span style=&quot;margin: 0px; padding: 0px; max-width: 100%; overflow-wrap: break-word;&quot;&gt;2.&lt;/span&gt;&lt;span style=&quot;margin: 0px; padding: 0px; max-width: 100%; overflow-wrap: break-word;&quot;&gt;&lt;span style=&quot;margin: 0px; padding: 0px; max-width: 100%; overflow-wrap: break-word;&quot;&gt;For this batch, shipment may be arranged later than the estimated shipping time frame since S15 is a new product.&amp;nbsp;However,&amp;nbsp;we may also arrange the shipment ahead of the schedule once ready.&amp;nbsp;&lt;/span&gt;&lt;/span&gt;&lt;/p&gt;&lt;p style=&quot;margin-bottom: 10px; padding: 0px; max-width: 100%; overflow-wrap: break-word;&quot;&gt;&lt;span style=&quot;margin: 0px; padding: 0px; max-width: 100%; overflow-wrap: break-word;&quot;&gt;&lt;span style=&quot;margin: 0px; padding: 0px; max-width: 100%; overflow-wrap: break-word;&quot;&gt;The shipment of this batch will start on a first-paid-first-ship basis&amp;nbsp;for orders which Bitmain has received full payment. We recommend you to be aware of your local customs clearance policies and prepare ahead of time for it to avoid any customs clearance delay or unexpected&amp;nbsp;costs.&lt;/span&gt;&lt;/span&gt;&lt;/p&gt;', '', '', 'MicroBT Whatsminer M10', 'MicroBT Whatsminer M10', 'MicroBT Whatsminer M10', 'MicroBT Whatsminer M10');

	-- ----------------------------
	-- Table structure for product_discount
	-- ----------------------------
	DROP TABLE IF EXISTS `product_discount`;
	CREATE TABLE `product_discount`  (
	  `product_discount_id` int(11) NOT NULL AUTO_INCREMENT,
	  `product_id` int(11) NOT NULL,
	  `customer_group_id` int(11) NOT NULL,
	  `quantity` int(4) NOT NULL DEFAULT 0,
	  `priority` int(5) NOT NULL DEFAULT 1,
	  `price` decimal(15, 4) NOT NULL DEFAULT 0.0000,
	  `date_start` date NOT NULL DEFAULT '1970-01-01',
	  `date_end` date NOT NULL DEFAULT '1970-01-01',
	  PRIMARY KEY (`product_discount_id`) USING BTREE,
	  INDEX `product_id`(`product_id`) USING BTREE
	) ENGINE = MyISAM AUTO_INCREMENT = 468 CHARACTER SET = utf8 COLLATE = utf8_general_ci ROW_FORMAT = Fixed;

	-- ----------------------------
	-- Table structure for product_filter
	-- ----------------------------
	DROP TABLE IF EXISTS `product_filter`;
	CREATE TABLE `product_filter`  (
	  `product_id` int(11) NOT NULL,
	  `filter_id` int(11) NOT NULL,
	  PRIMARY KEY (`product_id`, `filter_id`) USING BTREE
	) ENGINE = MyISAM CHARACTER SET = utf8 COLLATE = utf8_general_ci ROW_FORMAT = Fixed;

	-- ----------------------------
	-- Table structure for product_image
	-- ----------------------------
	DROP TABLE IF EXISTS `product_image`;
	CREATE TABLE `product_image`  (
	  `product_image_id` int(11) NOT NULL AUTO_INCREMENT,
	  `product_id` int(11) NOT NULL,
	  `image` varchar(255) CHARACTER SET utf8 COLLATE utf8_general_ci NULL DEFAULT NULL,
	  `sort_order` int(3) NOT NULL DEFAULT 0,
	  PRIMARY KEY (`product_image_id`) USING BTREE,
	  INDEX `product_id`(`product_id`) USING BTREE
	) ENGINE = MyISAM AUTO_INCREMENT = 2892 CHARACTER SET = utf8 COLLATE = utf8_general_ci ROW_FORMAT = Dynamic;

	-- ----------------------------
	-- Records of product_image
	-- ----------------------------
	INSERT INTO `product_image` VALUES (2862, 87, 'catalog/367b2b2f-fc41-4913-9c9b-b7a4481a404f_540.png', 0);
	INSERT INTO `product_image` VALUES (2851, 85, 'catalog/a1e32f57-0285-4377-9676-90a6bcc5893d_540 (1).png', 0);
	INSERT INTO `product_image` VALUES (2850, 85, 'catalog/abf67c2d-c5f7-427a-a693-0b60ea13a371_540.png', 0);
	INSERT INTO `product_image` VALUES (2849, 85, 'catalog/a1e32f57-0285-4377-9676-90a6bcc5893d_540.png', 0);
	INSERT INTO `product_image` VALUES (2848, 85, 'catalog/367b2b2f-fc41-4913-9c9b-b7a4481a404f_540.png', 0);
	INSERT INTO `product_image` VALUES (2847, 85, 'catalog/0bcb24f8-8008-4dbd-86b2-a478fdc1c21c_540.png', 0);
	INSERT INTO `product_image` VALUES (2886, 83, 'catalog/a1e32f57-0285-4377-9676-90a6bcc5893d_540 (1).png', 0);
	INSERT INTO `product_image` VALUES (2885, 83, 'catalog/abf67c2d-c5f7-427a-a693-0b60ea13a371_540.png', 0);
	INSERT INTO `product_image` VALUES (2884, 83, 'catalog/a1e32f57-0285-4377-9676-90a6bcc5893d_540.png', 0);
	INSERT INTO `product_image` VALUES (2883, 83, 'catalog/367b2b2f-fc41-4913-9c9b-b7a4481a404f_540.png', 0);
	INSERT INTO `product_image` VALUES (2882, 83, 'catalog/0bcb24f8-8008-4dbd-86b2-a478fdc1c21c_540.png', 0);
	INSERT INTO `product_image` VALUES (2863, 87, 'catalog/0bcb24f8-8008-4dbd-86b2-a478fdc1c21c_540.png', 0);
	INSERT INTO `product_image` VALUES (2864, 87, 'catalog/a1e32f57-0285-4377-9676-90a6bcc5893d_540 (1).png', 0);
	INSERT INTO `product_image` VALUES (2865, 87, 'catalog/a1e32f57-0285-4377-9676-90a6bcc5893d_540.png', 0);
	INSERT INTO `product_image` VALUES (2866, 87, 'catalog/abf67c2d-c5f7-427a-a693-0b60ea13a371_540.png', 0);
	INSERT INTO `product_image` VALUES (2857, 86, 'catalog/a1e32f57-0285-4377-9676-90a6bcc5893d_540.png', 0);
	INSERT INTO `product_image` VALUES (2858, 86, 'catalog/367b2b2f-fc41-4913-9c9b-b7a4481a404f_540.png', 0);
	INSERT INTO `product_image` VALUES (2859, 86, 'catalog/abf67c2d-c5f7-427a-a693-0b60ea13a371_540.png', 0);
	INSERT INTO `product_image` VALUES (2860, 86, 'catalog/0bcb24f8-8008-4dbd-86b2-a478fdc1c21c_540.png', 0);
	INSERT INTO `product_image` VALUES (2861, 86, 'catalog/a1e32f57-0285-4377-9676-90a6bcc5893d_540 (1).png', 0);
	INSERT INTO `product_image` VALUES (2887, 84, 'catalog/367b2b2f-fc41-4913-9c9b-b7a4481a404f_540.png', 0);
	INSERT INTO `product_image` VALUES (2888, 84, 'catalog/a1e32f57-0285-4377-9676-90a6bcc5893d_540.png', 0);
	INSERT INTO `product_image` VALUES (2889, 84, 'catalog/0bcb24f8-8008-4dbd-86b2-a478fdc1c21c_540.png', 0);
	INSERT INTO `product_image` VALUES (2890, 84, 'catalog/a1e32f57-0285-4377-9676-90a6bcc5893d_540 (1).png', 0);
	INSERT INTO `product_image` VALUES (2891, 84, 'catalog/abf67c2d-c5f7-427a-a693-0b60ea13a371_540.png', 0);

	-- ----------------------------
	-- Table structure for product_option
	-- ----------------------------
	DROP TABLE IF EXISTS `product_option`;
	CREATE TABLE `product_option`  (
	  `product_option_id` int(11) NOT NULL AUTO_INCREMENT,
	  `product_id` int(11) NOT NULL,
	  `option_id` int(11) NOT NULL,
	  `value` text CHARACTER SET utf8 COLLATE utf8_general_ci NOT NULL,
	  `required` tinyint(1) NOT NULL,
	  PRIMARY KEY (`product_option_id`) USING BTREE
	) ENGINE = MyISAM AUTO_INCREMENT = 227 CHARACTER SET = utf8 COLLATE = utf8_general_ci ROW_FORMAT = Dynamic;

	-- ----------------------------
	-- Table structure for product_option_value
	-- ----------------------------
	DROP TABLE IF EXISTS `product_option_value`;
	CREATE TABLE `product_option_value`  (
	  `product_option_value_id` int(11) NOT NULL AUTO_INCREMENT,
	  `product_option_id` int(11) NOT NULL,
	  `product_id` int(11) NOT NULL,
	  `option_id` int(11) NOT NULL,
	  `option_value_id` int(11) NOT NULL,
	  `quantity` int(3) NOT NULL,
	  `subtract` tinyint(1) NOT NULL,
	  `price` decimal(15, 4) NOT NULL,
	  `price_prefix` varchar(1) CHARACTER SET utf8 COLLATE utf8_general_ci NOT NULL,
	  `points` int(8) NOT NULL,
	  `points_prefix` varchar(1) CHARACTER SET utf8 COLLATE utf8_general_ci NOT NULL,
	  `weight` decimal(15, 8) NOT NULL,
	  `weight_prefix` varchar(1) CHARACTER SET utf8 COLLATE utf8_general_ci NOT NULL,
	  PRIMARY KEY (`product_option_value_id`) USING BTREE,
	  INDEX `bf_product_option_value`(`product_id`, `option_value_id`) USING BTREE
	) ENGINE = MyISAM AUTO_INCREMENT = 17 CHARACTER SET = utf8 COLLATE = utf8_general_ci ROW_FORMAT = Dynamic;

	-- ----------------------------
	-- Table structure for product_recurring
	-- ----------------------------
	DROP TABLE IF EXISTS `product_recurring`;
	CREATE TABLE `product_recurring`  (
	  `product_id` int(11) NOT NULL,
	  `recurring_id` int(11) NOT NULL,
	  `customer_group_id` int(11) NOT NULL,
	  PRIMARY KEY (`product_id`, `recurring_id`, `customer_group_id`) USING BTREE
	) ENGINE = MyISAM CHARACTER SET = utf8 COLLATE = utf8_general_ci ROW_FORMAT = Fixed;

	-- ----------------------------
	-- Table structure for product_related
	-- ----------------------------
	DROP TABLE IF EXISTS `product_related`;
	CREATE TABLE `product_related`  (
	  `product_id` int(11) NOT NULL,
	  `related_id` int(11) NOT NULL,
	  PRIMARY KEY (`product_id`, `related_id`) USING BTREE
	) ENGINE = MyISAM CHARACTER SET = utf8 COLLATE = utf8_general_ci ROW_FORMAT = Fixed;

	-- ----------------------------
	-- Records of product_related
	-- ----------------------------
	INSERT INTO `product_related` VALUES (83, 83);
	INSERT INTO `product_related` VALUES (83, 85);
	INSERT INTO `product_related` VALUES (83, 86);
	INSERT INTO `product_related` VALUES (85, 83);
	INSERT INTO `product_related` VALUES (85, 86);
	INSERT INTO `product_related` VALUES (86, 83);
	INSERT INTO `product_related` VALUES (86, 85);

	-- ----------------------------
	-- Table structure for product_related_article
	-- ----------------------------
	DROP TABLE IF EXISTS `product_related_article`;
	CREATE TABLE `product_related_article`  (
	  `article_id` int(11) NOT NULL,
	  `product_id` int(11) NOT NULL,
	  PRIMARY KEY (`article_id`, `product_id`) USING BTREE
	) ENGINE = MyISAM CHARACTER SET = utf8 COLLATE = utf8_general_ci ROW_FORMAT = Fixed;

	-- ----------------------------
	-- Table structure for product_related_mn
	-- ----------------------------
	DROP TABLE IF EXISTS `product_related_mn`;
	CREATE TABLE `product_related_mn`  (
	  `product_id` int(11) NOT NULL,
	  `manufacturer_id` int(11) NOT NULL
	) ENGINE = MyISAM CHARACTER SET = utf8 COLLATE = utf8_general_ci ROW_FORMAT = Fixed;

	-- ----------------------------
	-- Records of product_related_mn
	-- ----------------------------
	INSERT INTO `product_related_mn` VALUES (42, 8);
	INSERT INTO `product_related_mn` VALUES (41, 8);
	INSERT INTO `product_related_mn` VALUES (30, 9);
	INSERT INTO `product_related_mn` VALUES (47, 7);

	-- ----------------------------
	-- Table structure for product_related_wb
	-- ----------------------------
	DROP TABLE IF EXISTS `product_related_wb`;
	CREATE TABLE `product_related_wb`  (
	  `product_id` int(11) NOT NULL,
	  `category_id` int(11) NOT NULL
	) ENGINE = MyISAM CHARACTER SET = utf8 COLLATE = utf8_general_ci ROW_FORMAT = Fixed;

	-- ----------------------------
	-- Table structure for product_reward
	-- ----------------------------
	DROP TABLE IF EXISTS `product_reward`;
	CREATE TABLE `product_reward`  (
	  `product_reward_id` int(11) NOT NULL AUTO_INCREMENT,
	  `product_id` int(11) NOT NULL DEFAULT 0,
	  `customer_group_id` int(11) NOT NULL DEFAULT 0,
	  `points` int(8) NOT NULL DEFAULT 0,
	  PRIMARY KEY (`product_reward_id`) USING BTREE
	) ENGINE = MyISAM AUTO_INCREMENT = 555 CHARACTER SET = utf8 COLLATE = utf8_general_ci ROW_FORMAT = Fixed;

	-- ----------------------------
	-- Table structure for product_special
	-- ----------------------------
	DROP TABLE IF EXISTS `product_special`;
	CREATE TABLE `product_special`  (
	  `product_special_id` int(11) NOT NULL AUTO_INCREMENT,
	  `product_id` int(11) NOT NULL,
	  `customer_group_id` int(11) NOT NULL,
	  `priority` int(5) NOT NULL DEFAULT 1,
	  `price` decimal(15, 4) NOT NULL DEFAULT 0.0000,
	  `date_start` date NOT NULL DEFAULT '1970-01-01',
	  `date_end` date NOT NULL DEFAULT '1970-01-01',
	  PRIMARY KEY (`product_special_id`) USING BTREE,
	  INDEX `product_id`(`product_id`) USING BTREE
	) ENGINE = MyISAM AUTO_INCREMENT = 453 CHARACTER SET = utf8 COLLATE = utf8_general_ci ROW_FORMAT = Fixed;

	-- ----------------------------
	-- Records of product_special
	-- ----------------------------
	INSERT INTO `product_special` VALUES (452, 84, 1, 0, 750.0000, '2019-03-03', '2019-03-20');

	-- ----------------------------
	-- Table structure for product_to_category
	-- ----------------------------
	DROP TABLE IF EXISTS `product_to_category`;
	CREATE TABLE `product_to_category`  (
	  `product_id` int(11) NOT NULL,
	  `category_id` int(11) NOT NULL,
	  `main_category` tinyint(1) NOT NULL DEFAULT 0,
	  PRIMARY KEY (`product_id`, `category_id`) USING BTREE,
	  INDEX `category_id`(`category_id`) USING BTREE
	) ENGINE = MyISAM CHARACTER SET = utf8 COLLATE = utf8_general_ci ROW_FORMAT = Fixed;

	-- ----------------------------
	-- Records of product_to_category
	-- ----------------------------
	INSERT INTO `product_to_category` VALUES (87, 72, 0);
	INSERT INTO `product_to_category` VALUES (87, 59, 1);
	INSERT INTO `product_to_category` VALUES (85, 72, 0);
	INSERT INTO `product_to_category` VALUES (85, 59, 1);
	INSERT INTO `product_to_category` VALUES (86, 72, 0);
	INSERT INTO `product_to_category` VALUES (83, 59, 1);
	INSERT INTO `product_to_category` VALUES (84, 72, 0);
	INSERT INTO `product_to_category` VALUES (83, 72, 0);
	INSERT INTO `product_to_category` VALUES (86, 59, 1);
	INSERT INTO `product_to_category` VALUES (84, 59, 1);

	-- ----------------------------
	-- Table structure for product_to_download
	-- ----------------------------
	DROP TABLE IF EXISTS `product_to_download`;
	CREATE TABLE `product_to_download`  (
	  `product_id` int(11) NOT NULL,
	  `download_id` int(11) NOT NULL,
	  PRIMARY KEY (`product_id`, `download_id`) USING BTREE
	) ENGINE = MyISAM CHARACTER SET = utf8 COLLATE = utf8_general_ci ROW_FORMAT = Fixed;

	-- ----------------------------
	-- Table structure for product_to_layout
	-- ----------------------------
	DROP TABLE IF EXISTS `product_to_layout`;
	CREATE TABLE `product_to_layout`  (
	  `product_id` int(11) NOT NULL,
	  `store_id` int(11) NOT NULL,
	  `layout_id` int(11) NOT NULL,
	  PRIMARY KEY (`product_id`, `store_id`) USING BTREE
	) ENGINE = MyISAM CHARACTER SET = utf8 COLLATE = utf8_general_ci ROW_FORMAT = Fixed;

	-- ----------------------------
	-- Records of product_to_layout
	-- ----------------------------
	INSERT INTO `product_to_layout` VALUES (83, 0, 0);
	INSERT INTO `product_to_layout` VALUES (84, 0, 0);
	INSERT INTO `product_to_layout` VALUES (87, 0, 0);
	INSERT INTO `product_to_layout` VALUES (86, 0, 0);
	INSERT INTO `product_to_layout` VALUES (85, 0, 0);

	-- ----------------------------
	-- Table structure for product_to_store
	-- ----------------------------
	DROP TABLE IF EXISTS `product_to_store`;
	CREATE TABLE `product_to_store`  (
	  `product_id` int(11) NOT NULL,
	  `store_id` int(11) NOT NULL DEFAULT 0,
	  PRIMARY KEY (`product_id`, `store_id`) USING BTREE
	) ENGINE = MyISAM CHARACTER SET = utf8 COLLATE = utf8_general_ci ROW_FORMAT = Fixed;

	-- ----------------------------
	-- Records of product_to_store
	-- ----------------------------
	INSERT INTO `product_to_store` VALUES (83, 0);
	INSERT INTO `product_to_store` VALUES (84, 0);
	INSERT INTO `product_to_store` VALUES (85, 0);
	INSERT INTO `product_to_store` VALUES (86, 0);
	INSERT INTO `product_to_store` VALUES (87, 0);

	-- ----------------------------
	-- Table structure for recurring
	-- ----------------------------
	DROP TABLE IF EXISTS `recurring`;
	CREATE TABLE `recurring`  (
	  `recurring_id` int(11) NOT NULL AUTO_INCREMENT,
	  `price` decimal(10, 4) NOT NULL,
	  `frequency` enum('day','week','semi_month','month','year') CHARACTER SET utf8 COLLATE utf8_general_ci NOT NULL,
	  `duration` int(10) UNSIGNED NOT NULL,
	  `cycle` int(10) UNSIGNED NOT NULL,
	  `trial_status` tinyint(4) NOT NULL,
	  `trial_price` decimal(10, 4) NOT NULL,
	  `trial_frequency` enum('day','week','semi_month','month','year') CHARACTER SET utf8 COLLATE utf8_general_ci NOT NULL,
	  `trial_duration` int(10) UNSIGNED NOT NULL,
	  `trial_cycle` int(10) UNSIGNED NOT NULL,
	  `status` tinyint(4) NOT NULL,
	  `sort_order` int(11) NOT NULL,
	  PRIMARY KEY (`recurring_id`) USING BTREE
	) ENGINE = MyISAM AUTO_INCREMENT = 1 CHARACTER SET = utf8 COLLATE = utf8_general_ci ROW_FORMAT = Fixed;

	-- ----------------------------
	-- Table structure for recurring_description
	-- ----------------------------
	DROP TABLE IF EXISTS `recurring_description`;
	CREATE TABLE `recurring_description`  (
	  `recurring_id` int(11) NOT NULL,
	  `language_id` int(11) NOT NULL,
	  `name` varchar(255) CHARACTER SET utf8 COLLATE utf8_general_ci NOT NULL,
	  PRIMARY KEY (`recurring_id`, `language_id`) USING BTREE
	) ENGINE = MyISAM CHARACTER SET = utf8 COLLATE = utf8_general_ci ROW_FORMAT = Dynamic;

	-- ----------------------------
	-- Table structure for return
	-- ----------------------------
	DROP TABLE IF EXISTS `return`;
	CREATE TABLE `return`  (
	  `return_id` int(11) NOT NULL AUTO_INCREMENT,
	  `order_id` int(11) NOT NULL,
	  `product_id` int(11) NOT NULL,
	  `customer_id` int(11) NOT NULL,
	  `firstname` varchar(32) CHARACTER SET utf8 COLLATE utf8_general_ci NOT NULL,
	  `lastname` varchar(32) CHARACTER SET utf8 COLLATE utf8_general_ci NOT NULL,
	  `email` varchar(96) CHARACTER SET utf8 COLLATE utf8_general_ci NOT NULL,
	  `telephone` varchar(32) CHARACTER SET utf8 COLLATE utf8_general_ci NOT NULL,
	  `product` varchar(255) CHARACTER SET utf8 COLLATE utf8_general_ci NOT NULL,
	  `model` varchar(64) CHARACTER SET utf8 COLLATE utf8_general_ci NOT NULL,
	  `quantity` int(4) NOT NULL,
	  `opened` tinyint(1) NOT NULL,
	  `return_reason_id` int(11) NOT NULL,
	  `return_action_id` int(11) NOT NULL,
	  `return_status_id` int(11) NOT NULL,
	  `comment` text CHARACTER SET utf8 COLLATE utf8_general_ci NULL,
	  `date_ordered` date NOT NULL DEFAULT '1970-01-01',
	  `date_added` datetime(0) NOT NULL,
	  `date_modified` datetime(0) NOT NULL,
	  PRIMARY KEY (`return_id`) USING BTREE
	) ENGINE = MyISAM AUTO_INCREMENT = 1 CHARACTER SET = utf8 COLLATE = utf8_general_ci ROW_FORMAT = Dynamic;

	-- ----------------------------
	-- Table structure for return_action
	-- ----------------------------
	DROP TABLE IF EXISTS `return_action`;
	CREATE TABLE `return_action`  (
	  `return_action_id` int(11) NOT NULL AUTO_INCREMENT,
	  `language_id` int(11) NOT NULL DEFAULT 0,
	  `name` varchar(64) CHARACTER SET utf8 COLLATE utf8_general_ci NOT NULL,
	  PRIMARY KEY (`return_action_id`, `language_id`) USING BTREE
	) ENGINE = MyISAM AUTO_INCREMENT = 4 CHARACTER SET = utf8 COLLATE = utf8_general_ci ROW_FORMAT = Dynamic;

	-- ----------------------------
	-- Records of return_action
	-- ----------------------------
	INSERT INTO `return_action` VALUES (1, 1, 'Возмещенный');
	INSERT INTO `return_action` VALUES (2, 1, 'Возврат средств');
	INSERT INTO `return_action` VALUES (3, 1, 'Отправлена замена');
	INSERT INTO `return_action` VALUES (1, 2, 'Refunded');
	INSERT INTO `return_action` VALUES (3, 2, 'Replacement Sent');
	INSERT INTO `return_action` VALUES (2, 2, 'Credit Issued');

	-- ----------------------------
	-- Table structure for return_history
	-- ----------------------------
	DROP TABLE IF EXISTS `return_history`;
	CREATE TABLE `return_history`  (
	  `return_history_id` int(11) NOT NULL AUTO_INCREMENT,
	  `return_id` int(11) NOT NULL,
	  `return_status_id` int(11) NOT NULL,
	  `notify` tinyint(1) NOT NULL,
	  `comment` text CHARACTER SET utf8 COLLATE utf8_general_ci NOT NULL,
	  `date_added` datetime(0) NOT NULL,
	  PRIMARY KEY (`return_history_id`) USING BTREE
	) ENGINE = MyISAM AUTO_INCREMENT = 1 CHARACTER SET = utf8 COLLATE = utf8_general_ci ROW_FORMAT = Dynamic;

	-- ----------------------------
	-- Table structure for return_reason
	-- ----------------------------
	DROP TABLE IF EXISTS `return_reason`;
	CREATE TABLE `return_reason`  (
	  `return_reason_id` int(11) NOT NULL AUTO_INCREMENT,
	  `language_id` int(11) NOT NULL DEFAULT 0,
	  `name` varchar(128) CHARACTER SET utf8 COLLATE utf8_general_ci NOT NULL,
	  PRIMARY KEY (`return_reason_id`, `language_id`) USING BTREE
	) ENGINE = MyISAM AUTO_INCREMENT = 6 CHARACTER SET = utf8 COLLATE = utf8_general_ci ROW_FORMAT = Dynamic;

	-- ----------------------------
	-- Records of return_reason
	-- ----------------------------
	INSERT INTO `return_reason` VALUES (1, 1, 'Получен неисправным (сломанным)');
	INSERT INTO `return_reason` VALUES (1, 2, 'Dead On Arrival');
	INSERT INTO `return_reason` VALUES (2, 1, 'Получен не тот (ошибочный) товар');
	INSERT INTO `return_reason` VALUES (2, 2, 'Received Wrong Item');
	INSERT INTO `return_reason` VALUES (3, 1, 'Заказан по ошибке');
	INSERT INTO `return_reason` VALUES (3, 2, 'Order Error');
	INSERT INTO `return_reason` VALUES (4, 1, 'Неисправен, пожалуйста укажите/приложите подробности');
	INSERT INTO `return_reason` VALUES (4, 2, 'Faulty, please supply details');
	INSERT INTO `return_reason` VALUES (5, 1, 'Другое (другая причина), пожалуйста укажите/приложите подробности');
	INSERT INTO `return_reason` VALUES (5, 2, 'Other, please supply details');

	-- ----------------------------
	-- Table structure for return_status
	-- ----------------------------
	DROP TABLE IF EXISTS `return_status`;
	CREATE TABLE `return_status`  (
	  `return_status_id` int(11) NOT NULL AUTO_INCREMENT,
	  `language_id` int(11) NOT NULL DEFAULT 0,
	  `name` varchar(32) CHARACTER SET utf8 COLLATE utf8_general_ci NOT NULL,
	  PRIMARY KEY (`return_status_id`, `language_id`) USING BTREE
	) ENGINE = MyISAM AUTO_INCREMENT = 4 CHARACTER SET = utf8 COLLATE = utf8_general_ci ROW_FORMAT = Dynamic;

	-- ----------------------------
	-- Records of return_status
	-- ----------------------------
	INSERT INTO `return_status` VALUES (1, 1, 'В ожидании');
	INSERT INTO `return_status` VALUES (3, 1, 'Выполнен');
	INSERT INTO `return_status` VALUES (2, 1, 'Ожидание товара');
	INSERT INTO `return_status` VALUES (1, 2, 'Pending');
	INSERT INTO `return_status` VALUES (2, 2, 'Awaiting Products');
	INSERT INTO `return_status` VALUES (3, 2, 'Complete');

	-- ----------------------------
	-- Table structure for review
	-- ----------------------------
	DROP TABLE IF EXISTS `review`;
	CREATE TABLE `review`  (
	  `review_id` int(11) NOT NULL AUTO_INCREMENT,
	  `product_id` int(11) NOT NULL,
	  `customer_id` int(11) NOT NULL,
	  `author` varchar(64) CHARACTER SET utf8 COLLATE utf8_general_ci NOT NULL,
	  `text` text CHARACTER SET utf8 COLLATE utf8_general_ci NOT NULL,
	  `rating` int(1) NOT NULL,
	  `status` tinyint(1) NOT NULL DEFAULT 0,
	  `date_added` datetime(0) NOT NULL,
	  `date_modified` datetime(0) NOT NULL,
	  PRIMARY KEY (`review_id`) USING BTREE,
	  INDEX `product_id`(`product_id`) USING BTREE
	) ENGINE = MyISAM AUTO_INCREMENT = 1 CHARACTER SET = utf8 COLLATE = utf8_general_ci ROW_FORMAT = Dynamic;

	-- ----------------------------
	-- Table structure for review_article
	-- ----------------------------
	DROP TABLE IF EXISTS `review_article`;
	CREATE TABLE `review_article`  (
	  `review_article_id` int(11) NOT NULL AUTO_INCREMENT,
	  `article_id` int(11) NOT NULL,
	  `customer_id` int(11) NOT NULL,
	  `author` varchar(64) CHARACTER SET utf8 COLLATE utf8_general_ci NOT NULL DEFAULT '',
	  `text` text CHARACTER SET utf8 COLLATE utf8_general_ci NOT NULL,
	  `rating` int(1) NOT NULL,
	  `status` tinyint(1) NOT NULL DEFAULT 0,
	  `date_added` datetime(0) NOT NULL DEFAULT '2019-03-07 00:22:16',
	  `date_modified` datetime(0) NOT NULL DEFAULT '2019-03-07 00:22:16',
	  PRIMARY KEY (`review_article_id`) USING BTREE,
	  INDEX `article_id`(`article_id`) USING BTREE
	) ENGINE = MyISAM AUTO_INCREMENT = 12 CHARACTER SET = utf8 COLLATE = utf8_general_ci ROW_FORMAT = Dynamic;

	-- ----------------------------
	-- Records of review_article
	-- ----------------------------
	INSERT INTO `review_article` VALUES (11, 123, 0, 'Василий Покупайкин', 'Спасибо за отличный фото обзор, обязательно в ближайшее время приобрету себе такую тушку и напишу дополнение к Вашей статье.', 5, 1, '2014-04-08 05:59:25', '2019-03-07 00:22:16');

	-- ----------------------------
	-- Table structure for seo_url
	-- ----------------------------
	DROP TABLE IF EXISTS `seo_url`;
	CREATE TABLE `seo_url`  (
	  `seo_url_id` int(11) NOT NULL AUTO_INCREMENT,
	  `store_id` int(11) NOT NULL,
	  `language_id` int(11) NOT NULL,
	  `query` varchar(255) CHARACTER SET utf8 COLLATE utf8_general_ci NOT NULL,
	  `keyword` varchar(255) CHARACTER SET utf8 COLLATE utf8_general_ci NOT NULL,
	  PRIMARY KEY (`seo_url_id`) USING BTREE,
	  INDEX `query`(`query`) USING BTREE,
	  INDEX `keyword`(`keyword`) USING BTREE
	) ENGINE = MyISAM AUTO_INCREMENT = 1166 CHARACTER SET = utf8 COLLATE = utf8_general_ci ROW_FORMAT = Dynamic;

	-- ----------------------------
	-- Records of seo_url
	-- ----------------------------
	INSERT INTO `seo_url` VALUES (932, 0, 1, 'manufacturer_id=8', 'apple');
	INSERT INTO `seo_url` VALUES (850, 0, 1, 'information_id=4', 'about_us');
	INSERT INTO `seo_url` VALUES (1162, 0, 1, 'product_id=84', 'antmainer_s15');
	INSERT INTO `seo_url` VALUES (1126, 0, 1, 'product_id=86', 'antminer-t9');
	INSERT INTO `seo_url` VALUES (1127, 0, 1, 'product_id=87', 'whatsminer-m10');
	INSERT INTO `seo_url` VALUES (1082, 0, 1, 'category_id=75', 'bixbit');
	INSERT INTO `seo_url` VALUES (1083, 0, 1, 'category_id=76', 'konteineri');
	INSERT INTO `seo_url` VALUES (1084, 0, 1, 'category_id=77', 'stoiki');
	INSERT INTO `seo_url` VALUES (1085, 0, 1, 'category_id=78', 'yacheiki');
	INSERT INTO `seo_url` VALUES (1086, 0, 1, 'category_id=79', 'amd-ferma');
	INSERT INTO `seo_url` VALUES (1087, 0, 1, 'category_id=80', 'nvidia-ferma');
	INSERT INTO `seo_url` VALUES (1088, 0, 1, 'category_id=81', 'apparatnie');
	INSERT INTO `seo_url` VALUES (1106, 0, 1, 'product/manufacturer', 'manufacturer');
	INSERT INTO `seo_url` VALUES (1165, 0, 1, 'extension/quickcheckout/checkout', 'zakaz');
	INSERT INTO `seo_url` VALUES (823, 0, 1, 'common/home', '');
	INSERT INTO `seo_url` VALUES (934, 0, 1, 'manufacturer_id=9', 'canon');
	INSERT INTO `seo_url` VALUES (938, 0, 1, 'manufacturer_id=5', 'htc');
	INSERT INTO `seo_url` VALUES (936, 0, 1, 'manufacturer_id=7', 'hewlett-packard');
	INSERT INTO `seo_url` VALUES (940, 0, 1, 'manufacturer_id=6', 'palm');
	INSERT INTO `seo_url` VALUES (942, 0, 1, 'manufacturer_id=10', 'sony');
	INSERT INTO `seo_url` VALUES (848, 0, 1, 'information_id=6', 'delivery');
	INSERT INTO `seo_url` VALUES (852, 0, 1, 'information_id=3', 'privacy');
	INSERT INTO `seo_url` VALUES (854, 0, 1, 'information_id=5', 'terms');
	INSERT INTO `seo_url` VALUES (845, 0, 2, 'common/home', 'en');
	INSERT INTO `seo_url` VALUES (849, 0, 2, 'information_id=6', 'en_delivery');
	INSERT INTO `seo_url` VALUES (851, 0, 2, 'information_id=4', 'en_about_us');
	INSERT INTO `seo_url` VALUES (853, 0, 2, 'information_id=3', 'en_privacy');
	INSERT INTO `seo_url` VALUES (855, 0, 2, 'information_id=5', 'en_terms');
	INSERT INTO `seo_url` VALUES (1124, 0, 1, 'product_id=85', 'sdf');
	INSERT INTO `seo_url` VALUES (1059, 0, 1, 'category_id=60', 'gpu');
	INSERT INTO `seo_url` VALUES (1060, 0, 1, 'category_id=61', 'amd');
	INSERT INTO `seo_url` VALUES (1061, 0, 1, 'category_id=62', 'nvidia');
	INSERT INTO `seo_url` VALUES (1056, 0, 1, 'category_id=63', 'gpu-fermi');
	INSERT INTO `seo_url` VALUES (1055, 0, 1, 'category_id=64', 'lyra2rev2-mainery');
	INSERT INTO `seo_url` VALUES (1052, 0, 1, 'category_id=65', 'Blake(2b)-mainery');
	INSERT INTO `seo_url` VALUES (1053, 0, 1, 'category_id=66', 'cryptonight-mainery');
	INSERT INTO `seo_url` VALUES (1054, 0, 1, 'category_id=67', 'equihash-mainery');
	INSERT INTO `seo_url` VALUES (1057, 0, 1, 'category_id=68', 'komplektuyushchie');
	INSERT INTO `seo_url` VALUES (1058, 0, 1, 'category_id=69', 'koshelki');
	INSERT INTO `seo_url` VALUES (1062, 0, 1, 'category_id=70', 'ethash-mainery');
	INSERT INTO `seo_url` VALUES (1063, 0, 1, 'category_id=71', 'scrypt-mainery');
	INSERT INTO `seo_url` VALUES (1064, 0, 1, 'category_id=72', 'sha256-mainery');
	INSERT INTO `seo_url` VALUES (1065, 0, 1, 'category_id=73', 'X11-mainery');
	INSERT INTO `seo_url` VALUES (1066, 0, 1, 'category_id=74', 'blok-pitania');
	INSERT INTO `seo_url` VALUES (933, 0, 2, 'manufacturer_id=8', 'en_apple');
	INSERT INTO `seo_url` VALUES (935, 0, 2, 'manufacturer_id=9', 'en_canon');
	INSERT INTO `seo_url` VALUES (937, 0, 2, 'manufacturer_id=7', 'en_hewlett-packard');
	INSERT INTO `seo_url` VALUES (939, 0, 2, 'manufacturer_id=5', 'en_htc');
	INSERT INTO `seo_url` VALUES (941, 0, 2, 'manufacturer_id=6', 'en_palm');
	INSERT INTO `seo_url` VALUES (943, 0, 2, 'manufacturer_id=10', 'en_sony');
	INSERT INTO `seo_url` VALUES (1047, 0, 1, 'category_id=59', 'asic');
	INSERT INTO `seo_url` VALUES (1008, 0, 1, 'manufacturer_id=11', 'bitmain');
	INSERT INTO `seo_url` VALUES (1009, 0, 2, 'manufacturer_id=11', 'bitmain_en');
	INSERT INTO `seo_url` VALUES (1161, 0, 1, 'product_id=83', 'antmainer_s9i');

	-- ----------------------------
	-- Table structure for session
	-- ----------------------------
	DROP TABLE IF EXISTS `session`;
	CREATE TABLE `session`  (
	  `session_id` varchar(32) CHARACTER SET utf8 COLLATE utf8_general_ci NOT NULL,
	  `data` text CHARACTER SET utf8 COLLATE utf8_general_ci NOT NULL,
	  `expire` datetime(0) NOT NULL,
	  PRIMARY KEY (`session_id`) USING BTREE
	) ENGINE = InnoDB CHARACTER SET = utf8 COLLATE = utf8_general_ci ROW_FORMAT = Compact;

	-- ----------------------------
	-- Records of session
	-- ----------------------------
	INSERT INTO `session` VALUES ('0200c7b8e19e1c609ca752123e', '{\"api_id\":\"1\",\"language\":\"ru-ru\",\"currency\":\"RUB\",\"customer\":{\"customer_id\":\"\",\"customer_group_id\":\"1\",\"firstname\":\"234\",\"lastname\":\"234\",\"email\":\"234@345634.ru\",\"telephone\":\"234\",\"custom_field\":[]},\"payment_address\":{\"firstname\":\"34534\",\"lastname\":\"534534\",\"company\":\"\",\"address_1\":\"5345\",\"address_2\":\"\",\"postcode\":\"\",\"city\":\"34534\",\"zone_id\":\"1249\",\"zone\":\"Mtskheta-Mtianeti\",\"zone_code\":\"MM\",\"country_id\":\"80\",\"country\":\"\\u0413\\u0440\\u0443\\u0437\\u0438\\u044f\",\"iso_code_2\":\"GE\",\"iso_code_3\":\"GEO\",\"address_format\":\"\",\"custom_field\":[]},\"payment_methods\":{\"free_checkout\":{\"code\":\"free_checkout\",\"title\":\"\\u0411\\u0435\\u0441\\u043f\\u043b\\u0430\\u0442\\u043d\\u043e\",\"terms\":\"\",\"sort_order\":\"1\"}},\"payment_method\":{\"code\":\"free_checkout\",\"title\":\"\\u0411\\u0435\\u0441\\u043f\\u043b\\u0430\\u0442\\u043d\\u043e\",\"terms\":\"\",\"sort_order\":\"1\"}}', '2019-02-15 09:41:29');
	INSERT INTO `session` VALUES ('0d2d3791466f14a29144587438', '{\"api_id\":\"1\"}', '2019-02-28 09:26:29');
	INSERT INTO `session` VALUES ('0f7e58c6fdb239fe5f7bab71e8', '{\"api_id\":\"1\"}', '2019-02-25 08:46:02');
	INSERT INTO `session` VALUES ('11f4f4f8aa16b653a1a125b4a0', '{\"api_id\":\"1\"}', '2019-03-05 10:03:49');
	INSERT INTO `session` VALUES ('15b9ddfd262d67aa5ea875e2c9', '{\"api_id\":\"1\"}', '2019-03-01 09:54:40');
	INSERT INTO `session` VALUES ('1674fb83675d117eeb2bedafd9', '{\"api_id\":\"1\"}', '2019-02-28 09:26:33');
	INSERT INTO `session` VALUES ('18b008275a85d5d5026a8b8ca4', '{\"api_id\":\"1\"}', '2019-02-15 09:45:32');
	INSERT INTO `session` VALUES ('1c55690c1e2a6ec0f6030300f4', '{\"api_id\":\"1\"}', '2019-02-28 09:26:54');
	INSERT INTO `session` VALUES ('211effdb67f84f09c2f40b612e', '{\"api_id\":\"1\"}', '2019-03-04 14:49:31');
	INSERT INTO `session` VALUES ('2252b1a4ba87befaed1a935f42', '{\"api_id\":\"1\"}', '2019-02-28 09:26:55');
	INSERT INTO `session` VALUES ('24f1f31b78ca40c2e511941a05', '{\"language\":\"ru-ru\",\"currency\":\"BYN\"}', '2019-02-27 14:58:16');
	INSERT INTO `session` VALUES ('256abf2b0fa043e603b3aa5d28', '{\"api_id\":\"1\",\"language\":\"ru-ru\",\"currency\":\"RUB\",\"customer\":{\"customer_id\":\"0\",\"customer_group_id\":\"1\",\"firstname\":\"dfgdf\",\"lastname\":\"gfdgdf\",\"email\":\"dnsxss@gmail.com\",\"telephone\":\"dfgdf\",\"custom_field\":[]},\"payment_address\":{\"firstname\":\"dfgdf\",\"lastname\":\"gfdgdf\",\"company\":\"\",\"address_1\":\"dfgdfgdf\",\"address_2\":\"\",\"postcode\":\"456546\",\"city\":\"fdgdfgdf\",\"zone_id\":\"123\",\"zone\":\"Canillo\",\"zone_code\":\"CAN\",\"country_id\":\"5\",\"country\":\"Andorra\",\"iso_code_2\":\"AD\",\"iso_code_3\":\"AND\",\"address_format\":\"\",\"custom_field\":[]},\"payment_methods\":{\"cod\":{\"code\":\"cod\",\"title\":\"\\u041e\\u043f\\u043b\\u0430\\u0442\\u0430 \\u043f\\u0440\\u0438 \\u0434\\u043e\\u0441\\u0442\\u0430\\u0432\\u043a\\u0435\",\"terms\":\"\",\"sort_order\":\"5\"}},\"shipping_address\":{\"firstname\":\"dfgdf\",\"lastname\":\"gfdgdf\",\"company\":\"\",\"address_1\":\"dfgdfgdf\",\"address_2\":\"\",\"postcode\":\"456546\",\"city\":\"fdgdfgdf\",\"zone_id\":\"123\",\"zone\":\"Canillo\",\"zone_code\":\"CAN\",\"country_id\":\"5\",\"country\":\"Andorra\",\"iso_code_2\":\"AD\",\"iso_code_3\":\"AND\",\"address_format\":\"\",\"custom_field\":[]},\"shipping_methods\":{\"flat\":{\"title\":\"\\u0424\\u0438\\u043a\\u0441\\u0438\\u0440\\u043e\\u0432\\u0430\\u043d\\u043d\\u0430\\u044f \\u0441\\u0442\\u043e\\u0438\\u043c\\u043e\\u0441\\u0442\\u044c \\u0434\\u043e\\u0441\\u0442\\u0430\\u0432\\u043a\\u0438\",\"quote\":{\"flat\":{\"code\":\"flat.flat\",\"title\":\"\\u0414\\u043e\\u0441\\u0442\\u0430\\u0432\\u043a\\u0430 \\u0441 \\u0444\\u0438\\u043a\\u0441\\u0438\\u0440\\u043e\\u0432\\u0430\\u043d\\u043d\\u043e\\u0439 \\u0441\\u0442\\u043e\\u0438\\u043c\\u043e\\u0441\\u0442\\u044c\\u044e\",\"cost\":\"5.00\",\"tax_class_id\":\"9\",\"text\":\"5\"}},\"sort_order\":\"1\",\"error\":false}},\"payment_method\":{\"code\":\"cod\",\"title\":\"\\u041e\\u043f\\u043b\\u0430\\u0442\\u0430 \\u043f\\u0440\\u0438 \\u0434\\u043e\\u0441\\u0442\\u0430\\u0432\\u043a\\u0435\",\"terms\":\"\",\"sort_order\":\"5\"},\"shipping_method\":{\"code\":\"flat.flat\",\"title\":\"\\u0414\\u043e\\u0441\\u0442\\u0430\\u0432\\u043a\\u0430 \\u0441 \\u0444\\u0438\\u043a\\u0441\\u0438\\u0440\\u043e\\u0432\\u0430\\u043d\\u043d\\u043e\\u0439 \\u0441\\u0442\\u043e\\u0438\\u043c\\u043e\\u0441\\u0442\\u044c\\u044e\",\"cost\":\"5.00\",\"tax_class_id\":\"9\",\"text\":\"5\"}}', '2019-02-25 08:47:48');
	INSERT INTO `session` VALUES ('29068efdc994fa869952086d95', '{\"api_id\":\"1\"}', '2019-03-05 13:43:20');
	INSERT INTO `session` VALUES ('2b493e51abe55579b6abec9313', '{\"user_id\":\"1\",\"user_token\":\"iI8Tdxqdzt8WxUQDLdaGDvs0HnbItkrX\",\"install\":\"1wFHHAHx3I\",\"language\":\"ru-ru\",\"currency\":\"RUB\",\"path\":\"34\",\"compare\":[\"40\",\"43\",\"42\"],\"account\":\"guest\",\"payment_address\":{\"firstname\":\"dfgdf\",\"lastname\":\"gfdgdf\",\"company\":\"\",\"address_1\":\"dfgdfgdf\",\"address_2\":\"\",\"postcode\":\"456546\",\"city\":\"fdgdfgdf\",\"country_id\":\"5\",\"zone_id\":\"123\",\"country\":\"Andorra\",\"iso_code_2\":\"AD\",\"iso_code_3\":\"AND\",\"address_format\":\"\",\"custom_field\":[],\"zone\":\"Canillo\",\"zone_code\":\"CAN\"},\"shipping_address\":{\"firstname\":\"dfgdf\",\"lastname\":\"gfdgdf\",\"company\":\"\",\"address_1\":\"dfgdfgdf\",\"address_2\":\"\",\"postcode\":\"456546\",\"city\":\"fdgdfgdf\",\"zone_id\":\"123\",\"zone\":\"Canillo\",\"zone_code\":\"CAN\",\"country_id\":\"5\",\"country\":\"Andorra\",\"iso_code_2\":\"AD\",\"iso_code_3\":\"AND\",\"address_format\":\"\",\"custom_field\":[]},\"last_order_id\":2,\"vouchers\":[]}', '2019-02-19 09:16:41');
	INSERT INTO `session` VALUES ('2c3121b58bbf3b39d08d28d235', '{\"api_id\":\"1\"}', '2019-03-01 10:18:04');
	INSERT INTO `session` VALUES ('2cec97a75b0ca393b88c64a035', '{\"api_id\":\"1\"}', '2019-03-05 13:43:23');
	INSERT INTO `session` VALUES ('32143ddc79977612e4a9c8dd07', '{\"api_id\":\"1\"}', '2019-02-25 08:40:19');
	INSERT INTO `session` VALUES ('34c7cb144b83de132cd2ce52dc', '{\"api_id\":\"1\"}', '2019-03-05 13:52:16');
	INSERT INTO `session` VALUES ('3c47a407caec130407d93fd41a', '{\"language\":\"ru-ru\",\"currency\":\"USD\"}', '2019-02-20 15:03:45');
	INSERT INTO `session` VALUES ('3dcee31e6b14799e0dc404691e', '{\"api_id\":\"1\",\"language\":\"ru-ru\",\"currency\":\"USD\"}', '2019-02-25 08:49:34');
	INSERT INTO `session` VALUES ('404ad23ecf6f7443ef427802e2', '{\"api_id\":\"1\"}', '2019-02-21 14:47:32');
	INSERT INTO `session` VALUES ('4139e5a59fcc390a34dbdf60f3', '{\"language\":\"ru-ru\",\"currency\":\"BYN\"}', '2019-02-27 14:25:57');
	INSERT INTO `session` VALUES ('47fe6dc8c942f8c37c0306298a', '{\"api_id\":\"1\",\"language\":\"ru-ru\",\"currency\":\"RUB\",\"customer\":{\"customer_id\":\"0\",\"customer_group_id\":\"1\",\"firstname\":\"dfgdf\",\"lastname\":\"gfdgdf\",\"email\":\"dnsxss@gmail.com\",\"telephone\":\"dfgdf\",\"custom_field\":[]},\"payment_address\":{\"firstname\":\"dfgdf\",\"lastname\":\"gfdgdf\",\"company\":\"\",\"address_1\":\"dfgdfgdf\",\"address_2\":\"\",\"postcode\":\"456546\",\"city\":\"fdgdfgdf\",\"zone_id\":\"123\",\"zone\":\"Canillo\",\"zone_code\":\"CAN\",\"country_id\":\"5\",\"country\":\"Andorra\",\"iso_code_2\":\"AD\",\"iso_code_3\":\"AND\",\"address_format\":\"\",\"custom_field\":[]},\"payment_methods\":{\"cod\":{\"code\":\"cod\",\"title\":\"\\u041e\\u043f\\u043b\\u0430\\u0442\\u0430 \\u043f\\u0440\\u0438 \\u0434\\u043e\\u0441\\u0442\\u0430\\u0432\\u043a\\u0435\",\"terms\":\"\",\"sort_order\":\"5\"}},\"shipping_address\":{\"firstname\":\"56756\",\"lastname\":\"756756\",\"company\":\"\",\"address_1\":\"56756\",\"address_2\":\"\",\"postcode\":\"756756756\",\"city\":\"756756\",\"zone_id\":\"2726\",\"zone\":\"\\u0410\\u043b\\u0442\\u0430\\u0439\\u0441\\u043a\\u0438\\u0439 \\u043a\\u0440\\u0430\\u0439\",\"zone_code\":\"ALT\",\"country_id\":\"176\",\"country\":\"\\u0420\\u043e\\u0441\\u0441\\u0438\\u0439\\u0441\\u043a\\u0430\\u044f \\u0424\\u0435\\u0434\\u0435\\u0440\\u0430\\u0446\\u0438\\u044f\",\"iso_code_2\":\"RU\",\"iso_code_3\":\"RUS\",\"address_format\":\"\",\"custom_field\":[]},\"shipping_methods\":{\"flat\":{\"title\":\"\\u0424\\u0438\\u043a\\u0441\\u0438\\u0440\\u043e\\u0432\\u0430\\u043d\\u043d\\u0430\\u044f \\u0441\\u0442\\u043e\\u0438\\u043c\\u043e\\u0441\\u0442\\u044c \\u0434\\u043e\\u0441\\u0442\\u0430\\u0432\\u043a\\u0438\",\"quote\":{\"flat\":{\"code\":\"flat.flat\",\"title\":\"\\u0414\\u043e\\u0441\\u0442\\u0430\\u0432\\u043a\\u0430 \\u0441 \\u0444\\u0438\\u043a\\u0441\\u0438\\u0440\\u043e\\u0432\\u0430\\u043d\\u043d\\u043e\\u0439 \\u0441\\u0442\\u043e\\u0438\\u043c\\u043e\\u0441\\u0442\\u044c\\u044e\",\"cost\":\"5.00\",\"tax_class_id\":\"9\",\"text\":\"5\"}},\"sort_order\":\"1\",\"error\":false}},\"payment_method\":{\"code\":\"cod\",\"title\":\"\\u041e\\u043f\\u043b\\u0430\\u0442\\u0430 \\u043f\\u0440\\u0438 \\u0434\\u043e\\u0441\\u0442\\u0430\\u0432\\u043a\\u0435\",\"terms\":\"\",\"sort_order\":\"5\"},\"shipping_method\":{\"code\":\"flat.flat\",\"title\":\"\\u0414\\u043e\\u0441\\u0442\\u0430\\u0432\\u043a\\u0430 \\u0441 \\u0444\\u0438\\u043a\\u0441\\u0438\\u0440\\u043e\\u0432\\u0430\\u043d\\u043d\\u043e\\u0439 \\u0441\\u0442\\u043e\\u0438\\u043c\\u043e\\u0441\\u0442\\u044c\\u044e\",\"cost\":\"5.00\",\"tax_class_id\":\"9\",\"text\":\"5\"}}', '2019-02-25 08:50:26');
	INSERT INTO `session` VALUES ('4863a853492553b9ae602b22c8', '{\"api_id\":\"1\"}', '2019-03-05 09:54:14');
	INSERT INTO `session` VALUES ('4c33c92e0e4444f1857a3cbbb7', '{\"language\":\"ru-ru\",\"currency\":\"BYN\"}', '2019-02-27 14:07:03');
	INSERT INTO `session` VALUES ('4e6b8cc6d4066639474ba5d7d5', '{\"api_id\":\"1\"}', '2019-02-15 09:44:39');
	INSERT INTO `session` VALUES ('532f5d447e625394b941924196', '{\"api_id\":\"1\"}', '2019-03-01 12:03:17');
	INSERT INTO `session` VALUES ('5357b0aefacd542f8e205eb773', '{\"language\":\"ru-ru\",\"currency\":\"BYN\"}', '2019-02-27 14:03:55');
	INSERT INTO `session` VALUES ('54af80b24bd041b2e3eea06b6f', '{\"language\":\"ru-ru\",\"currency\":\"BYN\"}', '2019-02-27 14:05:15');
	INSERT INTO `session` VALUES ('54d030ea5bdbbbe9f849bb5c9c', '{\"api_id\":\"1\"}', '2019-02-21 14:47:33');
	INSERT INTO `session` VALUES ('57775afc2199cfe1d51409e4e7', '{\"language\":\"ru-ru\",\"currency\":\"BYN\"}', '2019-02-28 08:32:42');
	INSERT INTO `session` VALUES ('5a8b5bdabd1b796eadb01a348d', '{\"language\":\"ru-ru\",\"currency\":\"BYN\"}', '2019-02-27 14:51:42');
	INSERT INTO `session` VALUES ('5d6377f6d89135565a04cd9204', '{\"language\":\"ru-ru\",\"currency\":\"BYN\"}', '2019-02-27 14:33:25');
	INSERT INTO `session` VALUES ('5ddc77db52c953448d46373b7c', '{\"api_id\":\"1\"}', '2019-02-21 14:47:18');
	INSERT INTO `session` VALUES ('60aeb5324f74730d1801adf3b9', '{\"api_id\":\"1\"}', '2019-03-04 14:49:34');
	INSERT INTO `session` VALUES ('657e9cb47297b17337f0666563', '{\"language\":\"ru-ru\",\"currency\":\"BYN\"}', '2019-02-27 14:11:16');
	INSERT INTO `session` VALUES ('6599fcef2ae91bf4058d90771f', '{\"language\":\"ru-ru\",\"currency\":\"BYN\",\"guest\":{\"country\":\"\\u0411\\u0435\\u043b\\u043e\\u0440\\u0443\\u0441\\u0441\\u0438\\u044f (\\u0411\\u0435\\u043b\\u0430\\u0440\\u0443\\u0441\\u044c)\",\"iso_code_2\":\"BY\",\"iso_code_3\":\"BLR\",\"address_format\":\"\",\"zone\":\"\\u041c\\u0438\\u043d\\u0441\\u043a\",\"zone_code\":\"HM\",\"firstname\":\"dsfsdf\",\"lastname\":\"sdfsdf\",\"company\":\"company\",\"address_1\":\"\",\"address_2\":\"\",\"postcode\":\"postcode\",\"city\":\"\",\"country_id\":\"20\",\"zone_id\":\"339\",\"customer_group_id\":\"1\",\"email\":\"fsdfsd\",\"telephone\":\"dsfsd\",\"shipping_address\":true,\"create_account\":false},\"payment_address\":{\"country\":\"\\u0411\\u0435\\u043b\\u043e\\u0440\\u0443\\u0441\\u0441\\u0438\\u044f (\\u0411\\u0435\\u043b\\u0430\\u0440\\u0443\\u0441\\u044c)\",\"iso_code_2\":\"BY\",\"iso_code_3\":\"BLR\",\"address_format\":\"\",\"zone\":\"\\u041c\\u0438\\u043d\\u0441\\u043a\",\"zone_code\":\"HM\",\"firstname\":\"dsfsdf\",\"lastname\":\"sdfsdf\",\"company\":\"company\",\"address_1\":\"\",\"address_2\":\"\",\"postcode\":\"postcode\",\"city\":\"\",\"country_id\":\"20\",\"zone_id\":\"\",\"custom_field\":[]},\"delivery_date\":\"\",\"delivery_time\":\"\",\"account\":\"guest\",\"shipping_address\":{\"firstname\":\"sadsad\",\"lastname\":\"sadas\",\"company\":\"company\",\"address_1\":\"\\u0410\\u0434\\u0440\\u0435\\u0441\\u0441: \\u043d\\u0435 \\u0443\\u043a\\u0430\\u0437\\u0430\\u043d\\u043e\",\"address_2\":\"\\u0410\\u0434\\u0440\\u0435\\u0441\\u04412: \\u043d\\u0435 \\u0443\\u043a\\u0430\\u0437\\u0430\\u043d\\u043e\",\"postcode\":\"postcode\",\"city\":\"0\",\"country_id\":\"20\",\"zone_id\":\"339\",\"country\":\"\\u0411\\u0435\\u043b\\u043e\\u0440\\u0443\\u0441\\u0441\\u0438\\u044f (\\u0411\\u0435\\u043b\\u0430\\u0440\\u0443\\u0441\\u044c)\",\"iso_code_2\":\"BY\",\"iso_code_3\":\"BLR\",\"address_format\":\"\",\"zone\":\"\\u041c\\u0438\\u043d\\u0441\\u043a\",\"zone_code\":\"HM\",\"custom_field\":[]},\"payment_methods\":[],\"survey\":\"\",\"order_comment\":\"\"}', '2019-03-05 13:25:02');
	INSERT INTO `session` VALUES ('6bfe41769e9e2d59f41c180b33', '{\"api_id\":\"1\"}', '2019-02-25 08:40:24');
	INSERT INTO `session` VALUES ('6caa50eb16c2f3afea31224f98', '{\"api_id\":\"1\",\"language\":\"ru-ru\",\"currency\":\"RUB\",\"customer\":{\"customer_id\":\"0\",\"customer_group_id\":\"1\",\"firstname\":\"dfgdf\",\"lastname\":\"gfdgdf\",\"email\":\"dnsxss@gmail.com\",\"telephone\":\"dfgdf\",\"custom_field\":[]},\"payment_address\":{\"firstname\":\"dfgdf\",\"lastname\":\"gfdgdf\",\"company\":\"\",\"address_1\":\"dfgdfgdf\",\"address_2\":\"\",\"postcode\":\"456546\",\"city\":\"fdgdfgdf\",\"zone_id\":\"123\",\"zone\":\"Canillo\",\"zone_code\":\"CAN\",\"country_id\":\"5\",\"country\":\"Andorra\",\"iso_code_2\":\"AD\",\"iso_code_3\":\"AND\",\"address_format\":\"\",\"custom_field\":[]},\"payment_methods\":{\"bank_transfer\":{\"code\":\"bank_transfer\",\"title\":\"\\u0411\\u0430\\u043d\\u043a\\u043e\\u0432\\u0441\\u043a\\u0438\\u0439 \\u043f\\u0435\\u0440\\u0435\\u0432\\u043e\\u0434\",\"terms\":\"\",\"sort_order\":\"\"},\"cod\":{\"code\":\"cod\",\"title\":\"\\u041e\\u043f\\u043b\\u0430\\u0442\\u0430 \\u043f\\u0440\\u0438 \\u0434\\u043e\\u0441\\u0442\\u0430\\u0432\\u043a\\u0435\",\"terms\":\"\",\"sort_order\":\"5\"}},\"shipping_address\":{\"firstname\":\"dfgdf\",\"lastname\":\"gfdgdf\",\"company\":\"\",\"address_1\":\"dfgdfgdf\",\"address_2\":\"\",\"postcode\":\"456546\",\"city\":\"fdgdfgdf\",\"zone_id\":\"123\",\"zone\":\"Canillo\",\"zone_code\":\"CAN\",\"country_id\":\"5\",\"country\":\"Andorra\",\"iso_code_2\":\"AD\",\"iso_code_3\":\"AND\",\"address_format\":\"\",\"custom_field\":[]},\"shipping_methods\":{\"pickup\":{\"title\":\"\\u0421\\u0430\\u043c\\u043e\\u0432\\u044b\\u0432\\u043e\\u0437\",\"quote\":{\"pickup\":{\"code\":\"pickup.pickup\",\"title\":\"\\u0421\\u0430\\u043c\\u043e\\u0432\\u044b\\u0432\\u043e\\u0437 \\u0438\\u0437 \\u043c\\u0430\\u0433\\u0430\\u0437\\u0438\\u043d\\u0430\",\"cost\":0,\"tax_class_id\":0,\"text\":\"0\"}},\"sort_order\":\"\",\"error\":false},\"flat\":{\"title\":\"\\u0424\\u0438\\u043a\\u0441\\u0438\\u0440\\u043e\\u0432\\u0430\\u043d\\u043d\\u0430\\u044f \\u0441\\u0442\\u043e\\u0438\\u043c\\u043e\\u0441\\u0442\\u044c \\u0434\\u043e\\u0441\\u0442\\u0430\\u0432\\u043a\\u0438\",\"quote\":{\"flat\":{\"code\":\"flat.flat\",\"title\":\"\\u0414\\u043e\\u0441\\u0442\\u0430\\u0432\\u043a\\u0430 \\u0441 \\u0444\\u0438\\u043a\\u0441\\u0438\\u0440\\u043e\\u0432\\u0430\\u043d\\u043d\\u043e\\u0439 \\u0441\\u0442\\u043e\\u0438\\u043c\\u043e\\u0441\\u0442\\u044c\\u044e\",\"cost\":\"20\",\"tax_class_id\":\"0\",\"text\":\"20\"}},\"sort_order\":\"1\",\"error\":false}},\"payment_method\":{\"code\":\"cod\",\"title\":\"\\u041e\\u043f\\u043b\\u0430\\u0442\\u0430 \\u043f\\u0440\\u0438 \\u0434\\u043e\\u0441\\u0442\\u0430\\u0432\\u043a\\u0435\",\"terms\":\"\",\"sort_order\":\"5\"},\"shipping_method\":{\"code\":\"flat.flat\",\"title\":\"\\u0414\\u043e\\u0441\\u0442\\u0430\\u0432\\u043a\\u0430 \\u0441 \\u0444\\u0438\\u043a\\u0441\\u0438\\u0440\\u043e\\u0432\\u0430\\u043d\\u043d\\u043e\\u0439 \\u0441\\u0442\\u043e\\u0438\\u043c\\u043e\\u0441\\u0442\\u044c\\u044e\",\"cost\":\"20\",\"tax_class_id\":\"0\",\"text\":\"20\"}}', '2019-03-01 12:03:12');
	INSERT INTO `session` VALUES ('76faf4b6a783a745ab5f34d190', '{\"api_id\":\"1\"}', '2019-02-28 09:26:32');
	INSERT INTO `session` VALUES ('7a29c182ecde9144eb2515908c', '{\"api_id\":\"1\"}', '2019-02-28 09:26:00');
	INSERT INTO `session` VALUES ('7b542e2736c44140e9f58bcb4d', '{\"api_id\":\"1\"}', '2019-02-25 08:45:43');
	INSERT INTO `session` VALUES ('7c69a8577743630f89af690888', '{\"api_id\":\"1\"}', '2019-02-25 08:46:07');
	INSERT INTO `session` VALUES ('8d7fbb29f0a41e1d46ee561f23', '{\"api_id\":\"1\"}', '2019-03-05 09:54:38');
	INSERT INTO `session` VALUES ('98cd0c0f7b73d2b0cec8c5270c', '{\"language\":\"ru-ru\",\"currency\":\"BYN\"}', '2019-02-27 14:53:04');
	INSERT INTO `session` VALUES ('9910c0cd04cc92b4723276be20', '{\"api_id\":\"1\"}', '2019-02-28 09:26:31');
	INSERT INTO `session` VALUES ('9a1770880954bcc45d2640dc13', '{\"api_id\":\"1\"}', '2019-02-25 08:41:52');
	INSERT INTO `session` VALUES ('9ab676d987b06fa83b95cf952e', '{\"api_id\":\"1\"}', '2019-03-05 09:53:51');
	INSERT INTO `session` VALUES ('9f79ed829ea32a395547986f23', '{\"api_id\":\"1\"}', '2019-02-28 09:26:27');
	INSERT INTO `session` VALUES ('a0b1bc4ffe487c6a4a008eca44', '{\"api_id\":\"1\"}', '2019-02-25 08:41:49');
	INSERT INTO `session` VALUES ('a149b5950031cd1e2c61c8ef60', '{\"api_id\":\"1\"}', '2019-03-05 10:03:51');
	INSERT INTO `session` VALUES ('a5702d5dab5e03dd7995435f6b', '{\"api_id\":\"1\"}', '2019-02-21 14:47:33');
	INSERT INTO `session` VALUES ('a84355aa8f4701a6212bd87546', '{\"api_id\":\"1\"}', '2019-02-28 09:26:32');
	INSERT INTO `session` VALUES ('b117e128e9acf2b0df269df712', '{\"language\":\"ru-ru\",\"currency\":\"BYN\"}', '2019-02-27 14:12:10');
	INSERT INTO `session` VALUES ('b3069e926ac693f230cfd98a46', '{\"api_id\":\"1\"}', '2019-02-15 09:35:19');
	INSERT INTO `session` VALUES ('b3b7890d7cfe6a7994e634d661', '{\"api_id\":\"1\"}', '2019-03-05 09:53:46');
	INSERT INTO `session` VALUES ('b6740405ea0be8cf9471b812e8', '{\"api_id\":\"1\"}', '2019-02-19 11:53:56');
	INSERT INTO `session` VALUES ('b9cbf2454be143a542c603a7b5', '{\"api_id\":\"1\"}', '2019-02-28 09:25:48');
	INSERT INTO `session` VALUES ('bbb6f8f438076eb951e30c8b4d', '{\"api_id\":\"1\"}', '2019-03-01 12:02:26');
	INSERT INTO `session` VALUES ('bc4eaf3079de6d442e686f6d62', '{\"api_id\":\"1\"}', '2019-03-01 12:03:18');
	INSERT INTO `session` VALUES ('bdcf3f9eee57ac1135a01aaf00', '{\"api_id\":\"1\"}', '2019-03-05 09:53:43');
	INSERT INTO `session` VALUES ('bed153a2d1b5e1b3e5f63841ec', '{\"api_id\":\"1\"}', '2019-02-25 08:48:13');
	INSERT INTO `session` VALUES ('c33c0d9fac2cec216ba2f6c86d', '{\"api_id\":\"1\"}', '2019-03-05 09:54:08');
	INSERT INTO `session` VALUES ('c3ae26e069ae68312640af6fdb', '{\"api_id\":\"1\"}', '2019-03-01 10:18:06');
	INSERT INTO `session` VALUES ('c4edbfecdc522af4ab647c456b', '{\"api_id\":\"1\",\"language\":\"ru-ru\",\"currency\":\"RUB\"}', '2019-02-28 09:26:49');
	INSERT INTO `session` VALUES ('c5e0a8913691eca15794238092', '{\"api_id\":\"1\"}', '2019-02-25 08:46:03');
	INSERT INTO `session` VALUES ('c6c13acd7364d1d5cc725822f0', '{\"api_id\":\"1\"}', '2019-02-25 08:43:00');
	INSERT INTO `session` VALUES ('c7fd62d2f53d77da9dc7308086', '{\"api_id\":\"1\"}', '2019-02-28 09:25:42');
	INSERT INTO `session` VALUES ('d78a301f2fb13f38912a446a36', '{\"api_id\":\"1\"}', '2019-03-01 09:54:30');
	INSERT INTO `session` VALUES ('d7b7a4d9295406a7b940ae3ab0', '{\"language\":\"ru-ru\",\"currency\":\"BYN\"}', '2019-02-27 14:51:42');
	INSERT INTO `session` VALUES ('d996b3f3e0a3deed6f146f66aa', '{\"language\":\"ru-ru\",\"currency\":\"USD\",\"path\":\"59\",\"user_id\":\"1\",\"user_token\":\"kgoQ5ICppFXPm5QnnBnU9Up21lb8YM4P\",\"install\":\"YVgXJOke1w\",\"account\":\"guest\",\"last_order_id\":19,\"guest\":{\"firstname\":\"Andrei\",\"lastname\":\"Mireichyk\",\"email\":\"dnsxss@gmail.com\",\"telephone\":\"asdasdas\",\"shipping_address\":true,\"create_account\":false,\"customer_group_id\":\"1\"},\"payment_address\":{\"firstname\":\"Andrei\",\"lastname\":\"Mireichyk\",\"company\":\"\",\"address_1\":\"\",\"address_2\":\"\",\"postcode\":\"\",\"city\":\"\",\"country_id\":\"20\",\"zone_id\":\"339\",\"custom_field\":[]},\"shipping_address\":{\"country\":\"\\u0411\\u0435\\u043b\\u043e\\u0440\\u0443\\u0441\\u0441\\u0438\\u044f (\\u0411\\u0435\\u043b\\u0430\\u0440\\u0443\\u0441\\u044c)\",\"iso_code_2\":\"BY\",\"iso_code_3\":\"BLR\",\"address_format\":\"\",\"zone\":\"\\u041c\\u0438\\u043d\\u0441\\u043a\",\"zone_code\":\"HM\",\"firstname\":\"\",\"lastname\":\"\",\"company\":\"\",\"address_1\":\"\",\"address_2\":\"\",\"postcode\":\"\",\"city\":\"\",\"country_id\":\"20\",\"zone_id\":\"339\"},\"delivery_date\":\"\",\"delivery_time\":\"\",\"shipping_methods\":{\"pickup\":{\"title\":\"\\u0421\\u0430\\u043c\\u043e\\u0432\\u044b\\u0432\\u043e\\u0437\",\"quote\":{\"pickup\":{\"code\":\"pickup.pickup\",\"title\":\"\\u0421\\u0430\\u043c\\u043e\\u0432\\u044b\\u0432\\u043e\\u0437\",\"cost\":0,\"tax_class_id\":0,\"text\":\"$0\"}},\"sort_order\":\"1\",\"error\":false},\"flat\":{\"title\":\"\\u0424\\u0438\\u043a\\u0441\\u0438\\u0440\\u043e\\u0432\\u0430\\u043d\\u043d\\u0430\\u044f \\u0441\\u0442\\u043e\\u0438\\u043c\\u043e\\u0441\\u0442\\u044c \\u0434\\u043e\\u0441\\u0442\\u0430\\u0432\\u043a\\u0438\",\"quote\":{\"flat\":{\"code\":\"flat.flat\",\"title\":\"\\u0414\\u043e\\u0441\\u0442\\u0430\\u0432\\u043a\\u0430\",\"cost\":\"20\",\"tax_class_id\":\"0\",\"text\":\"$20\"}},\"sort_order\":\"1\",\"error\":false}},\"shipping_method\":{\"code\":\"pickup.pickup\",\"title\":\"\\u0421\\u0430\\u043c\\u043e\\u0432\\u044b\\u0432\\u043e\\u0437\",\"cost\":0,\"tax_class_id\":0,\"text\":\"$0\"}}', '2019-03-05 15:16:57');
	INSERT INTO `session` VALUES ('da678c748d362ff36939a65d45', '{\"api_id\":\"1\"}', '2019-02-25 08:44:25');
	INSERT INTO `session` VALUES ('da9ea179d502e7b05d687b21da', '{\"api_id\":\"1\",\"language\":\"ru-ru\",\"currency\":\"RUB\",\"customer\":{\"customer_id\":\"0\",\"customer_group_id\":\"1\",\"firstname\":\"dfgdf\",\"lastname\":\"gfdgdf\",\"email\":\"dnsxss@gmail.com\",\"telephone\":\"dfgdf\",\"custom_field\":[]}}', '2019-02-28 09:25:57');
	INSERT INTO `session` VALUES ('e4e67e4705c7ca6bf343f92284', '{\"api_id\":\"1\",\"language\":\"ru-ru\",\"currency\":\"RUB\"}', '2019-02-28 09:26:23');
	INSERT INTO `session` VALUES ('e562437ab1ca2028446476434b', '{\"api_id\":\"1\"}', '2019-02-25 08:46:04');
	INSERT INTO `session` VALUES ('e64378720bb882dafb37a4b098', '{\"api_id\":\"1\"}', '2019-03-05 09:54:11');
	INSERT INTO `session` VALUES ('e9296b59c82760f43687a9446d', '{\"language\":\"ru-ru\",\"currency\":\"BYN\"}', '2019-02-28 13:03:12');
	INSERT INTO `session` VALUES ('eab276d5e263a985293534bc22', '{\"language\":\"ru-ru\",\"currency\":\"BYN\"}', '2019-02-27 14:53:58');
	INSERT INTO `session` VALUES ('ebb5c0dd37dd1fffc226b99bc7', '{\"api_id\":\"1\"}', '2019-03-01 12:02:29');
	INSERT INTO `session` VALUES ('ee083462ef885537d25cc1b7e6', '{\"api_id\":\"1\"}', '2019-02-28 09:25:44');
	INSERT INTO `session` VALUES ('f2cb2bd8104893219b87c6d498', '{\"api_id\":\"1\"}', '2019-03-01 09:54:18');
	INSERT INTO `session` VALUES ('f81fdce0520b4eaf899fbd3bb6', '{\"api_id\":\"1\"}', '2019-02-25 08:45:53');

	-- ----------------------------
	-- Table structure for setting
	-- ----------------------------
	DROP TABLE IF EXISTS `setting`;
	CREATE TABLE `setting`  (
	  `setting_id` int(11) NOT NULL AUTO_INCREMENT,
	  `store_id` int(11) NOT NULL DEFAULT 0,
	  `code` varchar(128) CHARACTER SET utf8 COLLATE utf8_general_ci NOT NULL,
	  `key` varchar(128) CHARACTER SET utf8 COLLATE utf8_general_ci NOT NULL,
	  `value` text CHARACTER SET utf8 COLLATE utf8_general_ci NOT NULL,
	  `serialized` tinyint(1) NOT NULL,
	  PRIMARY KEY (`setting_id`) USING BTREE
	) ENGINE = MyISAM AUTO_INCREMENT = 7810 CHARACTER SET = utf8 COLLATE = utf8_general_ci ROW_FORMAT = Dynamic;

	-- ----------------------------
	-- Records of setting
	-- ----------------------------
	INSERT INTO `setting` VALUES (1411, 0, 'module_d_ajax_search', 'module_d_ajax_search_status', '1', 0);
	INSERT INTO `setting` VALUES (7667, 0, 'payment_bank_transfer', 'payment_bank_transfer_sort_order', '', 0);
	INSERT INTO `setting` VALUES (7161, 0, 'payment_cod', 'payment_cod_sort_order', '1', 0);
	INSERT INTO `setting` VALUES (7160, 0, 'payment_cod', 'payment_cod_status', '1', 0);
	INSERT INTO `setting` VALUES (7157, 0, 'payment_cod', 'payment_cod_total', '', 0);
	INSERT INTO `setting` VALUES (7158, 0, 'payment_cod', 'payment_cod_order_status_id', '16', 0);
	INSERT INTO `setting` VALUES (7159, 0, 'payment_cod', 'payment_cod_geo_zone_id', '0', 0);
	INSERT INTO `setting` VALUES (1413, 0, 'd_ajax_search', 'd_ajax_search_setting', '{\"class\":\".search [name=live_search], #search [name=filter_name], #search [name=search_oc], #search_input\",\"max_symbols\":\"0\",\"extension\":{\"product_simple\":{\"sort_order\":\"0\",\"enabled\":\"1\",\"max_count\":\"7\",\"query\":{\"Name\":\"1\",\"Description\":\"1\",\"Model\":\"1\"}}},\"price\":\"1\",\"where_search\":\"1\",\"width\":\"372px\",\"max_results\":\"7\",\"block_result\":\"1\",\"image_width\":\"60\",\"image_height\":\"60\",\"all_result_status\":\"1\",\"all_result_count\":\"5\"}', 1);
	INSERT INTO `setting` VALUES (1412, 0, 'd_ajax_search', 'd_ajax_search_status', '1', 0);
	INSERT INTO `setting` VALUES (7666, 0, 'payment_bank_transfer', 'payment_bank_transfer_status', '1', 0);
	INSERT INTO `setting` VALUES (7665, 0, 'payment_bank_transfer', 'payment_bank_transfer_geo_zone_id', '0', 0);
	INSERT INTO `setting` VALUES (7664, 0, 'payment_bank_transfer', 'payment_bank_transfer_order_status_id', '16', 0);
	INSERT INTO `setting` VALUES (7163, 0, 'module_quickcheckout', 'module_quickcheckout_status', '1', 0);
	INSERT INTO `setting` VALUES (7663, 0, 'payment_bank_transfer', 'payment_bank_transfer_total', '', 0);
	INSERT INTO `setting` VALUES (7662, 0, 'payment_bank_transfer', 'payment_bank_transfer_bank1', 'авпвапва', 0);
	INSERT INTO `setting` VALUES (7590, 0, 'payment_free_checkout', 'payment_free_checkout_sort_order', '', 0);
	INSERT INTO `setting` VALUES (7809, 0, 'quickcheckout', 'quickcheckout_delivery_days_of_week', '', 0);
	INSERT INTO `setting` VALUES (6649, 0, 'config', 'config_valide_params', 'path\r\ntracking\r\nutm_source\r\nutm_campaign\r\nutm_medium\r\ntype\r\nsource\r\nblock\r\nposition\r\nkeyword\r\nyclid\r\ngclid\r\n', 0);
	INSERT INTO `setting` VALUES (6628, 0, 'config', 'config_maintenance', '0', 0);
	INSERT INTO `setting` VALUES (6629, 0, 'config', 'config_seo_url', '1', 0);
	INSERT INTO `setting` VALUES (6630, 0, 'config', 'config_robots', 'abot\r\ndbot\r\nebot\r\nhbot\r\nkbot\r\nlbot\r\nmbot\r\nnbot\r\nobot\r\npbot\r\nrbot\r\nsbot\r\ntbot\r\nvbot\r\nybot\r\nzbot\r\nbot.\r\nbot/\r\n_bot\r\n.bot\r\n/bot\r\n-bot\r\n:bot\r\n(bot\r\ncrawl\r\nslurp\r\nspider\r\nseek\r\naccoona\r\nacoon\r\nadressendeutschland\r\nah-ha.com\r\nahoy\r\naltavista\r\nananzi\r\nanthill\r\nappie\r\narachnophilia\r\narale\r\naraneo\r\naranha\r\narchitext\r\naretha\r\narks\r\nasterias\r\natlocal\r\natn\r\natomz\r\naugurfind\r\nbackrub\r\nbannana_bot\r\nbaypup\r\nbdfetch\r\nbig brother\r\nbiglotron\r\nbjaaland\r\nblackwidow\r\nblaiz\r\nblog\r\nblo.\r\nbloodhound\r\nboitho\r\nbooch\r\nbradley\r\nbutterfly\r\ncalif\r\ncassandra\r\nccubee\r\ncfetch\r\ncharlotte\r\nchurl\r\ncienciaficcion\r\ncmc\r\ncollective\r\ncomagent\r\ncombine\r\ncomputingsite\r\ncsci\r\ncurl\r\ncusco\r\ndaumoa\r\ndeepindex\r\ndelorie\r\ndepspid\r\ndeweb\r\ndie blinde kuh\r\ndigger\r\nditto\r\ndmoz\r\ndocomo\r\ndownload express\r\ndtaagent\r\ndwcp\r\nebiness\r\nebingbong\r\ne-collector\r\nejupiter\r\nemacs-w3 search engine\r\nesther\r\nevliya celebi\r\nezresult\r\nfalcon\r\nfelix ide\r\nferret\r\nfetchrover\r\nfido\r\nfindlinks\r\nfireball\r\nfish search\r\nfouineur\r\nfunnelweb\r\ngazz\r\ngcreep\r\ngenieknows\r\ngetterroboplus\r\ngeturl\r\nglx\r\ngoforit\r\ngolem\r\ngrabber\r\ngrapnel\r\ngralon\r\ngriffon\r\ngromit\r\ngrub\r\ngulliver\r\nhamahakki\r\nharvest\r\nhavindex\r\nhelix\r\nheritrix\r\nhku www octopus\r\nhomerweb\r\nhtdig\r\nhtml index\r\nhtml_analyzer\r\nhtmlgobble\r\nhubater\r\nhyper-decontextualizer\r\nia_archiver\r\nibm_planetwide\r\nichiro\r\niconsurf\r\niltrovatore\r\nimage.kapsi.net\r\nimagelock\r\nincywincy\r\nindexer\r\ninfobee\r\ninformant\r\ningrid\r\ninktomisearch.com\r\ninspector web\r\nintelliagent\r\ninternet shinchakubin\r\nip3000\r\niron33\r\nisraeli-search\r\nivia\r\njack\r\njakarta\r\njavabee\r\njetbot\r\njumpstation\r\nkatipo\r\nkdd-explorer\r\nkilroy\r\nknowledge\r\nkototoi\r\nkretrieve\r\nlabelgrabber\r\nlachesis\r\nlarbin\r\nlegs\r\nlibwww\r\nlinkalarm\r\nlink validator\r\nlinkscan\r\nlockon\r\nlwp\r\nlycos\r\nmagpie\r\nmantraagent\r\nmapoftheinternet\r\nmarvin/\r\nmattie\r\nmediafox\r\nmediapartners\r\nmercator\r\nmerzscope\r\nmicrosoft url control\r\nminirank\r\nmiva\r\nmj12\r\nmnogosearch\r\nmoget\r\nmonster\r\nmoose\r\nmotor\r\nmultitext\r\nmuncher\r\nmuscatferret\r\nmwd.search\r\nmyweb\r\nnajdi\r\nnameprotect\r\nnationaldirectory\r\nnazilla\r\nncsa beta\r\nnec-meshexplorer\r\nnederland.zoek\r\nnetcarta webmap engine\r\nnetmechanic\r\nnetresearchserver\r\nnetscoop\r\nnewscan-online\r\nnhse\r\nnokia6682/\r\nnomad\r\nnoyona\r\nnutch\r\nnzexplorer\r\nobjectssearch\r\noccam\r\nomni\r\nopen text\r\nopenfind\r\nopenintelligencedata\r\norb search\r\nosis-project\r\npack rat\r\npageboy\r\npagebull\r\npage_verifier\r\npanscient\r\nparasite\r\npartnersite\r\npatric\r\npear.\r\npegasus\r\nperegrinator\r\npgp key agent\r\nphantom\r\nphpdig\r\npicosearch\r\npiltdownman\r\npimptrain\r\npinpoint\r\npioneer\r\npiranha\r\nplumtreewebaccessor\r\npogodak\r\npoirot\r\npompos\r\npoppelsdorf\r\npoppi\r\npopular iconoclast\r\npsycheclone\r\npublisher\r\npython\r\nrambler\r\nraven search\r\nroach\r\nroad runner\r\nroadhouse\r\nrobbie\r\nrobofox\r\nrobozilla\r\nrules\r\nsalty\r\nsbider\r\nscooter\r\nscoutjet\r\nscrubby\r\nsearch.\r\nsearchprocess\r\nsemanticdiscovery\r\nsenrigan\r\nsg-scout\r\nshai\'hulud\r\nshark\r\nshopwiki\r\nsidewinder\r\nsift\r\nsilk\r\nsimmany\r\nsite searcher\r\nsite valet\r\nsitetech-rover\r\nskymob.com\r\nsleek\r\nsmartwit\r\nsna-\r\nsnappy\r\nsnooper\r\nsohu\r\nspeedfind\r\nsphere\r\nsphider\r\nspinner\r\nspyder\r\nsteeler/\r\nsuke\r\nsuntek\r\nsupersnooper\r\nsurfnomore\r\nsven\r\nsygol\r\nszukacz\r\ntach black widow\r\ntarantula\r\ntempleton\r\n/teoma\r\nt-h-u-n-d-e-r-s-t-o-n-e\r\ntheophrastus\r\ntitan\r\ntitin\r\ntkwww\r\ntoutatis\r\nt-rex\r\ntutorgig\r\ntwiceler\r\ntwisted\r\nucsd\r\nudmsearch\r\nurl check\r\nupdated\r\nvagabondo\r\nvalkyrie\r\nverticrawl\r\nvictoria\r\nvision-search\r\nvolcano\r\nvoyager/\r\nvoyager-hc\r\nw3c_validator\r\nw3m2\r\nw3mir\r\nwalker\r\nwallpaper\r\nwanderer\r\nwauuu\r\nwavefire\r\nweb core\r\nweb hopper\r\nweb wombat\r\nwebbandit\r\nwebcatcher\r\nwebcopy\r\nwebfoot\r\nweblayers\r\nweblinker\r\nweblog monitor\r\nwebmirror\r\nwebmonkey\r\nwebquest\r\nwebreaper\r\nwebsitepulse\r\nwebsnarf\r\nwebstolperer\r\nwebvac\r\nwebwalk\r\nwebwatch\r\nwebwombat\r\nwebzinger\r\nwhizbang\r\nwhowhere\r\nwild ferret\r\nworldlight\r\nwwwc\r\nwwwster\r\nxenu\r\nxget\r\nxift\r\nxirq\r\nyandex\r\nyanga\r\nyeti\r\nyodao\r\nzao\r\nzippp\r\nzyborg', 0);
	INSERT INTO `setting` VALUES (6648, 0, 'config', 'config_valide_param_flag', '0', 0);
	INSERT INTO `setting` VALUES (4, 0, 'voucher', 'total_voucher_sort_order', '8', 0);
	INSERT INTO `setting` VALUES (5, 0, 'voucher', 'total_voucher_status', '1', 0);
	INSERT INTO `setting` VALUES (7589, 0, 'payment_free_checkout', 'payment_free_checkout_status', '1', 0);
	INSERT INTO `setting` VALUES (6647, 0, 'config', 'config_page_postfix', '', 0);
	INSERT INTO `setting` VALUES (6646, 0, 'config', 'config_seopro_lowercase', '1', 0);
	INSERT INTO `setting` VALUES (6645, 0, 'config', 'config_seopro_addslash', '0', 0);
	INSERT INTO `setting` VALUES (6639, 0, 'config', 'config_error_display', '1', 0);
	INSERT INTO `setting` VALUES (6640, 0, 'config', 'config_error_log', '1', 0);
	INSERT INTO `setting` VALUES (6641, 0, 'config', 'config_error_filename', 'error.log', 0);
	INSERT INTO `setting` VALUES (6642, 0, 'config', 'config_seo_pro', '1', 0);
	INSERT INTO `setting` VALUES (6643, 0, 'config', 'config_seo_url_include_path', '1', 0);
	INSERT INTO `setting` VALUES (6644, 0, 'config', 'config_seo_url_cache', '0', 0);
	INSERT INTO `setting` VALUES (6631, 0, 'config', 'config_compression', '0', 0);
	INSERT INTO `setting` VALUES (6632, 0, 'config', 'config_secure', '0', 0);
	INSERT INTO `setting` VALUES (6633, 0, 'config', 'config_password', '1', 0);
	INSERT INTO `setting` VALUES (6634, 0, 'config', 'config_shared', '0', 0);
	INSERT INTO `setting` VALUES (6635, 0, 'config', 'config_encryption', '3LE2liZDZKzkPoENYPGG0akP7VCNro7dimUC63uOiHDUBxd2WfMby3Ge4MljyAcgTd7JuXT1WHam4lsVvBrqtLjfb11sB70CnrJKPBYOo23pt1oGFuZKs1aiO1Nra3c7R03ZJ1kgKcIO5yj9LD0tpCMFuCqhukmrrKZIaiHjBt6IxHWb7cxG9hcIFOwUhVQMmLcPGrvNTMLVYDVMTA0p6qCtwYoeqYtWFgt1BfiVvjg4Kf9i6eJ6h9JtKTXUSED9SgHtzr6o1GL5Rcd66eGzk28uZCVY8gFilgTEGwYXVX2VsgnHsuIX6dVKVbkLys0eWnDVh10v0MfnMCROU2ElzoLXATWsco9djvPM9vFWmwfHiBS8kxni8AvaDDUCyWpf9JuyX4WcrQD4xNNaogikE8cLF8Kr9QYxoxjeAeXVfBU3sjCb5HW6NQK0i68UX2MDfLGgriXR11dvCzc9F21xIeR9Y5bEhx7lEOpLX7dpPw7lmGP2KMgl4o9LPwc2bjbVcUiHw7u5ZSCjDBlf9BiYOtiSCheXfVI6v0S9Ctnj4VjIMNvrEBtpT7LgEuerTZZPRP68vxVoW6ikrTQFeR5TbMi61fai7uGppXwO2LYh62X8qftPvJm03wwviUeRuxoYmGlCTrzmMLZ5lb46Q1A3LgqDhgfnC5nBXi5WKAFNxUiF0TDLdeEyC0n94ot7zCX2qWPbc5kfKTe8H7YbM3Ko5owTcSWyt5DupEEzUcpeOpvPOt9pYfKqB31GKMtfg6Imollq0Tbz6blOiC6GmubbMniWeFplRtcHlSLX6EBm7wGbp0DoYvuoGxe6Jl8ttnMzFiAUlSPu0kgFyqpNh0LNGwxon1s6zNkSc3t1lTPJNxde4IE8HKNf9cPjwKA4TzDo6WG6Nb9KAZn0j2pDQp9cHruntcD67uMS9xxyqBNfh403tTwbCSNnWPpIZcnDdTvpwSwvyxMSyJ2x4kXOp3uaNC43ULlxaRPNV6vt8dnwCvxdrxwe4WXg5PqDAXBmBazs', 0);
	INSERT INTO `setting` VALUES (6636, 0, 'config', 'config_file_max_size', '300000', 0);
	INSERT INTO `setting` VALUES (6637, 0, 'config', 'config_file_ext_allowed', 'zip\r\ntxt\r\npng\r\njpe\r\njpeg\r\njpg\r\ngif\r\nbmp\r\nico\r\ntiff\r\ntif\r\nsvg\r\nsvgz\r\nzip\r\nrar\r\nmsi\r\ncab\r\nmp3\r\nqt\r\nmov\r\npdf\r\npsd\r\nai\r\neps\r\nps\r\ndoc', 0);
	INSERT INTO `setting` VALUES (6638, 0, 'config', 'config_file_mime_allowed', 'text/plain\r\nimage/png\r\nimage/jpeg\r\nimage/gif\r\nimage/bmp\r\nimage/tiff\r\nimage/svg+xml\r\napplication/zip\r\n&quot;application/zip&quot;\r\napplication/x-zip\r\n&quot;application/x-zip&quot;\r\napplication/x-zip-compressed\r\n&quot;application/x-zip-compressed&quot;\r\napplication/rar\r\n&quot;application/rar&quot;\r\napplication/x-rar\r\n&quot;application/x-rar&quot;\r\napplication/x-rar-compressed\r\n&quot;application/x-rar-compressed&quot;\r\napplication/octet-stream\r\n&quot;application/octet-stream&quot;\r\naudio/mpeg\r\nvideo/quicktime\r\napplication/pdf', 0);
	INSERT INTO `setting` VALUES (7588, 0, 'shipping_flat', 'shipping_flat_sort_order', '1', 0);
	INSERT INTO `setting` VALUES (7587, 0, 'shipping_flat', 'shipping_flat_status', '1', 0);
	INSERT INTO `setting` VALUES (7586, 0, 'shipping_flat', 'shipping_flat_geo_zone_id', '0', 0);
	INSERT INTO `setting` VALUES (7585, 0, 'shipping_flat', 'shipping_flat_tax_class_id', '0', 0);
	INSERT INTO `setting` VALUES (7584, 0, 'shipping_flat', 'shipping_flat_cost', '20', 0);
	INSERT INTO `setting` VALUES (108, 0, 'total_shipping', 'total_shipping_sort_order', '3', 0);
	INSERT INTO `setting` VALUES (109, 0, 'total_sub_total', 'sub_total_sort_order', '1', 0);
	INSERT INTO `setting` VALUES (110, 0, 'total_sub_total', 'total_sub_total_status', '1', 0);
	INSERT INTO `setting` VALUES (112, 0, 'total_total', 'total_total_sort_order', '9', 0);
	INSERT INTO `setting` VALUES (113, 0, 'total_total', 'total_total_status', '1', 0);
	INSERT INTO `setting` VALUES (7583, 0, 'shipping_pickup', 'shipping_pickup_sort_order', '1', 0);
	INSERT INTO `setting` VALUES (7808, 0, 'quickcheckout', 'quickcheckout_delivery_max_hour', '17', 0);
	INSERT INTO `setting` VALUES (7807, 0, 'quickcheckout', 'quickcheckout_delivery_min_hour', '09', 0);
	INSERT INTO `setting` VALUES (119, 0, 'total_shipping', 'total_shipping_status', '1', 0);
	INSERT INTO `setting` VALUES (120, 0, 'total_shipping', 'total_shipping_estimator', '1', 0);
	INSERT INTO `setting` VALUES (123, 0, 'module_category', 'module_category_status', '1', 0);
	INSERT INTO `setting` VALUES (4062, 0, 'module_account', 'module_account_status', '0', 0);
	INSERT INTO `setting` VALUES (125, 0, 'theme_default', 'theme_default_product_limit', '15', 0);
	INSERT INTO `setting` VALUES (126, 0, 'theme_default', 'theme_default_product_description_length', '100', 0);
	INSERT INTO `setting` VALUES (127, 0, 'theme_default', 'theme_default_image_thumb_width', '228', 0);
	INSERT INTO `setting` VALUES (128, 0, 'theme_default', 'theme_default_image_thumb_height', '228', 0);
	INSERT INTO `setting` VALUES (129, 0, 'theme_default', 'theme_default_image_popup_width', '500', 0);
	INSERT INTO `setting` VALUES (130, 0, 'theme_default', 'theme_default_image_popup_height', '500', 0);
	INSERT INTO `setting` VALUES (131, 0, 'theme_default', 'theme_default_image_category_width', '80', 0);
	INSERT INTO `setting` VALUES (132, 0, 'theme_default', 'theme_default_image_category_height', '80', 0);
	INSERT INTO `setting` VALUES (133, 0, 'theme_default', 'theme_default_image_manufacturer_width', '80', 0);
	INSERT INTO `setting` VALUES (134, 0, 'theme_default', 'theme_default_image_manufacturer_height', '80', 0);
	INSERT INTO `setting` VALUES (135, 0, 'theme_default', 'theme_default_image_product_width', '228', 0);
	INSERT INTO `setting` VALUES (136, 0, 'theme_default', 'theme_default_image_product_height', '228', 0);
	INSERT INTO `setting` VALUES (137, 0, 'theme_default', 'theme_default_image_additional_width', '74', 0);
	INSERT INTO `setting` VALUES (138, 0, 'theme_default', 'theme_default_image_additional_height', '74', 0);
	INSERT INTO `setting` VALUES (139, 0, 'theme_default', 'theme_default_image_related_width', '200', 0);
	INSERT INTO `setting` VALUES (140, 0, 'theme_default', 'theme_default_image_related_height', '200', 0);
	INSERT INTO `setting` VALUES (141, 0, 'theme_default', 'theme_default_image_compare_width', '90', 0);
	INSERT INTO `setting` VALUES (142, 0, 'theme_default', 'theme_default_image_compare_height', '90', 0);
	INSERT INTO `setting` VALUES (143, 0, 'theme_default', 'theme_default_image_wishlist_width', '47', 0);
	INSERT INTO `setting` VALUES (144, 0, 'theme_default', 'theme_default_image_wishlist_height', '47', 0);
	INSERT INTO `setting` VALUES (145, 0, 'theme_default', 'theme_default_image_cart_height', '47', 0);
	INSERT INTO `setting` VALUES (146, 0, 'theme_default', 'theme_default_image_cart_width', '47', 0);
	INSERT INTO `setting` VALUES (147, 0, 'theme_default', 'theme_default_image_location_height', '50', 0);
	INSERT INTO `setting` VALUES (148, 0, 'theme_default', 'theme_default_image_location_width', '268', 0);
	INSERT INTO `setting` VALUES (149, 0, 'theme_default', 'theme_default_directory', 'default', 0);
	INSERT INTO `setting` VALUES (150, 0, 'theme_default', 'theme_default_status', '1', 0);
	INSERT INTO `setting` VALUES (151, 0, 'dashboard_activity', 'dashboard_activity_status', '1', 0);
	INSERT INTO `setting` VALUES (152, 0, 'dashboard_activity', 'dashboard_activity_sort_order', '7', 0);
	INSERT INTO `setting` VALUES (153, 0, 'dashboard_sale', 'dashboard_sale_status', '1', 0);
	INSERT INTO `setting` VALUES (154, 0, 'dashboard_sale', 'dashboard_sale_width', '3', 0);
	INSERT INTO `setting` VALUES (155, 0, 'dashboard_chart', 'dashboard_chart_status', '1', 0);
	INSERT INTO `setting` VALUES (156, 0, 'dashboard_chart', 'dashboard_chart_width', '6', 0);
	INSERT INTO `setting` VALUES (157, 0, 'dashboard_customer', 'dashboard_customer_status', '1', 0);
	INSERT INTO `setting` VALUES (158, 0, 'dashboard_customer', 'dashboard_customer_width', '3', 0);
	INSERT INTO `setting` VALUES (159, 0, 'dashboard_map', 'dashboard_map_status', '1', 0);
	INSERT INTO `setting` VALUES (160, 0, 'dashboard_map', 'dashboard_map_width', '6', 0);
	INSERT INTO `setting` VALUES (161, 0, 'dashboard_online', 'dashboard_online_status', '1', 0);
	INSERT INTO `setting` VALUES (162, 0, 'dashboard_online', 'dashboard_online_width', '3', 0);
	INSERT INTO `setting` VALUES (163, 0, 'dashboard_order', 'dashboard_order_sort_order', '1', 0);
	INSERT INTO `setting` VALUES (164, 0, 'dashboard_order', 'dashboard_order_status', '1', 0);
	INSERT INTO `setting` VALUES (165, 0, 'dashboard_order', 'dashboard_order_width', '3', 0);
	INSERT INTO `setting` VALUES (166, 0, 'dashboard_sale', 'dashboard_sale_sort_order', '2', 0);
	INSERT INTO `setting` VALUES (167, 0, 'dashboard_customer', 'dashboard_customer_sort_order', '3', 0);
	INSERT INTO `setting` VALUES (168, 0, 'dashboard_online', 'dashboard_online_sort_order', '4', 0);
	INSERT INTO `setting` VALUES (169, 0, 'dashboard_map', 'dashboard_map_sort_order', '5', 0);
	INSERT INTO `setting` VALUES (170, 0, 'dashboard_chart', 'dashboard_chart_sort_order', '6', 0);
	INSERT INTO `setting` VALUES (171, 0, 'dashboard_recent', 'dashboard_recent_status', '1', 0);
	INSERT INTO `setting` VALUES (172, 0, 'dashboard_recent', 'dashboard_recent_sort_order', '8', 0);
	INSERT INTO `setting` VALUES (173, 0, 'dashboard_activity', 'dashboard_activity_width', '4', 0);
	INSERT INTO `setting` VALUES (174, 0, 'dashboard_recent', 'dashboard_recent_width', '8', 0);
	INSERT INTO `setting` VALUES (175, 0, 'report_customer_activity', 'report_customer_activity_status', '1', 0);
	INSERT INTO `setting` VALUES (176, 0, 'report_customer_activity', 'report_customer_activity_sort_order', '1', 0);
	INSERT INTO `setting` VALUES (177, 0, 'report_customer_order', 'report_customer_order_status', '1', 0);
	INSERT INTO `setting` VALUES (178, 0, 'report_customer_order', 'report_customer_order_sort_order', '2', 0);
	INSERT INTO `setting` VALUES (179, 0, 'report_customer_reward', 'report_customer_reward_status', '1', 0);
	INSERT INTO `setting` VALUES (180, 0, 'report_customer_reward', 'report_customer_reward_sort_order', '3', 0);
	INSERT INTO `setting` VALUES (181, 0, 'report_customer_search', 'report_customer_search_sort_order', '3', 0);
	INSERT INTO `setting` VALUES (182, 0, 'report_customer_search', 'report_customer_search_status', '1', 0);
	INSERT INTO `setting` VALUES (183, 0, 'report_customer_transaction', 'report_customer_transaction_status', '1', 0);
	INSERT INTO `setting` VALUES (184, 0, 'report_customer_transaction', 'report_customer_transaction_status_sort_order', '4', 0);
	INSERT INTO `setting` VALUES (185, 0, 'report_sale_tax', 'report_sale_tax_status', '1', 0);
	INSERT INTO `setting` VALUES (186, 0, 'report_sale_tax', 'report_sale_tax_sort_order', '5', 0);
	INSERT INTO `setting` VALUES (187, 0, 'report_sale_shipping', 'report_sale_shipping_status', '1', 0);
	INSERT INTO `setting` VALUES (188, 0, 'report_sale_shipping', 'report_sale_shipping_sort_order', '6', 0);
	INSERT INTO `setting` VALUES (189, 0, 'report_sale_return', 'report_sale_return_status', '1', 0);
	INSERT INTO `setting` VALUES (190, 0, 'report_sale_return', 'report_sale_return_sort_order', '7', 0);
	INSERT INTO `setting` VALUES (191, 0, 'report_sale_order', 'report_sale_order_status', '1', 0);
	INSERT INTO `setting` VALUES (192, 0, 'report_sale_order', 'report_sale_order_sort_order', '8', 0);
	INSERT INTO `setting` VALUES (193, 0, 'report_sale_coupon', 'report_sale_coupon_status', '1', 0);
	INSERT INTO `setting` VALUES (194, 0, 'report_sale_coupon', 'report_sale_coupon_sort_order', '9', 0);
	INSERT INTO `setting` VALUES (195, 0, 'report_product_viewed', 'report_product_viewed_status', '1', 0);
	INSERT INTO `setting` VALUES (196, 0, 'report_product_viewed', 'report_product_viewed_sort_order', '10', 0);
	INSERT INTO `setting` VALUES (197, 0, 'report_product_purchased', 'report_product_purchased_status', '1', 0);
	INSERT INTO `setting` VALUES (198, 0, 'report_product_purchased', 'report_product_purchased_sort_order', '11', 0);
	INSERT INTO `setting` VALUES (199, 0, 'report_marketing', 'report_marketing_status', '1', 0);
	INSERT INTO `setting` VALUES (200, 0, 'report_marketing', 'report_marketing_sort_order', '12', 0);
	INSERT INTO `setting` VALUES (201, 0, 'developer', 'developer_theme', '1', 0);
	INSERT INTO `setting` VALUES (202, 0, 'developer', 'developer_sass', '1', 0);
	INSERT INTO `setting` VALUES (203, 0, 'configblog', 'configblog_name', 'Блог', 0);
	INSERT INTO `setting` VALUES (204, 0, 'configblog', 'configblog_html_h1', 'Блог для интернет магазина на OpenCart', 0);
	INSERT INTO `setting` VALUES (205, 0, 'configblog', 'configblog_meta_title', 'Блог для интернет магазина на OpenCart', 0);
	INSERT INTO `setting` VALUES (206, 0, 'configblog', 'configblog_meta_description', 'Блог для интернет магазина на OpenCart', 0);
	INSERT INTO `setting` VALUES (207, 0, 'configblog', 'configblog_meta_keyword', 'Блог для интернет магазина на OpenCart', 0);
	INSERT INTO `setting` VALUES (208, 0, 'configblog', 'configblog_article_count', '1', 0);
	INSERT INTO `setting` VALUES (209, 0, 'configblog', 'configblog_article_limit', '20', 0);
	INSERT INTO `setting` VALUES (210, 0, 'configblog', 'configblog_article_description_length', '200', 0);
	INSERT INTO `setting` VALUES (211, 0, 'configblog', 'configblog_limit_admin', '20', 0);
	INSERT INTO `setting` VALUES (212, 0, 'configblog', 'configblog_blog_menu', '1', 0);
	INSERT INTO `setting` VALUES (213, 0, 'configblog', 'configblog_article_download', '1', 0);
	INSERT INTO `setting` VALUES (214, 0, 'configblog', 'configblog_review_status', '1', 0);
	INSERT INTO `setting` VALUES (215, 0, 'configblog', 'configblog_review_guest', '1', 0);
	INSERT INTO `setting` VALUES (216, 0, 'configblog', 'configblog_review_mail', '1', 0);
	INSERT INTO `setting` VALUES (217, 0, 'configblog', 'configblog_image_category_width', '50', 0);
	INSERT INTO `setting` VALUES (218, 0, 'configblog', 'configblog_image_category_height', '50', 0);
	INSERT INTO `setting` VALUES (219, 0, 'configblog', 'configblog_image_article_width', '150', 0);
	INSERT INTO `setting` VALUES (220, 0, 'configblog', 'configblog_image_article_height', '150', 0);
	INSERT INTO `setting` VALUES (221, 0, 'configblog', 'configblog_image_related_width', '200', 0);
	INSERT INTO `setting` VALUES (222, 0, 'configblog', 'configblog_image_related_height', '200', 0);
	INSERT INTO `setting` VALUES (7803, 0, 'quickcheckout', 'quickcheckout_delivery_required', '0', 0);
	INSERT INTO `setting` VALUES (6627, 0, 'config', 'config_mail_alert_email', '', 0);
	INSERT INTO `setting` VALUES (6626, 0, 'config', 'config_mail_alert', '[\"order\"]', 1);
	INSERT INTO `setting` VALUES (6625, 0, 'config', 'config_mail_smtp_timeout', '5', 0);
	INSERT INTO `setting` VALUES (6624, 0, 'config', 'config_mail_smtp_port', '25', 0);
	INSERT INTO `setting` VALUES (6623, 0, 'config', 'config_mail_smtp_password', '', 0);
	INSERT INTO `setting` VALUES (6622, 0, 'config', 'config_mail_smtp_username', '', 0);
	INSERT INTO `setting` VALUES (6621, 0, 'config', 'config_mail_smtp_hostname', '', 0);
	INSERT INTO `setting` VALUES (6620, 0, 'config', 'config_mail_parameter', '', 0);
	INSERT INTO `setting` VALUES (6619, 0, 'config', 'config_mail_engine', 'mail', 0);
	INSERT INTO `setting` VALUES (6618, 0, 'config', 'config_icon', '', 0);
	INSERT INTO `setting` VALUES (6617, 0, 'config', 'config_logo', '', 0);
	INSERT INTO `setting` VALUES (6616, 0, 'config', 'config_captcha_page', '[\"review\",\"return\",\"contact\"]', 1);
	INSERT INTO `setting` VALUES (6615, 0, 'config', 'config_captcha', '', 0);
	INSERT INTO `setting` VALUES (6614, 0, 'config', 'config_return_status_id', '2', 0);
	INSERT INTO `setting` VALUES (6613, 0, 'config', 'config_return_id', '0', 0);
	INSERT INTO `setting` VALUES (6612, 0, 'config', 'config_affiliate_id', '4', 0);
	INSERT INTO `setting` VALUES (6611, 0, 'config', 'config_affiliate_commission', '5', 0);
	INSERT INTO `setting` VALUES (6610, 0, 'config', 'config_affiliate_auto', '0', 0);
	INSERT INTO `setting` VALUES (6609, 0, 'config', 'config_affiliate_approval', '0', 0);
	INSERT INTO `setting` VALUES (6608, 0, 'config', 'config_affiliate_group_id', '1', 0);
	INSERT INTO `setting` VALUES (6607, 0, 'config', 'config_stock_checkout', '0', 0);
	INSERT INTO `setting` VALUES (6606, 0, 'config', 'config_stock_warning', '0', 0);
	INSERT INTO `setting` VALUES (6605, 0, 'config', 'config_stock_display', '0', 0);
	INSERT INTO `setting` VALUES (6604, 0, 'config', 'config_api_id', '1', 0);
	INSERT INTO `setting` VALUES (6603, 0, 'config', 'config_fraud_status_id', '16', 0);
	INSERT INTO `setting` VALUES (6602, 0, 'config', 'config_complete_status', '[\"3\",\"5\"]', 1);
	INSERT INTO `setting` VALUES (6601, 0, 'config', 'config_processing_status', '[\"2\",\"3\",\"1\",\"12\",\"5\"]', 1);
	INSERT INTO `setting` VALUES (6600, 0, 'config', 'config_order_status_id', '1', 0);
	INSERT INTO `setting` VALUES (6599, 0, 'config', 'config_checkout_id', '5', 0);
	INSERT INTO `setting` VALUES (6598, 0, 'config', 'config_checkout_guest', '1', 0);
	INSERT INTO `setting` VALUES (6597, 0, 'config', 'config_cart_weight', '1', 0);
	INSERT INTO `setting` VALUES (6596, 0, 'config', 'config_invoice_prefix', 'INV-2019-00', 0);
	INSERT INTO `setting` VALUES (6595, 0, 'config', 'config_account_id', '3', 0);
	INSERT INTO `setting` VALUES (6594, 0, 'config', 'config_login_attempts', '5', 0);
	INSERT INTO `setting` VALUES (6593, 0, 'config', 'config_customer_price', '0', 0);
	INSERT INTO `setting` VALUES (6592, 0, 'config', 'config_customer_group_display', '[\"1\"]', 1);
	INSERT INTO `setting` VALUES (7806, 0, 'quickcheckout', 'quickcheckout_delivery_max', '30', 0);
	INSERT INTO `setting` VALUES (7805, 0, 'quickcheckout', 'quickcheckout_delivery_min', '1', 0);
	INSERT INTO `setting` VALUES (3872, 0, 'brainyfilter', 'brainyfilter_layout_36', '{\"module_id\":\"36\",\"current_adm_tab\":\"attr_values\",\"layout_id\":\"18\",\"layout_position\":\"column_left\",\"layout_sort_order\":\"0\",\"layout_enabled\":\"1\",\"behaviour\":{\"containerSelector\":\".products__list\",\"paginatorSelector\":\".products__pagination_wrap\",\"sort_order\":[]}}', 1);
	INSERT INTO `setting` VALUES (3873, 0, 'brainyfilter', 'brainyfilter_layout_basic', '{\"module_id\":\"basic\",\"current_adm_tab\":\"embedding\",\"behaviour\":{\"containerSelector\":\".products__list\",\"paginatorSelector\":\".products__pagination_wrap\",\"sections\":{\"manufacturer\":{\"enabled\":\"1\",\"collapsed\":\"0\",\"control\":\"checkbox\"},\"category\":{\"enabled\":\"1\",\"collapsed\":\"1\",\"control\":\"checkbox\"},\"stock_status\":{\"enabled\":\"1\",\"collapsed\":\"1\"},\"attribute\":{\"13\":{\"collapsed\":\"0\"},\"enabled\":\"1\",\"collapsed\":\"1\"},\"option\":{\"enabled\":\"1\",\"collapsed\":\"1\"},\"filter\":{\"enabled\":\"0\",\"collapsed\":\"0\"},\"rating\":{\"enabled\":\"0\",\"collapsed\":\"0\"},\"search\":{\"enabled\":\"0\",\"collapsed\":\"0\"},\"price\":{\"enabled\":\"1\",\"collapsed\":\"1\",\"control\":\"slider\"}},\"attribute_groups\":\"0\",\"product_count\":\"0\",\"hide_empty\":\"0\",\"limit_items\":{\"enabled\":\"0\",\"number_to_show\":\"4\",\"number_to_hide\":\"2\"},\"limit_height\":{\"enabled\":\"0\",\"height\":\"144\"},\"filter_name\":{\"1\":\"Brainy Filter\"},\"sort_order\":{\"manufacturer\":0,\"category\":1,\"stock_status\":2,\"attribute\":3,\"option\":4,\"filter\":5,\"rating\":6,\"search\":7,\"price\":8}},\"submission\":{\"submit_type\":\"delay\",\"submit_delay_time\":\"1000\",\"submit_button_type\":\"float\",\"hide_panel\":\"1\"},\"attributes_default\":{\"enable_all\":\"1\",\"control\":\"radio\"},\"attributes\":{\"13\":{\"enabled\":\"1\",\"control\":\"checkbox\"}},\"options_default\":{\"enable_all\":\"0\",\"control\":\"slider_lbl_inp\",\"mode\":\"label\"},\"filters_default\":{\"enable_all\":\"1\",\"control\":\"checkbox\"},\"style\":{\"responsive\":{\"enabled\":\"0\",\"collapsed\":\"1\",\"max_width\":\"300\",\"max_screen_width\":\"768\",\"position\":\"left\",\"offset\":\"80\"},\"block_header_background\":{\"val\":\"rgb(247, 247, 247)\"},\"block_header_text\":{\"val\":\"rgb(0, 0, 0)\"},\"product_quantity_background\":{\"val\":\"rgb(244, 98, 52)\"},\"product_quantity_text\":{\"val\":\"rgb(255, 255, 255)\"},\"price_slider_background\":{\"val\":\"rgb(238, 238, 238)\"},\"price_slider_area_background\":{\"val\":\"rgb(246, 168, 40)\"},\"price_slider_border\":{\"val\":\"rgb(221, 221, 221)\"},\"price_slider_handle_background\":{\"val\":\"rgb(246, 246, 246)\"},\"price_slider_handle_border\":{\"val\":\"rgb(204, 204, 204)\"},\"group_block_header_background\":{\"val\":\"rgb(206, 203, 203)\"},\"group_block_header_text\":{\"val\":\"rgb(0, 0, 0)\"},\"resp_show_btn_color\":{\"val\":\"rgb(25, 163, 223)\"},\"resp_reset_btn_color\":{\"val\":\"rgb(245, 56, 56)\"}},\"global\":{\"hide_out_of_stock\":\"1\",\"postponed_count\":\"1\",\"multiple_attributes\":\"0\",\"attribute_separator\":\",\",\"instock_status_id\":\"7\",\"subcategories_fix\":\"1\",\"cron_secret_key\":\"\"}}', 1);
	INSERT INTO `setting` VALUES (6591, 0, 'config', 'config_customer_group_id', '1', 0);
	INSERT INTO `setting` VALUES (6590, 0, 'config', 'config_customer_search', '0', 0);
	INSERT INTO `setting` VALUES (6589, 0, 'config', 'config_customer_activity', '0', 0);
	INSERT INTO `setting` VALUES (6588, 0, 'config', 'config_customer_online', '0', 0);
	INSERT INTO `setting` VALUES (6587, 0, 'config', 'config_tax_customer', 'shipping', 0);
	INSERT INTO `setting` VALUES (6586, 0, 'config', 'config_tax_default', 'shipping', 0);
	INSERT INTO `setting` VALUES (6585, 0, 'config', 'config_tax', '0', 0);
	INSERT INTO `setting` VALUES (6584, 0, 'config', 'config_voucher_max', '1000', 0);
	INSERT INTO `setting` VALUES (6583, 0, 'config', 'config_voucher_min', '1', 0);
	INSERT INTO `setting` VALUES (6582, 0, 'config', 'config_review_guest', '0', 0);
	INSERT INTO `setting` VALUES (6581, 0, 'config', 'config_review_status', '0', 0);
	INSERT INTO `setting` VALUES (6580, 0, 'config', 'config_limit_admin', '20', 0);
	INSERT INTO `setting` VALUES (6579, 0, 'config', 'config_product_count', '1', 0);
	INSERT INTO `setting` VALUES (6576, 0, 'config', 'config_currency_auto', '1', 0);
	INSERT INTO `setting` VALUES (6577, 0, 'config', 'config_length_class_id', '1', 0);
	INSERT INTO `setting` VALUES (6578, 0, 'config', 'config_weight_class_id', '1', 0);
	INSERT INTO `setting` VALUES (6575, 0, 'config', 'config_currency', 'BYN', 0);
	INSERT INTO `setting` VALUES (6574, 0, 'config', 'config_admin_language', 'ru-ru', 0);
	INSERT INTO `setting` VALUES (6573, 0, 'config', 'config_language', 'ru-ru', 0);
	INSERT INTO `setting` VALUES (6572, 0, 'config', 'config_zone_id', '339', 0);
	INSERT INTO `setting` VALUES (6571, 0, 'config', 'config_country_id', '20', 0);
	INSERT INTO `setting` VALUES (6570, 0, 'config', 'config_comment', '', 0);
	INSERT INTO `setting` VALUES (6569, 0, 'config', 'config_open', '', 0);
	INSERT INTO `setting` VALUES (6568, 0, 'config', 'config_image', '', 0);
	INSERT INTO `setting` VALUES (6567, 0, 'config', 'config_fax', '', 0);
	INSERT INTO `setting` VALUES (6566, 0, 'config', 'config_telephone', '+375(29)181-82-62;+375(29)181-82-62;+375(29)181-82-62;+375(29)181-82-62', 0);
	INSERT INTO `setting` VALUES (6565, 0, 'config', 'config_email', 'sale@bixbit.io', 0);
	INSERT INTO `setting` VALUES (6564, 0, 'config', 'config_geocode', '', 0);
	INSERT INTO `setting` VALUES (6563, 0, 'config', 'config_address', 'Адрес', 0);
	INSERT INTO `setting` VALUES (6562, 0, 'config', 'config_owner', 'BiXBiT Store', 0);
	INSERT INTO `setting` VALUES (6561, 0, 'config', 'config_name', 'BiXBiT Store', 0);
	INSERT INTO `setting` VALUES (6560, 0, 'config', 'config_layout_id', '4', 0);
	INSERT INTO `setting` VALUES (6559, 0, 'config', 'config_theme', 'default', 0);
	INSERT INTO `setting` VALUES (6558, 0, 'config', 'config_meta_keyword', 'Bixbit Store', 0);
	INSERT INTO `setting` VALUES (6557, 0, 'config', 'config_meta_description', 'Bixbit Store', 0);
	INSERT INTO `setting` VALUES (6556, 0, 'config', 'config_meta_title', 'Bixbit Store', 0);
	INSERT INTO `setting` VALUES (7804, 0, 'quickcheckout', 'quickcheckout_delivery_unavailable', '&quot;2017-10-31&quot;, &quot;2017-08-11&quot;, &quot;2017-12-25&quot;', 0);
	INSERT INTO `setting` VALUES (7801, 0, 'quickcheckout', 'quickcheckout_delivery', '0', 0);
	INSERT INTO `setting` VALUES (7802, 0, 'quickcheckout', 'quickcheckout_delivery_time', '0', 0);
	INSERT INTO `setting` VALUES (7799, 0, 'quickcheckout', 'quickcheckout_survey_text', '{\"1\":\"\"}', 1);
	INSERT INTO `setting` VALUES (7800, 0, 'quickcheckout', 'quickcheckout_survey_type', '0', 0);
	INSERT INTO `setting` VALUES (7797, 0, 'quickcheckout', 'quickcheckout_survey', '0', 0);
	INSERT INTO `setting` VALUES (7798, 0, 'quickcheckout', 'quickcheckout_survey_required', '0', 0);
	INSERT INTO `setting` VALUES (7795, 0, 'quickcheckout', 'quickcheckout_shipping_default', 'pickup', 0);
	INSERT INTO `setting` VALUES (7796, 0, 'quickcheckout', 'quickcheckout_shipping_logo', '{\"flat\":\"\",\"pickup\":\"\"}', 1);
	INSERT INTO `setting` VALUES (7794, 0, 'quickcheckout', 'quickcheckout_shipping', '1', 0);
	INSERT INTO `setting` VALUES (7793, 0, 'quickcheckout', 'quickcheckout_shipping_title_display', '0', 0);
	INSERT INTO `setting` VALUES (7792, 0, 'quickcheckout', 'quickcheckout_shipping_module', '1', 0);
	INSERT INTO `setting` VALUES (7791, 0, 'quickcheckout', 'quickcheckout_payment_logo', '{\"bank_transfer\":\"\",\"cod\":\"\",\"free_checkout\":\"\"}', 1);
	INSERT INTO `setting` VALUES (7790, 0, 'quickcheckout', 'quickcheckout_shipping_reload', '0', 0);
	INSERT INTO `setting` VALUES (7789, 0, 'quickcheckout', 'quickcheckout_payment_default', 'cod', 0);
	INSERT INTO `setting` VALUES (7788, 0, 'quickcheckout', 'quickcheckout_payment', '1', 0);
	INSERT INTO `setting` VALUES (7787, 0, 'quickcheckout', 'quickcheckout_payment_reload', '0', 0);
	INSERT INTO `setting` VALUES (7786, 0, 'quickcheckout', 'quickcheckout_payment_module', '1', 0);
	INSERT INTO `setting` VALUES (7781, 0, 'quickcheckout', 'quickcheckout_coupon', '0', 0);
	INSERT INTO `setting` VALUES (7782, 0, 'quickcheckout', 'quickcheckout_voucher', '0', 0);
	INSERT INTO `setting` VALUES (7783, 0, 'quickcheckout', 'quickcheckout_reward', '0', 0);
	INSERT INTO `setting` VALUES (7784, 0, 'quickcheckout', 'quickcheckout_html_header', '{\"1\":\"\"}', 1);
	INSERT INTO `setting` VALUES (7785, 0, 'quickcheckout', 'quickcheckout_html_footer', '{\"1\":\"\"}', 1);
	INSERT INTO `setting` VALUES (7775, 0, 'quickcheckout', 'quickcheckout_field_zone', '{\"display\":\"on\",\"default\":\"339\",\"sort_order\":\"13\"}', 1);
	INSERT INTO `setting` VALUES (7776, 0, 'quickcheckout', 'quickcheckout_field_newsletter', '{\"sort_order\":\"\"}', 1);
	INSERT INTO `setting` VALUES (7777, 0, 'quickcheckout', 'quickcheckout_field_register', '{\"sort_order\":\"\"}', 1);
	INSERT INTO `setting` VALUES (7778, 0, 'quickcheckout', 'quickcheckout_field_shipping', '{\"sort_order\":\"\"}', 1);
	INSERT INTO `setting` VALUES (7779, 0, 'quickcheckout', 'quickcheckout_field_rules', '{\"display\":\"on\",\"required\":\"on\",\"sort_order\":\"\"}', 1);
	INSERT INTO `setting` VALUES (7780, 0, 'quickcheckout', 'quickcheckout_field_comment', '{\"default\":{\"1\":\"\"},\"placeholder\":{\"1\":\"\"}}', 1);
	INSERT INTO `setting` VALUES (7774, 0, 'quickcheckout', 'quickcheckout_field_country', '{\"display\":\"on\",\"default\":\"20\",\"sort_order\":\"12\"}', 1);
	INSERT INTO `setting` VALUES (7773, 0, 'quickcheckout', 'quickcheckout_field_postcode', '{\"default\":{\"1\":\"\"},\"placeholder\":{\"1\":\"\"},\"sort_order\":\"11\"}', 1);
	INSERT INTO `setting` VALUES (7769, 0, 'quickcheckout', 'quickcheckout_field_customer_group', '{\"sort_order\":\"7\"}', 1);
	INSERT INTO `setting` VALUES (7770, 0, 'quickcheckout', 'quickcheckout_field_address_1', '{\"default\":{\"1\":\"\"},\"placeholder\":{\"1\":\"\"},\"sort_order\":\"8\"}', 1);
	INSERT INTO `setting` VALUES (7771, 0, 'quickcheckout', 'quickcheckout_field_address_2', '{\"default\":{\"1\":\"\"},\"placeholder\":{\"1\":\"\"},\"sort_order\":\"9\"}', 1);
	INSERT INTO `setting` VALUES (7772, 0, 'quickcheckout', 'quickcheckout_field_city', '{\"default\":{\"1\":\"\"},\"placeholder\":{\"1\":\"\"},\"sort_order\":\"10\"}', 1);
	INSERT INTO `setting` VALUES (7768, 0, 'quickcheckout', 'quickcheckout_field_company', '{\"default\":{\"1\":\"\"},\"placeholder\":{\"1\":\"\"},\"sort_order\":\"6\"}', 1);
	INSERT INTO `setting` VALUES (7762, 0, 'quickcheckout', 'quickcheckout_loading_display', '0', 0);
	INSERT INTO `setting` VALUES (7763, 0, 'quickcheckout', 'quickcheckout_custom_css', '', 0);
	INSERT INTO `setting` VALUES (7764, 0, 'quickcheckout', 'quickcheckout_field_firstname', '{\"display\":\"on\",\"required\":\"on\",\"default\":{\"1\":\"\"},\"placeholder\":{\"1\":\"\"},\"sort_order\":\"1\"}', 1);
	INSERT INTO `setting` VALUES (7765, 0, 'quickcheckout', 'quickcheckout_field_lastname', '{\"display\":\"on\",\"required\":\"on\",\"default\":{\"1\":\"\"},\"placeholder\":{\"1\":\"\"},\"sort_order\":\"2\"}', 1);
	INSERT INTO `setting` VALUES (7766, 0, 'quickcheckout', 'quickcheckout_field_email', '{\"display\":\"on\",\"required\":\"on\",\"default\":{\"1\":\"\"},\"placeholder\":{\"1\":\"\"},\"sort_order\":\"3\"}', 1);
	INSERT INTO `setting` VALUES (7767, 0, 'quickcheckout', 'quickcheckout_field_telephone', '{\"display\":\"on\",\"required\":\"on\",\"default\":{\"1\":\"\"},\"placeholder\":{\"1\":\"\"},\"sort_order\":\"4\"}', 1);
	INSERT INTO `setting` VALUES (7761, 0, 'quickcheckout', 'quickcheckout_load_screen', '0', 0);
	INSERT INTO `setting` VALUES (7755, 0, 'quickcheckout', 'quickcheckout_column', '{\"1\":\"4\",\"2\":\"4\",\"3\":\"4\",\"4\":\"8\"}', 1);
	INSERT INTO `setting` VALUES (7756, 0, 'quickcheckout', 'quickcheckout_step', '{\"login\":{\"column\":\"1\",\"row\":\"1\"},\"payment_address\":{\"column\":\"1\",\"row\":\"2\"},\"shipping_address\":{\"column\":\"1\",\"row\":\"3\"},\"shipping_method\":{\"column\":\"2\",\"row\":\"1\"},\"payment_method\":{\"column\":\"3\",\"row\":\"1\"},\"cart\":{\"column\":\"4\",\"row\":\"2\"},\"coupons\":{\"column\":\"4\",\"row\":\"2\"},\"confirm\":{\"column\":\"4\",\"row\":\"2\"}}', 1);
	INSERT INTO `setting` VALUES (7760, 0, 'quickcheckout', 'quickcheckout_slide_effect', '0', 0);
	INSERT INTO `setting` VALUES (7759, 0, 'quickcheckout', 'quickcheckout_show_shipping_address', '0', 0);
	INSERT INTO `setting` VALUES (7757, 0, 'quickcheckout', 'quickcheckout_login_module', '1', 0);
	INSERT INTO `setting` VALUES (7758, 0, 'quickcheckout', 'quickcheckout_cart', '1', 0);
	INSERT INTO `setting` VALUES (7754, 0, 'quickcheckout', 'quickcheckout_responsive', '1', 0);
	INSERT INTO `setting` VALUES (7753, 0, 'quickcheckout', 'quickcheckout_layout', '4', 0);
	INSERT INTO `setting` VALUES (7752, 0, 'quickcheckout', 'quickcheckout_keyword', '{\"1\":\"zakaz\"}', 1);
	INSERT INTO `setting` VALUES (7751, 0, 'quickcheckout', 'quickcheckout_proceed_button_text', '{\"1\":\"\"}', 1);
	INSERT INTO `setting` VALUES (7750, 0, 'quickcheckout', 'quickcheckout_force_bootstrap', '0', 0);
	INSERT INTO `setting` VALUES (4486, 0, 'ocdev_smart_cart', 'ocdev_smart_cart_text_data', '{\"ru-ru\":{\"heading\":\"\\u041a\\u043e\\u0440\\u0437\\u0438\\u043d\\u0430\",\"call_button\":\"\\u0423\\u0436\\u0435 \\u0432 \\u043a\\u043e\\u0440\\u0437\\u0438\\u043d\\u0435\",\"call_button_vs_options\":\"\\u0412\\u044b\\u0431\\u0440\\u0430\\u0442\\u044c \\u043f\\u0430\\u0440\\u0430\\u043c\\u0435\\u0442\\u0440\\u044b\",\"empty_text\":\"\\u0414\\u043e\\u0440\\u043e\\u0433\\u043e\\u0439 \\u043f\\u043e\\u043a\\u0443\\u043f\\u0430\\u0442\\u0435\\u043b\\u044c.&lt;br\\/&gt;\\u0412\\u0430\\u0448\\u0430 \\u043a\\u043e\\u0440\\u0437\\u0438\\u043d\\u0430 \\u043f\\u0443\\u0441\\u0442\\u0430\\u044f.\"}}', 1);
	INSERT INTO `setting` VALUES (4485, 0, 'ocdev_smart_cart', 'ocdev_smart_cart_form_data', '{\"activate\":\"1\",\"add_function_selector\":\"cart.add\",\"add_id_selector\":\"button-cart\",\"hide_main_img\":\"1\",\"main_image_width\":\"80\",\"main_image_height\":\"80\",\"hide_product_model\":\"0\",\"hide_product_ean\":\"0\",\"hide_product_jan\":\"0\",\"hide_product_isbn\":\"0\",\"hide_product_mpn\":\"0\",\"hide_product_location\":\"0\",\"hide_product_reward\":\"0\",\"hide_product_stock\":\"0\",\"hide_product_tax\":\"0\",\"hide_product_option\":\"1\",\"new_saved_cart_admin_alert\":\"0\",\"email_for_notification\":\"sale@bixbit.io\",\"hide_save_cart_button\":\"1\",\"hide_cart_weight\":\"0\",\"hide_coupon\":\"1\",\"hide_voucher\":\"1\",\"hide_reward\":\"1\",\"hide_shipping\":\"1\",\"marketing_type\":\"1\",\"hide_sub_img\":\"1\",\"sub_images_width\":\"100\",\"sub_images_height\":\"100\",\"limit_cross_sell_products\":\"12\",\"check\":\"0\",\"hide_product_addto_cart_button\":\"0\",\"hide_product_price\":\"0\",\"hide_up_sell_sub_img\":\"1\",\"sub_up_sell_images_width\":\"100\",\"sub_up_sell_images_height\":\"100\",\"limit_up_sell_products\":\"12\",\"hide_up_sell_product_addto_cart_button\":\"0\",\"hide_up_sell_product_price\":\"0\",\"randomize\":\"1\",\"style_beckground\":\"bg_7.png\",\"background_opacity\":\"8\",\"front_module_name\":\"\\u041a\\u043e\\u0440\\u0437\\u0438\\u043d\\u0430 Popup\",\"front_module_version\":\"3.0\"}', 1);
	INSERT INTO `setting` VALUES (7749, 0, 'quickcheckout', 'quickcheckout_skip_cart', '1', 0);
	INSERT INTO `setting` VALUES (7748, 0, 'quickcheckout', 'quickcheckout_payment_target', '#button-confirm, .button, .btn', 0);
	INSERT INTO `setting` VALUES (4487, 0, 'module_ocdev_smart_cart', 'module_ocdev_smart_cart_status', '1', 0);
	INSERT INTO `setting` VALUES (7747, 0, 'quickcheckout', 'quickcheckout_auto_submit', '1', 0);
	INSERT INTO `setting` VALUES (7746, 0, 'quickcheckout', 'quickcheckout_text_error', '1', 0);
	INSERT INTO `setting` VALUES (7745, 0, 'quickcheckout', 'quickcheckout_highlight_error', '1', 0);
	INSERT INTO `setting` VALUES (7744, 0, 'quickcheckout', 'quickcheckout_edit_cart', '1', 0);
	INSERT INTO `setting` VALUES (7743, 0, 'quickcheckout', 'quickcheckout_save_data', '1', 0);
	INSERT INTO `setting` VALUES (7742, 0, 'quickcheckout', 'quickcheckout_confirmation_page', '0', 0);
	INSERT INTO `setting` VALUES (7741, 0, 'quickcheckout', 'quickcheckout_debug', '0', 0);
	INSERT INTO `setting` VALUES (7740, 0, 'quickcheckout', 'quickcheckout_minimum_order', '0', 0);
	INSERT INTO `setting` VALUES (7739, 0, 'quickcheckout', 'quickcheckout_status', '1', 0);
	INSERT INTO `setting` VALUES (7581, 0, 'shipping_pickup', 'shipping_pickup_geo_zone_id', '0', 0);
	INSERT INTO `setting` VALUES (7582, 0, 'shipping_pickup', 'shipping_pickup_status', '1', 0);
	INSERT INTO `setting` VALUES (5149, 0, 'shipping_citylink', 'shipping_citylink_rate', '10:11.6,15:14.1,20:16.60,25:19.1,30:21.6,35:24.1,40:26.6,45:29.1,50:31.6,55:34.1,60:36.6,65:39.1,70:41.6,75:44.1,80:46.6,100:56.6,125:69.1,150:81.6,200:106.6', 0);
	INSERT INTO `setting` VALUES (5150, 0, 'shipping_citylink', 'shipping_citylink_tax_class_id', '0', 0);
	INSERT INTO `setting` VALUES (5151, 0, 'shipping_citylink', 'shipping_citylink_geo_zone_id', '0', 0);
	INSERT INTO `setting` VALUES (5152, 0, 'shipping_citylink', 'shipping_citylink_status', '0', 0);
	INSERT INTO `setting` VALUES (5153, 0, 'shipping_citylink', 'shipping_citylink_sort_order', '', 0);

	-- ----------------------------
	-- Table structure for shipping_courier
	-- ----------------------------
	DROP TABLE IF EXISTS `shipping_courier`;
	CREATE TABLE `shipping_courier`  (
	  `shipping_courier_id` int(11) NOT NULL,
	  `shipping_courier_code` varchar(255) CHARACTER SET utf8 COLLATE utf8_general_ci NOT NULL DEFAULT '',
	  `shipping_courier_name` varchar(255) CHARACTER SET utf8 COLLATE utf8_general_ci NOT NULL DEFAULT '',
	  PRIMARY KEY (`shipping_courier_id`) USING BTREE
	) ENGINE = MyISAM CHARACTER SET = utf8 COLLATE = utf8_general_ci ROW_FORMAT = Dynamic;

	-- ----------------------------
	-- Records of shipping_courier
	-- ----------------------------
	INSERT INTO `shipping_courier` VALUES (1, 'dhl', 'DHL');
	INSERT INTO `shipping_courier` VALUES (2, 'fedex', 'Fedex');
	INSERT INTO `shipping_courier` VALUES (3, 'ups', 'UPS');
	INSERT INTO `shipping_courier` VALUES (4, 'royal-mail', 'Royal Mail');
	INSERT INTO `shipping_courier` VALUES (5, 'usps', 'United States Postal Service');
	INSERT INTO `shipping_courier` VALUES (6, 'auspost', 'Australia Post');
	INSERT INTO `shipping_courier` VALUES (7, 'citylink', 'Citylink');

	-- ----------------------------
	-- Table structure for smca_saved_carts
	-- ----------------------------
	DROP TABLE IF EXISTS `smca_saved_carts`;
	CREATE TABLE `smca_saved_carts`  (
	  `cart_id` int(11) NOT NULL AUTO_INCREMENT,
	  `visitor` text CHARACTER SET utf8 COLLATE utf8_general_ci NOT NULL,
	  `email` text CHARACTER SET utf8 COLLATE utf8_general_ci NOT NULL,
	  `cart_products` text CHARACTER SET utf8 COLLATE utf8_general_ci NOT NULL,
	  `totals` decimal(15, 4) NOT NULL,
	  `ip` varchar(40) CHARACTER SET utf8 COLLATE utf8_general_ci NOT NULL,
	  `date_added` datetime(0) NOT NULL,
	  PRIMARY KEY (`cart_id`) USING BTREE
	) ENGINE = MyISAM AUTO_INCREMENT = 1 CHARACTER SET = utf8 COLLATE = utf8_general_ci ROW_FORMAT = Dynamic;

	-- ----------------------------
	-- Table structure for statistics
	-- ----------------------------
	DROP TABLE IF EXISTS `statistics`;
	CREATE TABLE `statistics`  (
	  `statistics_id` int(11) NOT NULL AUTO_INCREMENT,
	  `code` varchar(64) CHARACTER SET utf8 COLLATE utf8_general_ci NOT NULL,
	  `value` decimal(15, 4) NOT NULL,
	  PRIMARY KEY (`statistics_id`) USING BTREE
	) ENGINE = MyISAM AUTO_INCREMENT = 8 CHARACTER SET = utf8 COLLATE = utf8_general_ci ROW_FORMAT = Dynamic;

	-- ----------------------------
	-- Records of statistics
	-- ----------------------------
	INSERT INTO `statistics` VALUES (1, 'order_sale', 1125170.9900);
	INSERT INTO `statistics` VALUES (2, 'order_processing', 0.0000);
	INSERT INTO `statistics` VALUES (3, 'order_complete', 0.0000);
	INSERT INTO `statistics` VALUES (4, 'order_other', 0.0000);
	INSERT INTO `statistics` VALUES (5, 'returns', 0.0000);
	INSERT INTO `statistics` VALUES (6, 'product', 0.0000);
	INSERT INTO `statistics` VALUES (7, 'review', 0.0000);

	-- ----------------------------
	-- Table structure for stock_status
	-- ----------------------------
	DROP TABLE IF EXISTS `stock_status`;
	CREATE TABLE `stock_status`  (
	  `stock_status_id` int(11) NOT NULL AUTO_INCREMENT,
	  `language_id` int(11) NOT NULL,
	  `name` varchar(32) CHARACTER SET utf8 COLLATE utf8_general_ci NOT NULL,
	  PRIMARY KEY (`stock_status_id`, `language_id`) USING BTREE
	) ENGINE = MyISAM AUTO_INCREMENT = 9 CHARACTER SET = utf8 COLLATE = utf8_general_ci ROW_FORMAT = Dynamic;

	-- ----------------------------
	-- Records of stock_status
	-- ----------------------------
	INSERT INTO `stock_status` VALUES (7, 1, 'В наличии');
	INSERT INTO `stock_status` VALUES (8, 1, 'Предзаказ');
	INSERT INTO `stock_status` VALUES (5, 1, 'Нет в наличии');
	INSERT INTO `stock_status` VALUES (6, 1, 'Ожидание 2-3 дня');
	INSERT INTO `stock_status` VALUES (7, 2, 'In Stock');
	INSERT INTO `stock_status` VALUES (8, 2, 'Pre-Order');
	INSERT INTO `stock_status` VALUES (5, 2, 'Out Of Stock');
	INSERT INTO `stock_status` VALUES (6, 2, '2-3 Days');

	-- ----------------------------
	-- Table structure for store
	-- ----------------------------
	DROP TABLE IF EXISTS `store`;
	CREATE TABLE `store`  (
	  `store_id` int(11) NOT NULL AUTO_INCREMENT,
	  `name` varchar(64) CHARACTER SET utf8 COLLATE utf8_general_ci NOT NULL,
	  `url` varchar(255) CHARACTER SET utf8 COLLATE utf8_general_ci NOT NULL,
	  `ssl` varchar(255) CHARACTER SET utf8 COLLATE utf8_general_ci NOT NULL,
	  PRIMARY KEY (`store_id`) USING BTREE
	) ENGINE = MyISAM AUTO_INCREMENT = 1 CHARACTER SET = utf8 COLLATE = utf8_general_ci ROW_FORMAT = Dynamic;

	-- ----------------------------
	-- Table structure for tax_class
	-- ----------------------------
	DROP TABLE IF EXISTS `tax_class`;
	CREATE TABLE `tax_class`  (
	  `tax_class_id` int(11) NOT NULL AUTO_INCREMENT,
	  `title` varchar(32) CHARACTER SET utf8 COLLATE utf8_general_ci NOT NULL,
	  `description` varchar(255) CHARACTER SET utf8 COLLATE utf8_general_ci NOT NULL,
	  `date_added` datetime(0) NOT NULL,
	  `date_modified` datetime(0) NOT NULL,
	  PRIMARY KEY (`tax_class_id`) USING BTREE
	) ENGINE = MyISAM AUTO_INCREMENT = 11 CHARACTER SET = utf8 COLLATE = utf8_general_ci ROW_FORMAT = Dynamic;

	-- ----------------------------
	-- Records of tax_class
	-- ----------------------------
	INSERT INTO `tax_class` VALUES (9, 'Taxable Goods', 'Taxed goods', '2009-01-06 23:21:53', '2011-09-23 14:07:50');
	INSERT INTO `tax_class` VALUES (10, 'Downloadable Products', 'Downloadable', '2011-09-21 22:19:39', '2011-09-22 10:27:36');

	-- ----------------------------
	-- Table structure for tax_rate
	-- ----------------------------
	DROP TABLE IF EXISTS `tax_rate`;
	CREATE TABLE `tax_rate`  (
	  `tax_rate_id` int(11) NOT NULL AUTO_INCREMENT,
	  `geo_zone_id` int(11) NOT NULL DEFAULT 0,
	  `name` varchar(32) CHARACTER SET utf8 COLLATE utf8_general_ci NOT NULL,
	  `rate` decimal(15, 4) NOT NULL DEFAULT 0.0000,
	  `type` char(1) CHARACTER SET utf8 COLLATE utf8_general_ci NOT NULL,
	  `date_added` datetime(0) NOT NULL,
	  `date_modified` datetime(0) NOT NULL,
	  PRIMARY KEY (`tax_rate_id`) USING BTREE
	) ENGINE = MyISAM AUTO_INCREMENT = 88 CHARACTER SET = utf8 COLLATE = utf8_general_ci ROW_FORMAT = Dynamic;

	-- ----------------------------
	-- Records of tax_rate
	-- ----------------------------
	INSERT INTO `tax_rate` VALUES (86, 3, 'VAT (20%)', 20.0000, 'P', '2011-03-09 21:17:10', '2011-09-22 22:24:29');
	INSERT INTO `tax_rate` VALUES (87, 3, 'Eco Tax (-2.00)', 2.0000, 'F', '2011-09-21 21:49:23', '2011-09-23 00:40:19');

	-- ----------------------------
	-- Table structure for tax_rate_to_customer_group
	-- ----------------------------
	DROP TABLE IF EXISTS `tax_rate_to_customer_group`;
	CREATE TABLE `tax_rate_to_customer_group`  (
	  `tax_rate_id` int(11) NOT NULL,
	  `customer_group_id` int(11) NOT NULL,
	  PRIMARY KEY (`tax_rate_id`, `customer_group_id`) USING BTREE
	) ENGINE = MyISAM CHARACTER SET = utf8 COLLATE = utf8_general_ci ROW_FORMAT = Fixed;

	-- ----------------------------
	-- Records of tax_rate_to_customer_group
	-- ----------------------------
	INSERT INTO `tax_rate_to_customer_group` VALUES (86, 1);
	INSERT INTO `tax_rate_to_customer_group` VALUES (87, 1);

	-- ----------------------------
	-- Table structure for tax_rule
	-- ----------------------------
	DROP TABLE IF EXISTS `tax_rule`;
	CREATE TABLE `tax_rule`  (
	  `tax_rule_id` int(11) NOT NULL AUTO_INCREMENT,
	  `tax_class_id` int(11) NOT NULL,
	  `tax_rate_id` int(11) NOT NULL,
	  `based` varchar(10) CHARACTER SET utf8 COLLATE utf8_general_ci NOT NULL,
	  `priority` int(5) NOT NULL DEFAULT 1,
	  PRIMARY KEY (`tax_rule_id`) USING BTREE
	) ENGINE = MyISAM AUTO_INCREMENT = 129 CHARACTER SET = utf8 COLLATE = utf8_general_ci ROW_FORMAT = Dynamic;

	-- ----------------------------
	-- Records of tax_rule
	-- ----------------------------
	INSERT INTO `tax_rule` VALUES (121, 10, 86, 'payment', 1);
	INSERT INTO `tax_rule` VALUES (120, 10, 87, 'store', 0);
	INSERT INTO `tax_rule` VALUES (128, 9, 86, 'shipping', 1);
	INSERT INTO `tax_rule` VALUES (127, 9, 87, 'shipping', 2);

	-- ----------------------------
	-- Table structure for theme
	-- ----------------------------
	DROP TABLE IF EXISTS `theme`;
	CREATE TABLE `theme`  (
	  `theme_id` int(11) NOT NULL AUTO_INCREMENT,
	  `store_id` int(11) NOT NULL,
	  `theme` varchar(64) CHARACTER SET utf8 COLLATE utf8_general_ci NOT NULL,
	  `route` varchar(64) CHARACTER SET utf8 COLLATE utf8_general_ci NOT NULL,
	  `code` mediumtext CHARACTER SET utf8 COLLATE utf8_general_ci NOT NULL,
	  `date_added` datetime(0) NOT NULL,
	  PRIMARY KEY (`theme_id`) USING BTREE
	) ENGINE = MyISAM AUTO_INCREMENT = 1 CHARACTER SET = utf8 COLLATE = utf8_general_ci ROW_FORMAT = Dynamic;

	-- ----------------------------
	-- Table structure for translation
	-- ----------------------------
	DROP TABLE IF EXISTS `translation`;
	CREATE TABLE `translation`  (
	  `translation_id` int(11) NOT NULL AUTO_INCREMENT,
	  `store_id` int(11) NOT NULL,
	  `language_id` int(11) NOT NULL,
	  `route` varchar(64) CHARACTER SET utf8 COLLATE utf8_general_ci NOT NULL,
	  `key` varchar(64) CHARACTER SET utf8 COLLATE utf8_general_ci NOT NULL,
	  `value` text CHARACTER SET utf8 COLLATE utf8_general_ci NOT NULL,
	  `date_added` datetime(0) NOT NULL,
	  PRIMARY KEY (`translation_id`) USING BTREE
	) ENGINE = MyISAM AUTO_INCREMENT = 1 CHARACTER SET = utf8 COLLATE = utf8_general_ci ROW_FORMAT = Dynamic;

	-- ----------------------------
	-- Table structure for upload
	-- ----------------------------
	DROP TABLE IF EXISTS `upload`;
	CREATE TABLE `upload`  (
	  `upload_id` int(11) NOT NULL AUTO_INCREMENT,
	  `name` varchar(255) CHARACTER SET utf8 COLLATE utf8_general_ci NOT NULL,
	  `filename` varchar(255) CHARACTER SET utf8 COLLATE utf8_general_ci NOT NULL,
	  `code` varchar(255) CHARACTER SET utf8 COLLATE utf8_general_ci NOT NULL,
	  `date_added` datetime(0) NOT NULL,
	  PRIMARY KEY (`upload_id`) USING BTREE
	) ENGINE = MyISAM AUTO_INCREMENT = 2 CHARACTER SET = utf8 COLLATE = utf8_general_ci ROW_FORMAT = Dynamic;

	-- ----------------------------
	-- Records of upload
	-- ----------------------------
	INSERT INTO `upload` VALUES (1, 'c741d9d4615731447dffb93f0b8dc1c0.jpeg', 'c741d9d4615731447dffb93f0b8dc1c0.jpeg.TytcIUsT0uGnhysIijouLLEdVU7xgWl3', 'e322a8ab73811048980692cf97e4edecd216d3d6', '2019-02-15 12:18:43');

	-- ----------------------------
	-- Table structure for user
	-- ----------------------------
	DROP TABLE IF EXISTS `user`;
	CREATE TABLE `user`  (
	  `user_id` int(11) NOT NULL AUTO_INCREMENT,
	  `user_group_id` int(11) NOT NULL,
	  `username` varchar(20) CHARACTER SET utf8 COLLATE utf8_general_ci NOT NULL,
	  `password` varchar(40) CHARACTER SET utf8 COLLATE utf8_general_ci NOT NULL,
	  `salt` varchar(9) CHARACTER SET utf8 COLLATE utf8_general_ci NOT NULL,
	  `firstname` varchar(32) CHARACTER SET utf8 COLLATE utf8_general_ci NOT NULL,
	  `lastname` varchar(32) CHARACTER SET utf8 COLLATE utf8_general_ci NOT NULL,
	  `email` varchar(96) CHARACTER SET utf8 COLLATE utf8_general_ci NOT NULL,
	  `image` varchar(255) CHARACTER SET utf8 COLLATE utf8_general_ci NOT NULL,
	  `code` varchar(40) CHARACTER SET utf8 COLLATE utf8_general_ci NOT NULL,
	  `ip` varchar(40) CHARACTER SET utf8 COLLATE utf8_general_ci NOT NULL,
	  `status` tinyint(1) NOT NULL,
	  `date_added` datetime(0) NOT NULL,
	  PRIMARY KEY (`user_id`) USING BTREE
	) ENGINE = MyISAM AUTO_INCREMENT = 2 CHARACTER SET = utf8 COLLATE = utf8_general_ci ROW_FORMAT = Dynamic;

	-- ----------------------------
	-- Records of user
	-- ----------------------------
	INSERT INTO `user` VALUES (1, 1, 'admin', 'd3943b74fb7f1f10e1a64e68ae330ad53cb04046', 'HFI3XZ2iN', 'John', 'Doe', 'admin@site.com', '', '', '192.168.88.65', 1, '2019-02-14 16:27:01');

	-- ----------------------------
	-- Table structure for user_group
	-- ----------------------------
	DROP TABLE IF EXISTS `user_group`;
	CREATE TABLE `user_group`  (
	  `user_group_id` int(11) NOT NULL AUTO_INCREMENT,
	  `name` varchar(64) CHARACTER SET utf8 COLLATE utf8_general_ci NOT NULL,
	  `permission` text CHARACTER SET utf8 COLLATE utf8_general_ci NOT NULL,
	  PRIMARY KEY (`user_group_id`) USING BTREE
	) ENGINE = MyISAM AUTO_INCREMENT = 2 CHARACTER SET = utf8 COLLATE = utf8_general_ci ROW_FORMAT = Dynamic;

	-- ----------------------------
	-- Records of user_group
	-- ----------------------------
	INSERT INTO `user_group` VALUES (1, 'Супер администратор', '{\"access\":[\"catalog\",\"catalog\\/attribute\",\"catalog\\/attribute_group\",\"catalog\\/category\",\"catalog\\/download\",\"catalog\\/information\",\"catalog\\/manufacturer\",\"catalog\\/option\",\"catalog\\/product\",\"catalog\\/recurring\",\"common\",\"common\\/column_left\",\"common\\/developer\",\"common\\/filemanager\",\"common\\/profile\",\"common\\/security\",\"customer\",\"customer\\/custom_field\",\"customer\\/customer\",\"customer\\/customer_approval\",\"customer\\/customer_group\",\"design\",\"design\\/banner\",\"design\\/layout\",\"design\\/seo_url\",\"design\\/theme\",\"design\\/translation\",\"error\",\"event\",\"event\\/language\",\"event\\/statistics\",\"event\\/theme\",\"extension\",\"extension\\/analytics\",\"extension\\/analytics\\/google\",\"extension\\/captcha\",\"extension\\/captcha\\/basic\",\"extension\\/captcha\\/google\",\"extension\\/d_ajax_search\",\"extension\\/d_ajax_search\\/product_simple\",\"extension\\/dashboard\",\"extension\\/dashboard\\/activity\",\"extension\\/dashboard\\/chart\",\"extension\\/dashboard\\/customer\",\"extension\\/dashboard\\/map\",\"extension\\/dashboard\\/online\",\"extension\\/dashboard\\/order\",\"extension\\/dashboard\\/recent\",\"extension\\/dashboard\\/sale\",\"extension\\/extension\",\"extension\\/extension\\/analytics\",\"extension\\/extension\\/captcha\",\"extension\\/extension\\/dashboard\",\"extension\\/extension\\/feed\",\"extension\\/extension\\/fraud\",\"extension\\/extension\\/menu\",\"extension\\/extension\\/module\",\"extension\\/extension\\/payment\",\"extension\\/extension\\/report\",\"extension\\/extension\\/shipping\",\"extension\\/extension\\/theme\",\"extension\\/extension\\/total\",\"extension\\/feed\",\"extension\\/feed\\/google_base\",\"extension\\/feed\\/google_sitemap\",\"extension\\/feed\\/openbaypro\",\"extension\\/feed\\/unisender\",\"extension\\/feed\\/yandex_market\",\"extension\\/feed\\/yandex_turbo\",\"extension\\/fraud\",\"extension\\/fraud\\/fraudlabspro\",\"extension\\/fraud\\/ip\",\"extension\\/fraud\\/maxmind\",\"extension\\/module\",\"extension\\/module\\/account\",\"extension\\/module\\/amazon_login\",\"extension\\/module\\/amazon_pay\",\"extension\\/module\\/banner\",\"extension\\/module\\/bestseller\",\"extension\\/module\\/blog_category\",\"extension\\/module\\/blog_featured\",\"extension\\/module\\/blog_latest\",\"extension\\/module\\/brainyfilter\",\"extension\\/module\\/carousel\",\"extension\\/module\\/category\",\"extension\\/module\\/d_ajax_search\",\"extension\\/module\\/divido_calculator\",\"extension\\/module\\/ebay_listing\",\"extension\\/module\\/featured\",\"extension\\/module\\/featured_article\",\"extension\\/module\\/featured_product\",\"extension\\/module\\/filter\",\"extension\\/module\\/google_hangouts\",\"extension\\/module\\/html\",\"extension\\/module\\/information\",\"extension\\/module\\/klarna_checkout_module\",\"extension\\/module\\/latest\",\"extension\\/module\\/laybuy_layout\",\"extension\\/module\\/pilibaba_button\",\"extension\\/module\\/pp_braintree_button\",\"extension\\/module\\/pp_button\",\"extension\\/module\\/pp_login\",\"extension\\/module\\/sagepay_direct_cards\",\"extension\\/module\\/sagepay_server_cards\",\"extension\\/module\\/slideshow\",\"extension\\/module\\/special\",\"extension\\/module\\/store\",\"extension\\/openbay\",\"extension\\/openbay\\/amazon\",\"extension\\/openbay\\/amazon_listing\",\"extension\\/openbay\\/amazon_product\",\"extension\\/openbay\\/amazonus\",\"extension\\/openbay\\/amazonus_listing\",\"extension\\/openbay\\/amazonus_product\",\"extension\\/openbay\\/ebay\",\"extension\\/openbay\\/ebay_profile\",\"extension\\/openbay\\/ebay_template\",\"extension\\/openbay\\/etsy\",\"extension\\/openbay\\/etsy_product\",\"extension\\/openbay\\/etsy_shipping\",\"extension\\/openbay\\/etsy_shop\",\"extension\\/openbay\\/fba\",\"extension\\/payment\",\"extension\\/payment\\/alipay\",\"extension\\/payment\\/alipay_cross\",\"extension\\/payment\\/amazon_login_pay\",\"extension\\/payment\\/authorizenet_aim\",\"extension\\/payment\\/authorizenet_sim\",\"extension\\/payment\\/bank_transfer\",\"extension\\/payment\\/bluepay_hosted\",\"extension\\/payment\\/bluepay_redirect\",\"extension\\/payment\\/cardconnect\",\"extension\\/payment\\/cardinity\",\"extension\\/payment\\/cheque\",\"extension\\/payment\\/cod\",\"extension\\/payment\\/divido\",\"extension\\/payment\\/eway\",\"extension\\/payment\\/firstdata\",\"extension\\/payment\\/firstdata_remote\",\"extension\\/payment\\/free_checkout\",\"extension\\/payment\\/g2apay\",\"extension\\/payment\\/globalpay\",\"extension\\/payment\\/globalpay_remote\",\"extension\\/payment\\/klarna_account\",\"extension\\/payment\\/klarna_checkout\",\"extension\\/payment\\/klarna_invoice\",\"extension\\/payment\\/laybuy\",\"extension\\/payment\\/liqpay\",\"extension\\/payment\\/nochex\",\"extension\\/payment\\/ocstore_w1\",\"extension\\/payment\\/paymate\",\"extension\\/payment\\/paypoint\",\"extension\\/payment\\/payza\",\"extension\\/payment\\/perpetual_payments\",\"extension\\/payment\\/pilibaba\",\"extension\\/payment\\/pp_braintree\",\"extension\\/payment\\/pp_express\",\"extension\\/payment\\/pp_payflow\",\"extension\\/payment\\/pp_payflow_iframe\",\"extension\\/payment\\/pp_pro\",\"extension\\/payment\\/pp_pro_iframe\",\"extension\\/payment\\/pp_standard\",\"extension\\/payment\\/realex\",\"extension\\/payment\\/realex_remote\",\"extension\\/payment\\/sagepay_direct\",\"extension\\/payment\\/sagepay_server\",\"extension\\/payment\\/sagepay_us\",\"extension\\/payment\\/securetrading_pp\",\"extension\\/payment\\/securetrading_ws\",\"extension\\/payment\\/skrill\",\"extension\\/payment\\/squareup\",\"extension\\/payment\\/twocheckout\",\"extension\\/payment\\/web_payment_software\",\"extension\\/payment\\/webmoney_wmb\",\"extension\\/payment\\/webmoney_wme\",\"extension\\/payment\\/webmoney_wmk\",\"extension\\/payment\\/webmoney_wmr\",\"extension\\/payment\\/webmoney_wmu\",\"extension\\/payment\\/webmoney_wmv\",\"extension\\/payment\\/webmoney_wmz\",\"extension\\/payment\\/wechat_pay\",\"extension\\/payment\\/worldpay\",\"extension\\/report\",\"extension\\/report\\/customer_activity\",\"extension\\/report\\/customer_order\",\"extension\\/report\\/customer_reward\",\"extension\\/report\\/customer_search\",\"extension\\/report\\/customer_transaction\",\"extension\\/report\\/marketing\",\"extension\\/report\\/product_purchased\",\"extension\\/report\\/product_viewed\",\"extension\\/report\\/sale_coupon\",\"extension\\/report\\/sale_order\",\"extension\\/report\\/sale_return\",\"extension\\/report\\/sale_shipping\",\"extension\\/report\\/sale_tax\",\"extension\\/shipping\",\"extension\\/shipping\\/auspost\",\"extension\\/shipping\\/citylink\",\"extension\\/shipping\\/ec_ship\",\"extension\\/shipping\\/fedex\",\"extension\\/shipping\\/flat\",\"extension\\/shipping\\/free\",\"extension\\/shipping\\/item\",\"extension\\/shipping\\/parcelforce_48\",\"extension\\/shipping\\/pickup\",\"extension\\/shipping\\/royal_mail\",\"extension\\/shipping\\/ups\",\"extension\\/shipping\\/usps\",\"extension\\/shipping\\/weight\",\"extension\\/theme\",\"extension\\/theme\\/default\",\"extension\\/total\",\"extension\\/total\\/coupon\",\"extension\\/total\\/credit\",\"extension\\/total\\/handling\",\"extension\\/total\\/klarna_fee\",\"extension\\/total\\/low_order_fee\",\"extension\\/total\\/reward\",\"extension\\/total\\/shipping\",\"extension\\/total\\/sub_total\",\"extension\\/total\\/tax\",\"extension\\/total\\/total\",\"extension\\/total\\/voucher\",\"localisation\",\"localisation\\/country\",\"localisation\\/currency\",\"localisation\\/geo_zone\",\"localisation\\/language\",\"localisation\\/length_class\",\"localisation\\/location\",\"localisation\\/order_status\",\"localisation\\/return_action\",\"localisation\\/return_reason\",\"localisation\\/return_status\",\"localisation\\/stock_status\",\"localisation\\/tax_class\",\"localisation\\/tax_rate\",\"localisation\\/weight_class\",\"localisation\\/zone\",\"mail\",\"mail\\/affiliate\",\"mail\\/customer\",\"mail\\/forgotten\",\"mail\\/return\",\"mail\\/reward\",\"mail\\/transaction\",\"marketing\",\"marketing\\/contact\",\"marketing\\/coupon\",\"marketing\\/marketing\",\"marketplace\",\"marketplace\\/api\",\"marketplace\\/event\",\"marketplace\\/extension\",\"marketplace\\/install\",\"marketplace\\/installer\",\"marketplace\\/marketplace\",\"marketplace\\/modification\",\"marketplace\\/openbay\",\"marketplace\\/opencartforum\",\"report\",\"report\\/online\",\"report\\/report\",\"report\\/statistics\",\"sale\",\"sale\\/order\",\"sale\\/recurring\",\"sale\\/return\",\"sale\\/voucher\",\"sale\\/voucher_theme\",\"search\",\"search\\/search\",\"setting\",\"setting\\/setting\",\"setting\\/store\",\"startup\",\"startup\\/error\",\"startup\\/event\",\"startup\\/login\",\"startup\\/permission\",\"startup\\/router\",\"startup\\/sass\",\"startup\\/startup\",\"tool\",\"tool\\/backup\",\"tool\\/log\",\"tool\\/upload\",\"user\",\"user\\/api\",\"user\\/user\",\"user\\/user_permission\",\"extension\\/module\\/quickcheckout\",\"extension\\/module\\/quickcheckout\",\"extension\\/module\\/ocdev_smart_cart\",\"extension\\/module\\/ocdev_smart_cart\",\"extension\\/module\\/quickcheckout\",\"extension\\/module\\/quickcheckout\",\"extension\\/module\\/ocdev_smart_cart\",\"extension\\/module\\/ocdev_smart_cart\",\"extension\\/shipping\\/pickup\",\"extension\\/shipping\\/free\",\"extension\\/payment\\/bank_transfer\",\"extension\\/shipping\\/citylink\",\"extension\\/shipping\\/ec_ship\",\"extension\\/payment\\/cod\",\"extension\\/payment\\/bank_transfer\",\"extension\\/payment\\/free_checkout\",\"extension\\/module\\/quickcheckout\",\"extension\\/module\\/quickcheckout\"],\"modify\":[\"blog\",\"blog\\/article\",\"blog\\/category\",\"blog\\/review\",\"blog\\/setting\",\"catalog\",\"catalog\\/attribute\",\"catalog\\/attribute_group\",\"catalog\\/category\",\"catalog\\/download\",\"catalog\\/filter\",\"catalog\\/information\",\"catalog\\/manufacturer\",\"catalog\\/option\",\"catalog\\/product\",\"catalog\\/recurring\",\"catalog\\/review\",\"common\",\"common\\/column_left\",\"common\\/developer\",\"common\\/filemanager\",\"common\\/profile\",\"common\\/security\",\"customer\",\"customer\\/custom_field\",\"customer\\/customer\",\"customer\\/customer_approval\",\"customer\\/customer_group\",\"design\",\"design\\/banner\",\"design\\/layout\",\"design\\/seo_url\",\"design\\/theme\",\"design\\/translation\",\"error\",\"event\",\"event\\/language\",\"event\\/statistics\",\"event\\/theme\",\"extension\",\"extension\\/analytics\",\"extension\\/analytics\\/google\",\"extension\\/captcha\",\"extension\\/captcha\\/basic\",\"extension\\/captcha\\/google\",\"extension\\/d_ajax_search\",\"extension\\/d_ajax_search\\/product_simple\",\"extension\\/dashboard\",\"extension\\/dashboard\\/activity\",\"extension\\/dashboard\\/chart\",\"extension\\/dashboard\\/customer\",\"extension\\/dashboard\\/map\",\"extension\\/dashboard\\/online\",\"extension\\/dashboard\\/order\",\"extension\\/dashboard\\/recent\",\"extension\\/dashboard\\/sale\",\"extension\\/extension\",\"extension\\/extension\\/analytics\",\"extension\\/extension\\/captcha\",\"extension\\/extension\\/dashboard\",\"extension\\/extension\\/feed\",\"extension\\/extension\\/fraud\",\"extension\\/extension\\/menu\",\"extension\\/extension\\/module\",\"extension\\/extension\\/payment\",\"extension\\/extension\\/report\",\"extension\\/extension\\/shipping\",\"extension\\/extension\\/theme\",\"extension\\/extension\\/total\",\"extension\\/feed\",\"extension\\/feed\\/google_base\",\"extension\\/feed\\/google_sitemap\",\"extension\\/feed\\/openbaypro\",\"extension\\/feed\\/unisender\",\"extension\\/feed\\/yandex_market\",\"extension\\/feed\\/yandex_turbo\",\"extension\\/fraud\",\"extension\\/fraud\\/fraudlabspro\",\"extension\\/fraud\\/ip\",\"extension\\/fraud\\/maxmind\",\"extension\\/module\",\"extension\\/module\\/account\",\"extension\\/module\\/amazon_login\",\"extension\\/module\\/amazon_pay\",\"extension\\/module\\/banner\",\"extension\\/module\\/bestseller\",\"extension\\/module\\/blog_category\",\"extension\\/module\\/blog_featured\",\"extension\\/module\\/blog_latest\",\"extension\\/module\\/brainyfilter\",\"extension\\/module\\/carousel\",\"extension\\/module\\/category\",\"extension\\/module\\/d_ajax_search\",\"extension\\/module\\/divido_calculator\",\"extension\\/module\\/ebay_listing\",\"extension\\/module\\/featured\",\"extension\\/module\\/featured_article\",\"extension\\/module\\/featured_product\",\"extension\\/module\\/filter\",\"extension\\/module\\/google_hangouts\",\"extension\\/module\\/html\",\"extension\\/module\\/information\",\"extension\\/module\\/klarna_checkout_module\",\"extension\\/module\\/latest\",\"extension\\/module\\/laybuy_layout\",\"extension\\/module\\/pilibaba_button\",\"extension\\/module\\/pp_braintree_button\",\"extension\\/module\\/pp_button\",\"extension\\/module\\/pp_login\",\"extension\\/module\\/sagepay_direct_cards\",\"extension\\/module\\/sagepay_server_cards\",\"extension\\/module\\/slideshow\",\"extension\\/module\\/special\",\"extension\\/module\\/store\",\"extension\\/openbay\",\"extension\\/openbay\\/amazon\",\"extension\\/openbay\\/amazon_listing\",\"extension\\/openbay\\/amazon_product\",\"extension\\/openbay\\/amazonus\",\"extension\\/openbay\\/amazonus_listing\",\"extension\\/openbay\\/amazonus_product\",\"extension\\/openbay\\/ebay\",\"extension\\/openbay\\/ebay_profile\",\"extension\\/openbay\\/ebay_template\",\"extension\\/openbay\\/etsy\",\"extension\\/openbay\\/etsy_product\",\"extension\\/openbay\\/etsy_shipping\",\"extension\\/openbay\\/etsy_shop\",\"extension\\/openbay\\/fba\",\"extension\\/payment\",\"extension\\/payment\\/alipay\",\"extension\\/payment\\/alipay_cross\",\"extension\\/payment\\/amazon_login_pay\",\"extension\\/payment\\/authorizenet_aim\",\"extension\\/payment\\/authorizenet_sim\",\"extension\\/payment\\/bank_transfer\",\"extension\\/payment\\/bluepay_hosted\",\"extension\\/payment\\/bluepay_redirect\",\"extension\\/payment\\/cardconnect\",\"extension\\/payment\\/cardinity\",\"extension\\/payment\\/cheque\",\"extension\\/payment\\/cod\",\"extension\\/payment\\/divido\",\"extension\\/payment\\/eway\",\"extension\\/payment\\/firstdata\",\"extension\\/payment\\/firstdata_remote\",\"extension\\/payment\\/free_checkout\",\"extension\\/payment\\/g2apay\",\"extension\\/payment\\/globalpay\",\"extension\\/payment\\/globalpay_remote\",\"extension\\/payment\\/klarna_account\",\"extension\\/payment\\/klarna_checkout\",\"extension\\/payment\\/klarna_invoice\",\"extension\\/payment\\/laybuy\",\"extension\\/payment\\/liqpay\",\"extension\\/payment\\/nochex\",\"extension\\/payment\\/ocstore_w1\",\"extension\\/payment\\/paymate\",\"extension\\/payment\\/paypoint\",\"extension\\/payment\\/payza\",\"extension\\/payment\\/perpetual_payments\",\"extension\\/payment\\/pilibaba\",\"extension\\/payment\\/pp_braintree\",\"extension\\/payment\\/pp_express\",\"extension\\/payment\\/pp_payflow\",\"extension\\/payment\\/pp_payflow_iframe\",\"extension\\/payment\\/pp_pro\",\"extension\\/payment\\/pp_pro_iframe\",\"extension\\/payment\\/pp_standard\",\"extension\\/payment\\/realex\",\"extension\\/payment\\/realex_remote\",\"extension\\/payment\\/sagepay_direct\",\"extension\\/payment\\/sagepay_server\",\"extension\\/payment\\/sagepay_us\",\"extension\\/payment\\/securetrading_pp\",\"extension\\/payment\\/securetrading_ws\",\"extension\\/payment\\/skrill\",\"extension\\/payment\\/squareup\",\"extension\\/payment\\/twocheckout\",\"extension\\/payment\\/web_payment_software\",\"extension\\/payment\\/webmoney_wmb\",\"extension\\/payment\\/webmoney_wme\",\"extension\\/payment\\/webmoney_wmk\",\"extension\\/payment\\/webmoney_wmr\",\"extension\\/payment\\/webmoney_wmu\",\"extension\\/payment\\/webmoney_wmv\",\"extension\\/payment\\/webmoney_wmz\",\"extension\\/payment\\/wechat_pay\",\"extension\\/payment\\/worldpay\",\"extension\\/report\",\"extension\\/report\\/customer_activity\",\"extension\\/report\\/customer_order\",\"extension\\/report\\/customer_reward\",\"extension\\/report\\/customer_search\",\"extension\\/report\\/customer_transaction\",\"extension\\/report\\/marketing\",\"extension\\/report\\/product_purchased\",\"extension\\/report\\/product_viewed\",\"extension\\/report\\/sale_coupon\",\"extension\\/report\\/sale_order\",\"extension\\/report\\/sale_return\",\"extension\\/report\\/sale_shipping\",\"extension\\/report\\/sale_tax\",\"extension\\/shipping\",\"extension\\/shipping\\/auspost\",\"extension\\/shipping\\/citylink\",\"extension\\/shipping\\/ec_ship\",\"extension\\/shipping\\/fedex\",\"extension\\/shipping\\/flat\",\"extension\\/shipping\\/free\",\"extension\\/shipping\\/item\",\"extension\\/shipping\\/parcelforce_48\",\"extension\\/shipping\\/pickup\",\"extension\\/shipping\\/royal_mail\",\"extension\\/shipping\\/ups\",\"extension\\/shipping\\/usps\",\"extension\\/shipping\\/weight\",\"extension\\/theme\",\"extension\\/theme\\/default\",\"extension\\/total\",\"extension\\/total\\/coupon\",\"extension\\/total\\/credit\",\"extension\\/total\\/handling\",\"extension\\/total\\/klarna_fee\",\"extension\\/total\\/low_order_fee\",\"extension\\/total\\/reward\",\"extension\\/total\\/shipping\",\"extension\\/total\\/sub_total\",\"extension\\/total\\/tax\",\"extension\\/total\\/total\",\"extension\\/total\\/voucher\",\"localisation\",\"localisation\\/country\",\"localisation\\/currency\",\"localisation\\/geo_zone\",\"localisation\\/language\",\"localisation\\/length_class\",\"localisation\\/location\",\"localisation\\/order_status\",\"localisation\\/return_action\",\"localisation\\/return_reason\",\"localisation\\/return_status\",\"localisation\\/stock_status\",\"localisation\\/tax_class\",\"localisation\\/tax_rate\",\"localisation\\/weight_class\",\"localisation\\/zone\",\"mail\",\"mail\\/affiliate\",\"mail\\/customer\",\"mail\\/forgotten\",\"mail\\/return\",\"mail\\/reward\",\"mail\\/transaction\",\"marketing\",\"marketing\\/contact\",\"marketing\\/coupon\",\"marketing\\/marketing\",\"marketplace\",\"marketplace\\/api\",\"marketplace\\/event\",\"marketplace\\/extension\",\"marketplace\\/install\",\"marketplace\\/installer\",\"marketplace\\/marketplace\",\"marketplace\\/modification\",\"marketplace\\/openbay\",\"marketplace\\/opencartforum\",\"report\",\"report\\/online\",\"report\\/report\",\"report\\/statistics\",\"sale\",\"sale\\/order\",\"sale\\/recurring\",\"sale\\/return\",\"sale\\/voucher\",\"sale\\/voucher_theme\",\"search\",\"search\\/search\",\"setting\",\"setting\\/setting\",\"setting\\/store\",\"startup\",\"startup\\/error\",\"startup\\/event\",\"startup\\/login\",\"startup\\/permission\",\"startup\\/router\",\"startup\\/sass\",\"startup\\/startup\",\"tool\",\"tool\\/backup\",\"tool\\/log\",\"tool\\/upload\",\"user\",\"user\\/api\",\"user\\/user\",\"user\\/user_permission\",\"extension\\/module\\/quickcheckout\",\"extension\\/module\\/quickcheckout\",\"extension\\/module\\/ocdev_smart_cart\",\"extension\\/module\\/ocdev_smart_cart\",\"extension\\/module\\/quickcheckout\",\"extension\\/module\\/quickcheckout\",\"extension\\/module\\/ocdev_smart_cart\",\"extension\\/module\\/ocdev_smart_cart\",\"extension\\/shipping\\/pickup\",\"extension\\/shipping\\/free\",\"extension\\/payment\\/bank_transfer\",\"extension\\/shipping\\/citylink\",\"extension\\/shipping\\/ec_ship\",\"extension\\/payment\\/cod\",\"extension\\/payment\\/bank_transfer\",\"extension\\/payment\\/free_checkout\",\"extension\\/module\\/quickcheckout\",\"extension\\/module\\/quickcheckout\"]}');

	-- ----------------------------
	-- Table structure for voucher
	-- ----------------------------
	DROP TABLE IF EXISTS `voucher`;
	CREATE TABLE `voucher`  (
	  `voucher_id` int(11) NOT NULL AUTO_INCREMENT,
	  `order_id` int(11) NOT NULL,
	  `code` varchar(10) CHARACTER SET utf8 COLLATE utf8_general_ci NOT NULL,
	  `from_name` varchar(64) CHARACTER SET utf8 COLLATE utf8_general_ci NOT NULL,
	  `from_email` varchar(96) CHARACTER SET utf8 COLLATE utf8_general_ci NOT NULL,
	  `to_name` varchar(64) CHARACTER SET utf8 COLLATE utf8_general_ci NOT NULL,
	  `to_email` varchar(96) CHARACTER SET utf8 COLLATE utf8_general_ci NOT NULL,
	  `voucher_theme_id` int(11) NOT NULL,
	  `message` text CHARACTER SET utf8 COLLATE utf8_general_ci NOT NULL,
	  `amount` decimal(15, 4) NOT NULL,
	  `status` tinyint(1) NOT NULL,
	  `date_added` datetime(0) NOT NULL,
	  PRIMARY KEY (`voucher_id`) USING BTREE
	) ENGINE = MyISAM AUTO_INCREMENT = 1 CHARACTER SET = utf8 COLLATE = utf8_general_ci ROW_FORMAT = Dynamic;

	-- ----------------------------
	-- Table structure for voucher_history
	-- ----------------------------
	DROP TABLE IF EXISTS `voucher_history`;
	CREATE TABLE `voucher_history`  (
	  `voucher_history_id` int(11) NOT NULL AUTO_INCREMENT,
	  `voucher_id` int(11) NOT NULL,
	  `order_id` int(11) NOT NULL,
	  `amount` decimal(15, 4) NOT NULL,
	  `date_added` datetime(0) NOT NULL,
	  PRIMARY KEY (`voucher_history_id`) USING BTREE
	) ENGINE = MyISAM AUTO_INCREMENT = 1 CHARACTER SET = utf8 COLLATE = utf8_general_ci ROW_FORMAT = Fixed;

	-- ----------------------------
	-- Table structure for voucher_theme
	-- ----------------------------
	DROP TABLE IF EXISTS `voucher_theme`;
	CREATE TABLE `voucher_theme`  (
	  `voucher_theme_id` int(11) NOT NULL AUTO_INCREMENT,
	  `image` varchar(255) CHARACTER SET utf8 COLLATE utf8_general_ci NOT NULL,
	  PRIMARY KEY (`voucher_theme_id`) USING BTREE
	) ENGINE = MyISAM AUTO_INCREMENT = 9 CHARACTER SET = utf8 COLLATE = utf8_general_ci ROW_FORMAT = Dynamic;

	-- ----------------------------
	-- Records of voucher_theme
	-- ----------------------------
	INSERT INTO `voucher_theme` VALUES (8, 'catalog/demo/canon_eos_5d_2.jpg');
	INSERT INTO `voucher_theme` VALUES (7, 'catalog/demo/gift-voucher-birthday.jpg');
	INSERT INTO `voucher_theme` VALUES (6, 'catalog/demo/apple_logo.jpg');

	-- ----------------------------
	-- Table structure for voucher_theme_description
	-- ----------------------------
	DROP TABLE IF EXISTS `voucher_theme_description`;
	CREATE TABLE `voucher_theme_description`  (
	  `voucher_theme_id` int(11) NOT NULL,
	  `language_id` int(11) NOT NULL,
	  `name` varchar(32) CHARACTER SET utf8 COLLATE utf8_general_ci NOT NULL,
	  PRIMARY KEY (`voucher_theme_id`, `language_id`) USING BTREE
	) ENGINE = MyISAM CHARACTER SET = utf8 COLLATE = utf8_general_ci ROW_FORMAT = Dynamic;

	-- ----------------------------
	-- Records of voucher_theme_description
	-- ----------------------------
	INSERT INTO `voucher_theme_description` VALUES (6, 1, 'Christmas');
	INSERT INTO `voucher_theme_description` VALUES (7, 1, 'Birthday');
	INSERT INTO `voucher_theme_description` VALUES (8, 1, 'General');

	-- ----------------------------
	-- Table structure for weight_class
	-- ----------------------------
	DROP TABLE IF EXISTS `weight_class`;
	CREATE TABLE `weight_class`  (
	  `weight_class_id` int(11) NOT NULL AUTO_INCREMENT,
	  `value` decimal(15, 8) NOT NULL DEFAULT 0.00000000,
	  PRIMARY KEY (`weight_class_id`) USING BTREE
	) ENGINE = MyISAM AUTO_INCREMENT = 7 CHARACTER SET = utf8 COLLATE = utf8_general_ci ROW_FORMAT = Fixed;

	-- ----------------------------
	-- Records of weight_class
	-- ----------------------------
	INSERT INTO `weight_class` VALUES (1, 1.00000000);
	INSERT INTO `weight_class` VALUES (2, 1000.00000000);
	INSERT INTO `weight_class` VALUES (5, 2.20460000);
	INSERT INTO `weight_class` VALUES (6, 35.27400000);

	-- ----------------------------
	-- Table structure for weight_class_description
	-- ----------------------------
	DROP TABLE IF EXISTS `weight_class_description`;
	CREATE TABLE `weight_class_description`  (
	  `weight_class_id` int(11) NOT NULL,
	  `language_id` int(11) NOT NULL,
	  `title` varchar(32) CHARACTER SET utf8 COLLATE utf8_general_ci NOT NULL,
	  `unit` varchar(4) CHARACTER SET utf8 COLLATE utf8_general_ci NOT NULL,
	  PRIMARY KEY (`weight_class_id`, `language_id`) USING BTREE
	) ENGINE = MyISAM CHARACTER SET = utf8 COLLATE = utf8_general_ci ROW_FORMAT = Dynamic;

	-- ----------------------------
	-- Records of weight_class_description
	-- ----------------------------
	INSERT INTO `weight_class_description` VALUES (1, 1, 'Килограммы', 'кг');
	INSERT INTO `weight_class_description` VALUES (1, 2, 'Kilogram', 'kg');
	INSERT INTO `weight_class_description` VALUES (2, 1, 'Граммы', 'г');
	INSERT INTO `weight_class_description` VALUES (2, 2, 'Gram', 'g');
	INSERT INTO `weight_class_description` VALUES (5, 1, 'Фунты', 'lb');
	INSERT INTO `weight_class_description` VALUES (5, 2, 'Pound', 'lb');
	INSERT INTO `weight_class_description` VALUES (6, 1, 'Унции', 'oz');
	INSERT INTO `weight_class_description` VALUES (6, 2, 'Ounce', 'oz');

	-- ----------------------------
	-- Table structure for zone
	-- ----------------------------
	DROP TABLE IF EXISTS `zone`;
	CREATE TABLE `zone`  (
	  `zone_id` int(11) NOT NULL AUTO_INCREMENT,
	  `country_id` int(11) NOT NULL,
	  `name` varchar(128) CHARACTER SET utf8 COLLATE utf8_general_ci NOT NULL,
	  `code` varchar(32) CHARACTER SET utf8 COLLATE utf8_general_ci NOT NULL,
	  `status` tinyint(1) NOT NULL DEFAULT 1,
	  PRIMARY KEY (`zone_id`) USING BTREE
	) ENGINE = MyISAM AUTO_INCREMENT = 4232 CHARACTER SET = utf8 COLLATE = utf8_general_ci ROW_FORMAT = Dynamic;

	-- ----------------------------
	-- Records of zone
	-- ----------------------------
	INSERT INTO `zone` VALUES (1, 1, 'Badakhshan', 'BDS', 1);
	INSERT INTO `zone` VALUES (2, 1, 'Badghis', 'BDG', 1);
	INSERT INTO `zone` VALUES (3, 1, 'Baghlan', 'BGL', 1);
	INSERT INTO `zone` VALUES (4, 1, 'Balkh', 'BAL', 1);
	INSERT INTO `zone` VALUES (5, 1, 'Bamian', 'BAM', 1);
	INSERT INTO `zone` VALUES (6, 1, 'Farah', 'FRA', 1);
	INSERT INTO `zone` VALUES (7, 1, 'Faryab', 'FYB', 1);
	INSERT INTO `zone` VALUES (8, 1, 'Ghazni', 'GHA', 1);
	INSERT INTO `zone` VALUES (9, 1, 'Ghowr', 'GHO', 1);
	INSERT INTO `zone` VALUES (10, 1, 'Helmand', 'HEL', 1);
	INSERT INTO `zone` VALUES (11, 1, 'Herat', 'HER', 1);
	INSERT INTO `zone` VALUES (12, 1, 'Jowzjan', 'JOW', 1);
	INSERT INTO `zone` VALUES (13, 1, 'Kabul', 'KAB', 1);
	INSERT INTO `zone` VALUES (14, 1, 'Kandahar', 'KAN', 1);
	INSERT INTO `zone` VALUES (15, 1, 'Kapisa', 'KAP', 1);
	INSERT INTO `zone` VALUES (16, 1, 'Khost', 'KHO', 1);
	INSERT INTO `zone` VALUES (17, 1, 'Konar', 'KNR', 1);
	INSERT INTO `zone` VALUES (18, 1, 'Kondoz', 'KDZ', 1);
	INSERT INTO `zone` VALUES (19, 1, 'Laghman', 'LAG', 1);
	INSERT INTO `zone` VALUES (20, 1, 'Lowgar', 'LOW', 1);
	INSERT INTO `zone` VALUES (21, 1, 'Nangrahar', 'NAN', 1);
	INSERT INTO `zone` VALUES (22, 1, 'Nimruz', 'NIM', 1);
	INSERT INTO `zone` VALUES (23, 1, 'Nurestan', 'NUR', 1);
	INSERT INTO `zone` VALUES (24, 1, 'Oruzgan', 'ORU', 1);
	INSERT INTO `zone` VALUES (25, 1, 'Paktia', 'PIA', 1);
	INSERT INTO `zone` VALUES (26, 1, 'Paktika', 'PKA', 1);
	INSERT INTO `zone` VALUES (27, 1, 'Parwan', 'PAR', 1);
	INSERT INTO `zone` VALUES (28, 1, 'Samangan', 'SAM', 1);
	INSERT INTO `zone` VALUES (29, 1, 'Sar-e Pol', 'SAR', 1);
	INSERT INTO `zone` VALUES (30, 1, 'Takhar', 'TAK', 1);
	INSERT INTO `zone` VALUES (31, 1, 'Wardak', 'WAR', 1);
	INSERT INTO `zone` VALUES (32, 1, 'Zabol', 'ZAB', 1);
	INSERT INTO `zone` VALUES (33, 2, 'Berat', 'BR', 1);
	INSERT INTO `zone` VALUES (34, 2, 'Bulqize', 'BU', 1);
	INSERT INTO `zone` VALUES (35, 2, 'Delvine', 'DL', 1);
	INSERT INTO `zone` VALUES (36, 2, 'Devoll', 'DV', 1);
	INSERT INTO `zone` VALUES (37, 2, 'Diber', 'DI', 1);
	INSERT INTO `zone` VALUES (38, 2, 'Durres', 'DR', 1);
	INSERT INTO `zone` VALUES (39, 2, 'Elbasan', 'EL', 1);
	INSERT INTO `zone` VALUES (40, 2, 'Kolonje', 'ER', 1);
	INSERT INTO `zone` VALUES (41, 2, 'Fier', 'FR', 1);
	INSERT INTO `zone` VALUES (42, 2, 'Gjirokaster', 'GJ', 1);
	INSERT INTO `zone` VALUES (43, 2, 'Gramsh', 'GR', 1);
	INSERT INTO `zone` VALUES (44, 2, 'Has', 'HA', 1);
	INSERT INTO `zone` VALUES (45, 2, 'Kavaje', 'KA', 1);
	INSERT INTO `zone` VALUES (46, 2, 'Kurbin', 'KB', 1);
	INSERT INTO `zone` VALUES (47, 2, 'Kucove', 'KC', 1);
	INSERT INTO `zone` VALUES (48, 2, 'Korce', 'KO', 1);
	INSERT INTO `zone` VALUES (49, 2, 'Kruje', 'KR', 1);
	INSERT INTO `zone` VALUES (50, 2, 'Kukes', 'KU', 1);
	INSERT INTO `zone` VALUES (51, 2, 'Librazhd', 'LB', 1);
	INSERT INTO `zone` VALUES (52, 2, 'Lezhe', 'LE', 1);
	INSERT INTO `zone` VALUES (53, 2, 'Lushnje', 'LU', 1);
	INSERT INTO `zone` VALUES (54, 2, 'Malesi e Madhe', 'MM', 1);
	INSERT INTO `zone` VALUES (55, 2, 'Mallakaster', 'MK', 1);
	INSERT INTO `zone` VALUES (56, 2, 'Mat', 'MT', 1);
	INSERT INTO `zone` VALUES (57, 2, 'Mirdite', 'MR', 1);
	INSERT INTO `zone` VALUES (58, 2, 'Peqin', 'PQ', 1);
	INSERT INTO `zone` VALUES (59, 2, 'Permet', 'PR', 1);
	INSERT INTO `zone` VALUES (60, 2, 'Pogradec', 'PG', 1);
	INSERT INTO `zone` VALUES (61, 2, 'Puke', 'PU', 1);
	INSERT INTO `zone` VALUES (62, 2, 'Shkoder', 'SH', 1);
	INSERT INTO `zone` VALUES (63, 2, 'Skrapar', 'SK', 1);
	INSERT INTO `zone` VALUES (64, 2, 'Sarande', 'SR', 1);
	INSERT INTO `zone` VALUES (65, 2, 'Tepelene', 'TE', 1);
	INSERT INTO `zone` VALUES (66, 2, 'Tropoje', 'TP', 1);
	INSERT INTO `zone` VALUES (67, 2, 'Tirane', 'TR', 1);
	INSERT INTO `zone` VALUES (68, 2, 'Vlore', 'VL', 1);
	INSERT INTO `zone` VALUES (69, 3, 'Adrar', 'ADR', 1);
	INSERT INTO `zone` VALUES (70, 3, 'Ain Defla', 'ADE', 1);
	INSERT INTO `zone` VALUES (71, 3, 'Ain Temouchent', 'ATE', 1);
	INSERT INTO `zone` VALUES (72, 3, 'Alger', 'ALG', 1);
	INSERT INTO `zone` VALUES (73, 3, 'Annaba', 'ANN', 1);
	INSERT INTO `zone` VALUES (74, 3, 'Batna', 'BAT', 1);
	INSERT INTO `zone` VALUES (75, 3, 'Bechar', 'BEC', 1);
	INSERT INTO `zone` VALUES (76, 3, 'Bejaia', 'BEJ', 1);
	INSERT INTO `zone` VALUES (77, 3, 'Biskra', 'BIS', 1);
	INSERT INTO `zone` VALUES (78, 3, 'Blida', 'BLI', 1);
	INSERT INTO `zone` VALUES (79, 3, 'Bordj Bou Arreridj', 'BBA', 1);
	INSERT INTO `zone` VALUES (80, 3, 'Bouira', 'BOA', 1);
	INSERT INTO `zone` VALUES (81, 3, 'Boumerdes', 'BMD', 1);
	INSERT INTO `zone` VALUES (82, 3, 'Chlef', 'CHL', 1);
	INSERT INTO `zone` VALUES (83, 3, 'Constantine', 'CON', 1);
	INSERT INTO `zone` VALUES (84, 3, 'Djelfa', 'DJE', 1);
	INSERT INTO `zone` VALUES (85, 3, 'El Bayadh', 'EBA', 1);
	INSERT INTO `zone` VALUES (86, 3, 'El Oued', 'EOU', 1);
	INSERT INTO `zone` VALUES (87, 3, 'El Tarf', 'ETA', 1);
	INSERT INTO `zone` VALUES (88, 3, 'Ghardaia', 'GHA', 1);
	INSERT INTO `zone` VALUES (89, 3, 'Guelma', 'GUE', 1);
	INSERT INTO `zone` VALUES (90, 3, 'Illizi', 'ILL', 1);
	INSERT INTO `zone` VALUES (91, 3, 'Jijel', 'JIJ', 1);
	INSERT INTO `zone` VALUES (92, 3, 'Khenchela', 'KHE', 1);
	INSERT INTO `zone` VALUES (93, 3, 'Laghouat', 'LAG', 1);
	INSERT INTO `zone` VALUES (94, 3, 'Muaskar', 'MUA', 1);
	INSERT INTO `zone` VALUES (95, 3, 'Medea', 'MED', 1);
	INSERT INTO `zone` VALUES (96, 3, 'Mila', 'MIL', 1);
	INSERT INTO `zone` VALUES (97, 3, 'Mostaganem', 'MOS', 1);
	INSERT INTO `zone` VALUES (98, 3, 'M\'Sila', 'MSI', 1);
	INSERT INTO `zone` VALUES (99, 3, 'Naama', 'NAA', 1);
	INSERT INTO `zone` VALUES (100, 3, 'Oran', 'ORA', 1);
	INSERT INTO `zone` VALUES (101, 3, 'Ouargla', 'OUA', 1);
	INSERT INTO `zone` VALUES (102, 3, 'Oum el-Bouaghi', 'OEB', 1);
	INSERT INTO `zone` VALUES (103, 3, 'Relizane', 'REL', 1);
	INSERT INTO `zone` VALUES (104, 3, 'Saida', 'SAI', 1);
	INSERT INTO `zone` VALUES (105, 3, 'Setif', 'SET', 1);
	INSERT INTO `zone` VALUES (106, 3, 'Sidi Bel Abbes', 'SBA', 1);
	INSERT INTO `zone` VALUES (107, 3, 'Skikda', 'SKI', 1);
	INSERT INTO `zone` VALUES (108, 3, 'Souk Ahras', 'SAH', 1);
	INSERT INTO `zone` VALUES (109, 3, 'Tamanghasset', 'TAM', 1);
	INSERT INTO `zone` VALUES (110, 3, 'Tebessa', 'TEB', 1);
	INSERT INTO `zone` VALUES (111, 3, 'Tiaret', 'TIA', 1);
	INSERT INTO `zone` VALUES (112, 3, 'Tindouf', 'TIN', 1);
	INSERT INTO `zone` VALUES (113, 3, 'Tipaza', 'TIP', 1);
	INSERT INTO `zone` VALUES (114, 3, 'Tissemsilt', 'TIS', 1);
	INSERT INTO `zone` VALUES (115, 3, 'Tizi Ouzou', 'TOU', 1);
	INSERT INTO `zone` VALUES (116, 3, 'Tlemcen', 'TLE', 1);
	INSERT INTO `zone` VALUES (117, 4, 'Eastern', 'E', 1);
	INSERT INTO `zone` VALUES (118, 4, 'Manu\'a', 'M', 1);
	INSERT INTO `zone` VALUES (119, 4, 'Rose Island', 'R', 1);
	INSERT INTO `zone` VALUES (120, 4, 'Swains Island', 'S', 1);
	INSERT INTO `zone` VALUES (121, 4, 'Western', 'W', 1);
	INSERT INTO `zone` VALUES (122, 5, 'Andorra la Vella', 'ALV', 1);
	INSERT INTO `zone` VALUES (123, 5, 'Canillo', 'CAN', 1);
	INSERT INTO `zone` VALUES (124, 5, 'Encamp', 'ENC', 1);
	INSERT INTO `zone` VALUES (125, 5, 'Escaldes-Engordany', 'ESE', 1);
	INSERT INTO `zone` VALUES (126, 5, 'La Massana', 'LMA', 1);
	INSERT INTO `zone` VALUES (127, 5, 'Ordino', 'ORD', 1);
	INSERT INTO `zone` VALUES (128, 5, 'Sant Julia de Loria', 'SJL', 1);
	INSERT INTO `zone` VALUES (129, 6, 'Bengo', 'BGO', 1);
	INSERT INTO `zone` VALUES (130, 6, 'Benguela', 'BGU', 1);
	INSERT INTO `zone` VALUES (131, 6, 'Bie', 'BIE', 1);
	INSERT INTO `zone` VALUES (132, 6, 'Cabinda', 'CAB', 1);
	INSERT INTO `zone` VALUES (133, 6, 'Cuando-Cubango', 'CCU', 1);
	INSERT INTO `zone` VALUES (134, 6, 'Cuanza Norte', 'CNO', 1);
	INSERT INTO `zone` VALUES (135, 6, 'Cuanza Sul', 'CUS', 1);
	INSERT INTO `zone` VALUES (136, 6, 'Cunene', 'CNN', 1);
	INSERT INTO `zone` VALUES (137, 6, 'Huambo', 'HUA', 1);
	INSERT INTO `zone` VALUES (138, 6, 'Huila', 'HUI', 1);
	INSERT INTO `zone` VALUES (139, 6, 'Luanda', 'LUA', 1);
	INSERT INTO `zone` VALUES (140, 6, 'Lunda Norte', 'LNO', 1);
	INSERT INTO `zone` VALUES (141, 6, 'Lunda Sul', 'LSU', 1);
	INSERT INTO `zone` VALUES (142, 6, 'Malange', 'MAL', 1);
	INSERT INTO `zone` VALUES (143, 6, 'Moxico', 'MOX', 1);
	INSERT INTO `zone` VALUES (144, 6, 'Namibe', 'NAM', 1);
	INSERT INTO `zone` VALUES (145, 6, 'Uige', 'UIG', 1);
	INSERT INTO `zone` VALUES (146, 6, 'Zaire', 'ZAI', 1);
	INSERT INTO `zone` VALUES (147, 9, 'Saint George', 'ASG', 1);
	INSERT INTO `zone` VALUES (148, 9, 'Saint John', 'ASJ', 1);
	INSERT INTO `zone` VALUES (149, 9, 'Saint Mary', 'ASM', 1);
	INSERT INTO `zone` VALUES (150, 9, 'Saint Paul', 'ASL', 1);
	INSERT INTO `zone` VALUES (151, 9, 'Saint Peter', 'ASR', 1);
	INSERT INTO `zone` VALUES (152, 9, 'Saint Philip', 'ASH', 1);
	INSERT INTO `zone` VALUES (153, 9, 'Barbuda', 'BAR', 1);
	INSERT INTO `zone` VALUES (154, 9, 'Redonda', 'RED', 1);
	INSERT INTO `zone` VALUES (155, 10, 'Antartida e Islas del Atlantico', 'AN', 1);
	INSERT INTO `zone` VALUES (156, 10, 'Buenos Aires', 'BA', 1);
	INSERT INTO `zone` VALUES (157, 10, 'Catamarca', 'CA', 1);
	INSERT INTO `zone` VALUES (158, 10, 'Chaco', 'CH', 1);
	INSERT INTO `zone` VALUES (159, 10, 'Chubut', 'CU', 1);
	INSERT INTO `zone` VALUES (160, 10, 'Cordoba', 'CO', 1);
	INSERT INTO `zone` VALUES (161, 10, 'Corrientes', 'CR', 1);
	INSERT INTO `zone` VALUES (162, 10, 'Distrito Federal', 'DF', 1);
	INSERT INTO `zone` VALUES (163, 10, 'Entre Rios', 'ER', 1);
	INSERT INTO `zone` VALUES (164, 10, 'Formosa', 'FO', 1);
	INSERT INTO `zone` VALUES (165, 10, 'Jujuy', 'JU', 1);
	INSERT INTO `zone` VALUES (166, 10, 'La Pampa', 'LP', 1);
	INSERT INTO `zone` VALUES (167, 10, 'La Rioja', 'LR', 1);
	INSERT INTO `zone` VALUES (168, 10, 'Mendoza', 'ME', 1);
	INSERT INTO `zone` VALUES (169, 10, 'Misiones', 'MI', 1);
	INSERT INTO `zone` VALUES (170, 10, 'Neuquen', 'NE', 1);
	INSERT INTO `zone` VALUES (171, 10, 'Rio Negro', 'RN', 1);
	INSERT INTO `zone` VALUES (172, 10, 'Salta', 'SA', 1);
	INSERT INTO `zone` VALUES (173, 10, 'San Juan', 'SJ', 1);
	INSERT INTO `zone` VALUES (174, 10, 'San Luis', 'SL', 1);
	INSERT INTO `zone` VALUES (175, 10, 'Santa Cruz', 'SC', 1);
	INSERT INTO `zone` VALUES (176, 10, 'Santa Fe', 'SF', 1);
	INSERT INTO `zone` VALUES (177, 10, 'Santiago del Estero', 'SD', 1);
	INSERT INTO `zone` VALUES (178, 10, 'Tierra del Fuego', 'TF', 1);
	INSERT INTO `zone` VALUES (179, 10, 'Tucuman', 'TU', 1);
	INSERT INTO `zone` VALUES (180, 11, 'Арагацотн', 'AGT', 1);
	INSERT INTO `zone` VALUES (181, 11, 'Арарат', 'ARR', 1);
	INSERT INTO `zone` VALUES (182, 11, 'Армавир', 'ARM', 1);
	INSERT INTO `zone` VALUES (183, 11, 'Гегаркуник', 'GEG', 1);
	INSERT INTO `zone` VALUES (184, 11, 'Котайк', 'KOT', 1);
	INSERT INTO `zone` VALUES (185, 11, 'Лори', 'LOR', 1);
	INSERT INTO `zone` VALUES (186, 11, 'Ширак', 'SHI', 1);
	INSERT INTO `zone` VALUES (187, 11, 'Сюник', 'SYU', 1);
	INSERT INTO `zone` VALUES (188, 11, 'Тавуш', 'TAV', 1);
	INSERT INTO `zone` VALUES (189, 11, 'Вайоц Дзор', 'VAY', 1);
	INSERT INTO `zone` VALUES (190, 11, 'Ереван', 'YER', 1);
	INSERT INTO `zone` VALUES (191, 13, 'Australian Capital Territory', 'ACT', 1);
	INSERT INTO `zone` VALUES (192, 13, 'New South Wales', 'NSW', 1);
	INSERT INTO `zone` VALUES (193, 13, 'Northern Territory', 'NT', 1);
	INSERT INTO `zone` VALUES (194, 13, 'Queensland', 'QLD', 1);
	INSERT INTO `zone` VALUES (195, 13, 'South Australia', 'SA', 1);
	INSERT INTO `zone` VALUES (196, 13, 'Tasmania', 'TAS', 1);
	INSERT INTO `zone` VALUES (197, 13, 'Victoria', 'VIC', 1);
	INSERT INTO `zone` VALUES (198, 13, 'Western Australia', 'WA', 1);
	INSERT INTO `zone` VALUES (199, 14, 'Burgenland', 'BUR', 1);
	INSERT INTO `zone` VALUES (200, 14, 'Kärnten', 'KAR', 1);
	INSERT INTO `zone` VALUES (201, 14, 'Nieder&ouml;sterreich', 'NOS', 1);
	INSERT INTO `zone` VALUES (202, 14, 'Ober&ouml;sterreich', 'OOS', 1);
	INSERT INTO `zone` VALUES (203, 14, 'Salzburg', 'SAL', 1);
	INSERT INTO `zone` VALUES (204, 14, 'Steiermark', 'STE', 1);
	INSERT INTO `zone` VALUES (205, 14, 'Tirol', 'TIR', 1);
	INSERT INTO `zone` VALUES (206, 14, 'Vorarlberg', 'VOR', 1);
	INSERT INTO `zone` VALUES (207, 14, 'Wien', 'WIE', 1);
	INSERT INTO `zone` VALUES (208, 15, 'Ali Bayramli', 'AB', 1);
	INSERT INTO `zone` VALUES (209, 15, 'Abseron', 'ABS', 1);
	INSERT INTO `zone` VALUES (210, 15, 'AgcabAdi', 'AGC', 1);
	INSERT INTO `zone` VALUES (211, 15, 'Agdam', 'AGM', 1);
	INSERT INTO `zone` VALUES (212, 15, 'Agdas', 'AGS', 1);
	INSERT INTO `zone` VALUES (213, 15, 'Agstafa', 'AGA', 1);
	INSERT INTO `zone` VALUES (214, 15, 'Agsu', 'AGU', 1);
	INSERT INTO `zone` VALUES (215, 15, 'Astara', 'AST', 1);
	INSERT INTO `zone` VALUES (216, 15, 'Baki', 'BA', 1);
	INSERT INTO `zone` VALUES (217, 15, 'BabAk', 'BAB', 1);
	INSERT INTO `zone` VALUES (218, 15, 'BalakAn', 'BAL', 1);
	INSERT INTO `zone` VALUES (219, 15, 'BArdA', 'BAR', 1);
	INSERT INTO `zone` VALUES (220, 15, 'Beylaqan', 'BEY', 1);
	INSERT INTO `zone` VALUES (221, 15, 'Bilasuvar', 'BIL', 1);
	INSERT INTO `zone` VALUES (222, 15, 'Cabrayil', 'CAB', 1);
	INSERT INTO `zone` VALUES (223, 15, 'Calilabab', 'CAL', 1);
	INSERT INTO `zone` VALUES (224, 15, 'Culfa', 'CUL', 1);
	INSERT INTO `zone` VALUES (225, 15, 'Daskasan', 'DAS', 1);
	INSERT INTO `zone` VALUES (226, 15, 'Davaci', 'DAV', 1);
	INSERT INTO `zone` VALUES (227, 15, 'Fuzuli', 'FUZ', 1);
	INSERT INTO `zone` VALUES (228, 15, 'Ganca', 'GA', 1);
	INSERT INTO `zone` VALUES (229, 15, 'Gadabay', 'GAD', 1);
	INSERT INTO `zone` VALUES (230, 15, 'Goranboy', 'GOR', 1);
	INSERT INTO `zone` VALUES (231, 15, 'Goycay', 'GOY', 1);
	INSERT INTO `zone` VALUES (232, 15, 'Haciqabul', 'HAC', 1);
	INSERT INTO `zone` VALUES (233, 15, 'Imisli', 'IMI', 1);
	INSERT INTO `zone` VALUES (234, 15, 'Ismayilli', 'ISM', 1);
	INSERT INTO `zone` VALUES (235, 15, 'Kalbacar', 'KAL', 1);
	INSERT INTO `zone` VALUES (236, 15, 'Kurdamir', 'KUR', 1);
	INSERT INTO `zone` VALUES (237, 15, 'Lankaran', 'LA', 1);
	INSERT INTO `zone` VALUES (238, 15, 'Lacin', 'LAC', 1);
	INSERT INTO `zone` VALUES (239, 15, 'Lankaran', 'LAN', 1);
	INSERT INTO `zone` VALUES (240, 15, 'Lerik', 'LER', 1);
	INSERT INTO `zone` VALUES (241, 15, 'Masalli', 'MAS', 1);
	INSERT INTO `zone` VALUES (242, 15, 'Mingacevir', 'MI', 1);
	INSERT INTO `zone` VALUES (243, 15, 'Naftalan', 'NA', 1);
	INSERT INTO `zone` VALUES (244, 15, 'Neftcala', 'NEF', 1);
	INSERT INTO `zone` VALUES (245, 15, 'Oguz', 'OGU', 1);
	INSERT INTO `zone` VALUES (246, 15, 'Ordubad', 'ORD', 1);
	INSERT INTO `zone` VALUES (247, 15, 'Qabala', 'QAB', 1);
	INSERT INTO `zone` VALUES (248, 15, 'Qax', 'QAX', 1);
	INSERT INTO `zone` VALUES (249, 15, 'Qazax', 'QAZ', 1);
	INSERT INTO `zone` VALUES (250, 15, 'Qobustan', 'QOB', 1);
	INSERT INTO `zone` VALUES (251, 15, 'Quba', 'QBA', 1);
	INSERT INTO `zone` VALUES (252, 15, 'Qubadli', 'QBI', 1);
	INSERT INTO `zone` VALUES (253, 15, 'Qusar', 'QUS', 1);
	INSERT INTO `zone` VALUES (254, 15, 'Saki', 'SA', 1);
	INSERT INTO `zone` VALUES (255, 15, 'Saatli', 'SAT', 1);
	INSERT INTO `zone` VALUES (256, 15, 'Sabirabad', 'SAB', 1);
	INSERT INTO `zone` VALUES (257, 15, 'Sadarak', 'SAD', 1);
	INSERT INTO `zone` VALUES (258, 15, 'Sahbuz', 'SAH', 1);
	INSERT INTO `zone` VALUES (259, 15, 'Saki', 'SAK', 1);
	INSERT INTO `zone` VALUES (260, 15, 'Salyan', 'SAL', 1);
	INSERT INTO `zone` VALUES (261, 15, 'Sumqayit', 'SM', 1);
	INSERT INTO `zone` VALUES (262, 15, 'Samaxi', 'SMI', 1);
	INSERT INTO `zone` VALUES (263, 15, 'Samkir', 'SKR', 1);
	INSERT INTO `zone` VALUES (264, 15, 'Samux', 'SMX', 1);
	INSERT INTO `zone` VALUES (265, 15, 'Sarur', 'SAR', 1);
	INSERT INTO `zone` VALUES (266, 15, 'Siyazan', 'SIY', 1);
	INSERT INTO `zone` VALUES (267, 15, 'Susa', 'SS', 1);
	INSERT INTO `zone` VALUES (268, 15, 'Susa', 'SUS', 1);
	INSERT INTO `zone` VALUES (269, 15, 'Tartar', 'TAR', 1);
	INSERT INTO `zone` VALUES (270, 15, 'Tovuz', 'TOV', 1);
	INSERT INTO `zone` VALUES (271, 15, 'Ucar', 'UCA', 1);
	INSERT INTO `zone` VALUES (272, 15, 'Xankandi', 'XA', 1);
	INSERT INTO `zone` VALUES (273, 15, 'Xacmaz', 'XAC', 1);
	INSERT INTO `zone` VALUES (274, 15, 'Xanlar', 'XAN', 1);
	INSERT INTO `zone` VALUES (275, 15, 'Xizi', 'XIZ', 1);
	INSERT INTO `zone` VALUES (276, 15, 'Xocali', 'XCI', 1);
	INSERT INTO `zone` VALUES (277, 15, 'Xocavand', 'XVD', 1);
	INSERT INTO `zone` VALUES (278, 15, 'Yardimli', 'YAR', 1);
	INSERT INTO `zone` VALUES (279, 15, 'Yevlax', 'YEV', 1);
	INSERT INTO `zone` VALUES (280, 15, 'Zangilan', 'ZAN', 1);
	INSERT INTO `zone` VALUES (281, 15, 'Zaqatala', 'ZAQ', 1);
	INSERT INTO `zone` VALUES (282, 15, 'Zardab', 'ZAR', 1);
	INSERT INTO `zone` VALUES (283, 15, 'Naxcivan', 'NX', 1);
	INSERT INTO `zone` VALUES (284, 16, 'Acklins', 'ACK', 1);
	INSERT INTO `zone` VALUES (285, 16, 'Berry Islands', 'BER', 1);
	INSERT INTO `zone` VALUES (286, 16, 'Bimini', 'BIM', 1);
	INSERT INTO `zone` VALUES (287, 16, 'Black Point', 'BLK', 1);
	INSERT INTO `zone` VALUES (288, 16, 'Cat Island', 'CAT', 1);
	INSERT INTO `zone` VALUES (289, 16, 'Central Abaco', 'CAB', 1);
	INSERT INTO `zone` VALUES (290, 16, 'Central Andros', 'CAN', 1);
	INSERT INTO `zone` VALUES (291, 16, 'Central Eleuthera', 'CEL', 1);
	INSERT INTO `zone` VALUES (292, 16, 'City of Freeport', 'FRE', 1);
	INSERT INTO `zone` VALUES (293, 16, 'Crooked Island', 'CRO', 1);
	INSERT INTO `zone` VALUES (294, 16, 'East Grand Bahama', 'EGB', 1);
	INSERT INTO `zone` VALUES (295, 16, 'Exuma', 'EXU', 1);
	INSERT INTO `zone` VALUES (296, 16, 'Grand Cay', 'GRD', 1);
	INSERT INTO `zone` VALUES (297, 16, 'Harbour Island', 'HAR', 1);
	INSERT INTO `zone` VALUES (298, 16, 'Hope Town', 'HOP', 1);
	INSERT INTO `zone` VALUES (299, 16, 'Inagua', 'INA', 1);
	INSERT INTO `zone` VALUES (300, 16, 'Long Island', 'LNG', 1);
	INSERT INTO `zone` VALUES (301, 16, 'Mangrove Cay', 'MAN', 1);
	INSERT INTO `zone` VALUES (302, 16, 'Mayaguana', 'MAY', 1);
	INSERT INTO `zone` VALUES (303, 16, 'Moore\'s Island', 'MOO', 1);
	INSERT INTO `zone` VALUES (304, 16, 'North Abaco', 'NAB', 1);
	INSERT INTO `zone` VALUES (305, 16, 'North Andros', 'NAN', 1);
	INSERT INTO `zone` VALUES (306, 16, 'North Eleuthera', 'NEL', 1);
	INSERT INTO `zone` VALUES (307, 16, 'Ragged Island', 'RAG', 1);
	INSERT INTO `zone` VALUES (308, 16, 'Rum Cay', 'RUM', 1);
	INSERT INTO `zone` VALUES (309, 16, 'San Salvador', 'SAL', 1);
	INSERT INTO `zone` VALUES (310, 16, 'South Abaco', 'SAB', 1);
	INSERT INTO `zone` VALUES (311, 16, 'South Andros', 'SAN', 1);
	INSERT INTO `zone` VALUES (312, 16, 'South Eleuthera', 'SEL', 1);
	INSERT INTO `zone` VALUES (313, 16, 'Spanish Wells', 'SWE', 1);
	INSERT INTO `zone` VALUES (314, 16, 'West Grand Bahama', 'WGB', 1);
	INSERT INTO `zone` VALUES (315, 17, 'Capital', 'CAP', 1);
	INSERT INTO `zone` VALUES (316, 17, 'Central', 'CEN', 1);
	INSERT INTO `zone` VALUES (317, 17, 'Muharraq', 'MUH', 1);
	INSERT INTO `zone` VALUES (318, 17, 'Northern', 'NOR', 1);
	INSERT INTO `zone` VALUES (319, 17, 'Southern', 'SOU', 1);
	INSERT INTO `zone` VALUES (320, 18, 'Barisal', 'BAR', 1);
	INSERT INTO `zone` VALUES (321, 18, 'Chittagong', 'CHI', 1);
	INSERT INTO `zone` VALUES (322, 18, 'Dhaka', 'DHA', 1);
	INSERT INTO `zone` VALUES (323, 18, 'Khulna', 'KHU', 1);
	INSERT INTO `zone` VALUES (324, 18, 'Rajshahi', 'RAJ', 1);
	INSERT INTO `zone` VALUES (325, 18, 'Sylhet', 'SYL', 1);
	INSERT INTO `zone` VALUES (326, 19, 'Christ Church', 'CC', 1);
	INSERT INTO `zone` VALUES (327, 19, 'Saint Andrew', 'AND', 1);
	INSERT INTO `zone` VALUES (328, 19, 'Saint George', 'GEO', 1);
	INSERT INTO `zone` VALUES (329, 19, 'Saint James', 'JAM', 1);
	INSERT INTO `zone` VALUES (330, 19, 'Saint John', 'JOH', 1);
	INSERT INTO `zone` VALUES (331, 19, 'Saint Joseph', 'JOS', 1);
	INSERT INTO `zone` VALUES (332, 19, 'Saint Lucy', 'LUC', 1);
	INSERT INTO `zone` VALUES (333, 19, 'Saint Michael', 'MIC', 1);
	INSERT INTO `zone` VALUES (334, 19, 'Saint Peter', 'PET', 1);
	INSERT INTO `zone` VALUES (335, 19, 'Saint Philip', 'PHI', 1);
	INSERT INTO `zone` VALUES (336, 19, 'Saint Thomas', 'THO', 1);
	INSERT INTO `zone` VALUES (337, 20, 'Брест', 'BR', 1);
	INSERT INTO `zone` VALUES (338, 20, 'Гомель', 'HO', 1);
	INSERT INTO `zone` VALUES (339, 20, 'Минск', 'HM', 1);
	INSERT INTO `zone` VALUES (340, 20, 'Гродно', 'HR', 1);
	INSERT INTO `zone` VALUES (341, 20, 'Могилев', 'MA', 1);
	INSERT INTO `zone` VALUES (342, 20, 'Минская область', 'MI', 1);
	INSERT INTO `zone` VALUES (343, 20, 'Витебск', 'VI', 1);
	INSERT INTO `zone` VALUES (344, 21, 'Antwerpen', 'VAN', 1);
	INSERT INTO `zone` VALUES (345, 21, 'Brabant Wallon', 'WBR', 1);
	INSERT INTO `zone` VALUES (346, 21, 'Hainaut', 'WHT', 1);
	INSERT INTO `zone` VALUES (347, 21, 'Liège', 'WLG', 1);
	INSERT INTO `zone` VALUES (348, 21, 'Limburg', 'VLI', 1);
	INSERT INTO `zone` VALUES (349, 21, 'Luxembourg', 'WLX', 1);
	INSERT INTO `zone` VALUES (350, 21, 'Namur', 'WNA', 1);
	INSERT INTO `zone` VALUES (351, 21, 'Oost-Vlaanderen', 'VOV', 1);
	INSERT INTO `zone` VALUES (352, 21, 'Vlaams Brabant', 'VBR', 1);
	INSERT INTO `zone` VALUES (353, 21, 'West-Vlaanderen', 'VWV', 1);
	INSERT INTO `zone` VALUES (354, 22, 'Belize', 'BZ', 1);
	INSERT INTO `zone` VALUES (355, 22, 'Cayo', 'CY', 1);
	INSERT INTO `zone` VALUES (356, 22, 'Corozal', 'CR', 1);
	INSERT INTO `zone` VALUES (357, 22, 'Orange Walk', 'OW', 1);
	INSERT INTO `zone` VALUES (358, 22, 'Stann Creek', 'SC', 1);
	INSERT INTO `zone` VALUES (359, 22, 'Toledo', 'TO', 1);
	INSERT INTO `zone` VALUES (360, 23, 'Alibori', 'AL', 1);
	INSERT INTO `zone` VALUES (361, 23, 'Atakora', 'AK', 1);
	INSERT INTO `zone` VALUES (362, 23, 'Atlantique', 'AQ', 1);
	INSERT INTO `zone` VALUES (363, 23, 'Borgou', 'BO', 1);
	INSERT INTO `zone` VALUES (364, 23, 'Collines', 'CO', 1);
	INSERT INTO `zone` VALUES (365, 23, 'Donga', 'DO', 1);
	INSERT INTO `zone` VALUES (366, 23, 'Kouffo', 'KO', 1);
	INSERT INTO `zone` VALUES (367, 23, 'Littoral', 'LI', 1);
	INSERT INTO `zone` VALUES (368, 23, 'Mono', 'MO', 1);
	INSERT INTO `zone` VALUES (369, 23, 'Oueme', 'OU', 1);
	INSERT INTO `zone` VALUES (370, 23, 'Plateau', 'PL', 1);
	INSERT INTO `zone` VALUES (371, 23, 'Zou', 'ZO', 1);
	INSERT INTO `zone` VALUES (372, 24, 'Devonshire', 'DS', 1);
	INSERT INTO `zone` VALUES (373, 24, 'Hamilton City', 'HC', 1);
	INSERT INTO `zone` VALUES (374, 24, 'Hamilton', 'HA', 1);
	INSERT INTO `zone` VALUES (375, 24, 'Paget', 'PG', 1);
	INSERT INTO `zone` VALUES (376, 24, 'Pembroke', 'PB', 1);
	INSERT INTO `zone` VALUES (377, 24, 'Saint George City', 'GC', 1);
	INSERT INTO `zone` VALUES (378, 24, 'Saint George\'s', 'SG', 1);
	INSERT INTO `zone` VALUES (379, 24, 'Sandys', 'SA', 1);
	INSERT INTO `zone` VALUES (380, 24, 'Smith\'s', 'SM', 1);
	INSERT INTO `zone` VALUES (381, 24, 'Southampton', 'SH', 1);
	INSERT INTO `zone` VALUES (382, 24, 'Warwick', 'WA', 1);
	INSERT INTO `zone` VALUES (383, 25, 'Bumthang', 'BUM', 1);
	INSERT INTO `zone` VALUES (384, 25, 'Chukha', 'CHU', 1);
	INSERT INTO `zone` VALUES (385, 25, 'Dagana', 'DAG', 1);
	INSERT INTO `zone` VALUES (386, 25, 'Gasa', 'GAS', 1);
	INSERT INTO `zone` VALUES (387, 25, 'Haa', 'HAA', 1);
	INSERT INTO `zone` VALUES (388, 25, 'Lhuntse', 'LHU', 1);
	INSERT INTO `zone` VALUES (389, 25, 'Mongar', 'MON', 1);
	INSERT INTO `zone` VALUES (390, 25, 'Paro', 'PAR', 1);
	INSERT INTO `zone` VALUES (391, 25, 'Pemagatshel', 'PEM', 1);
	INSERT INTO `zone` VALUES (392, 25, 'Punakha', 'PUN', 1);
	INSERT INTO `zone` VALUES (393, 25, 'Samdrup Jongkhar', 'SJO', 1);
	INSERT INTO `zone` VALUES (394, 25, 'Samtse', 'SAT', 1);
	INSERT INTO `zone` VALUES (395, 25, 'Sarpang', 'SAR', 1);
	INSERT INTO `zone` VALUES (396, 25, 'Thimphu', 'THI', 1);
	INSERT INTO `zone` VALUES (397, 25, 'Trashigang', 'TRG', 1);
	INSERT INTO `zone` VALUES (398, 25, 'Trashiyangste', 'TRY', 1);
	INSERT INTO `zone` VALUES (399, 25, 'Trongsa', 'TRO', 1);
	INSERT INTO `zone` VALUES (400, 25, 'Tsirang', 'TSI', 1);
	INSERT INTO `zone` VALUES (401, 25, 'Wangdue Phodrang', 'WPH', 1);
	INSERT INTO `zone` VALUES (402, 25, 'Zhemgang', 'ZHE', 1);
	INSERT INTO `zone` VALUES (403, 26, 'Beni', 'BEN', 1);
	INSERT INTO `zone` VALUES (404, 26, 'Chuquisaca', 'CHU', 1);
	INSERT INTO `zone` VALUES (405, 26, 'Cochabamba', 'COC', 1);
	INSERT INTO `zone` VALUES (406, 26, 'La Paz', 'LPZ', 1);
	INSERT INTO `zone` VALUES (407, 26, 'Oruro', 'ORU', 1);
	INSERT INTO `zone` VALUES (408, 26, 'Pando', 'PAN', 1);
	INSERT INTO `zone` VALUES (409, 26, 'Potosi', 'POT', 1);
	INSERT INTO `zone` VALUES (410, 26, 'Santa Cruz', 'SCZ', 1);
	INSERT INTO `zone` VALUES (411, 26, 'Tarija', 'TAR', 1);
	INSERT INTO `zone` VALUES (412, 27, 'Brcko district', 'BRO', 1);
	INSERT INTO `zone` VALUES (413, 27, 'Unsko-Sanski Kanton', 'FUS', 1);
	INSERT INTO `zone` VALUES (414, 27, 'Posavski Kanton', 'FPO', 1);
	INSERT INTO `zone` VALUES (415, 27, 'Tuzlanski Kanton', 'FTU', 1);
	INSERT INTO `zone` VALUES (416, 27, 'Zenicko-Dobojski Kanton', 'FZE', 1);
	INSERT INTO `zone` VALUES (417, 27, 'Bosanskopodrinjski Kanton', 'FBP', 1);
	INSERT INTO `zone` VALUES (418, 27, 'Srednjebosanski Kanton', 'FSB', 1);
	INSERT INTO `zone` VALUES (419, 27, 'Hercegovacko-neretvanski Kanton', 'FHN', 1);
	INSERT INTO `zone` VALUES (420, 27, 'Zapadnohercegovacka Zupanija', 'FZH', 1);
	INSERT INTO `zone` VALUES (421, 27, 'Kanton Sarajevo', 'FSA', 1);
	INSERT INTO `zone` VALUES (422, 27, 'Zapadnobosanska', 'FZA', 1);
	INSERT INTO `zone` VALUES (423, 27, 'Banja Luka', 'SBL', 1);
	INSERT INTO `zone` VALUES (424, 27, 'Doboj', 'SDO', 1);
	INSERT INTO `zone` VALUES (425, 27, 'Bijeljina', 'SBI', 1);
	INSERT INTO `zone` VALUES (426, 27, 'Vlasenica', 'SVL', 1);
	INSERT INTO `zone` VALUES (427, 27, 'Sarajevo-Romanija or Sokolac', 'SSR', 1);
	INSERT INTO `zone` VALUES (428, 27, 'Foca', 'SFO', 1);
	INSERT INTO `zone` VALUES (429, 27, 'Trebinje', 'STR', 1);
	INSERT INTO `zone` VALUES (430, 28, 'Central', 'CE', 1);
	INSERT INTO `zone` VALUES (431, 28, 'Ghanzi', 'GH', 1);
	INSERT INTO `zone` VALUES (432, 28, 'Kgalagadi', 'KD', 1);
	INSERT INTO `zone` VALUES (433, 28, 'Kgatleng', 'KT', 1);
	INSERT INTO `zone` VALUES (434, 28, 'Kweneng', 'KW', 1);
	INSERT INTO `zone` VALUES (435, 28, 'Ngamiland', 'NG', 1);
	INSERT INTO `zone` VALUES (436, 28, 'North East', 'NE', 1);
	INSERT INTO `zone` VALUES (437, 28, 'North West', 'NW', 1);
	INSERT INTO `zone` VALUES (438, 28, 'South East', 'SE', 1);
	INSERT INTO `zone` VALUES (439, 28, 'Southern', 'SO', 1);
	INSERT INTO `zone` VALUES (440, 30, 'Acre', 'AC', 1);
	INSERT INTO `zone` VALUES (441, 30, 'Alagoas', 'AL', 1);
	INSERT INTO `zone` VALUES (442, 30, 'Amapá', 'AP', 1);
	INSERT INTO `zone` VALUES (443, 30, 'Amazonas', 'AM', 1);
	INSERT INTO `zone` VALUES (444, 30, 'Bahia', 'BA', 1);
	INSERT INTO `zone` VALUES (445, 30, 'Ceará', 'CE', 1);
	INSERT INTO `zone` VALUES (446, 30, 'Distrito Federal', 'DF', 1);
	INSERT INTO `zone` VALUES (447, 30, 'Espírito Santo', 'ES', 1);
	INSERT INTO `zone` VALUES (448, 30, 'Goiás', 'GO', 1);
	INSERT INTO `zone` VALUES (449, 30, 'Maranhão', 'MA', 1);
	INSERT INTO `zone` VALUES (450, 30, 'Mato Grosso', 'MT', 1);
	INSERT INTO `zone` VALUES (451, 30, 'Mato Grosso do Sul', 'MS', 1);
	INSERT INTO `zone` VALUES (452, 30, 'Minas Gerais', 'MG', 1);
	INSERT INTO `zone` VALUES (453, 30, 'Pará', 'PA', 1);
	INSERT INTO `zone` VALUES (454, 30, 'Paraíba', 'PB', 1);
	INSERT INTO `zone` VALUES (455, 30, 'Paraná', 'PR', 1);
	INSERT INTO `zone` VALUES (456, 30, 'Pernambuco', 'PE', 1);
	INSERT INTO `zone` VALUES (457, 30, 'Piauí', 'PI', 1);
	INSERT INTO `zone` VALUES (458, 30, 'Rio de Janeiro', 'RJ', 1);
	INSERT INTO `zone` VALUES (459, 30, 'Rio Grande do Norte', 'RN', 1);
	INSERT INTO `zone` VALUES (460, 30, 'Rio Grande do Sul', 'RS', 1);
	INSERT INTO `zone` VALUES (461, 30, 'Rondônia', 'RO', 1);
	INSERT INTO `zone` VALUES (462, 30, 'Roraima', 'RR', 1);
	INSERT INTO `zone` VALUES (463, 30, 'Santa Catarina', 'SC', 1);
	INSERT INTO `zone` VALUES (464, 30, 'São Paulo', 'SP', 1);
	INSERT INTO `zone` VALUES (465, 30, 'Sergipe', 'SE', 1);
	INSERT INTO `zone` VALUES (466, 30, 'Tocantins', 'TO', 1);
	INSERT INTO `zone` VALUES (467, 31, 'Peros Banhos', 'PB', 1);
	INSERT INTO `zone` VALUES (468, 31, 'Salomon Islands', 'SI', 1);
	INSERT INTO `zone` VALUES (469, 31, 'Nelsons Island', 'NI', 1);
	INSERT INTO `zone` VALUES (470, 31, 'Three Brothers', 'TB', 1);
	INSERT INTO `zone` VALUES (471, 31, 'Eagle Islands', 'EA', 1);
	INSERT INTO `zone` VALUES (472, 31, 'Danger Island', 'DI', 1);
	INSERT INTO `zone` VALUES (473, 31, 'Egmont Islands', 'EG', 1);
	INSERT INTO `zone` VALUES (474, 31, 'Diego Garcia', 'DG', 1);
	INSERT INTO `zone` VALUES (475, 32, 'Belait', 'BEL', 1);
	INSERT INTO `zone` VALUES (476, 32, 'Brunei and Muara', 'BRM', 1);
	INSERT INTO `zone` VALUES (477, 32, 'Temburong', 'TEM', 1);
	INSERT INTO `zone` VALUES (478, 32, 'Tutong', 'TUT', 1);
	INSERT INTO `zone` VALUES (479, 33, 'Blagoevgrad', '', 1);
	INSERT INTO `zone` VALUES (480, 33, 'Burgas', '', 1);
	INSERT INTO `zone` VALUES (481, 33, 'Dobrich', '', 1);
	INSERT INTO `zone` VALUES (482, 33, 'Gabrovo', '', 1);
	INSERT INTO `zone` VALUES (483, 33, 'Haskovo', '', 1);
	INSERT INTO `zone` VALUES (484, 33, 'Kardjali', '', 1);
	INSERT INTO `zone` VALUES (485, 33, 'Kyustendil', '', 1);
	INSERT INTO `zone` VALUES (486, 33, 'Lovech', '', 1);
	INSERT INTO `zone` VALUES (487, 33, 'Montana', '', 1);
	INSERT INTO `zone` VALUES (488, 33, 'Pazardjik', '', 1);
	INSERT INTO `zone` VALUES (489, 33, 'Pernik', '', 1);
	INSERT INTO `zone` VALUES (490, 33, 'Pleven', '', 1);
	INSERT INTO `zone` VALUES (491, 33, 'Plovdiv', '', 1);
	INSERT INTO `zone` VALUES (492, 33, 'Razgrad', '', 1);
	INSERT INTO `zone` VALUES (493, 33, 'Shumen', '', 1);
	INSERT INTO `zone` VALUES (494, 33, 'Silistra', '', 1);
	INSERT INTO `zone` VALUES (495, 33, 'Sliven', '', 1);
	INSERT INTO `zone` VALUES (496, 33, 'Smolyan', '', 1);
	INSERT INTO `zone` VALUES (497, 33, 'Sofia', '', 1);
	INSERT INTO `zone` VALUES (498, 33, 'Sofia - town', '', 1);
	INSERT INTO `zone` VALUES (499, 33, 'Stara Zagora', '', 1);
	INSERT INTO `zone` VALUES (500, 33, 'Targovishte', '', 1);
	INSERT INTO `zone` VALUES (501, 33, 'Varna', '', 1);
	INSERT INTO `zone` VALUES (502, 33, 'Veliko Tarnovo', '', 1);
	INSERT INTO `zone` VALUES (503, 33, 'Vidin', '', 1);
	INSERT INTO `zone` VALUES (504, 33, 'Vratza', '', 1);
	INSERT INTO `zone` VALUES (505, 33, 'Yambol', '', 1);
	INSERT INTO `zone` VALUES (506, 34, 'Bale', 'BAL', 1);
	INSERT INTO `zone` VALUES (507, 34, 'Bam', 'BAM', 1);
	INSERT INTO `zone` VALUES (508, 34, 'Banwa', 'BAN', 1);
	INSERT INTO `zone` VALUES (509, 34, 'Bazega', 'BAZ', 1);
	INSERT INTO `zone` VALUES (510, 34, 'Bougouriba', 'BOR', 1);
	INSERT INTO `zone` VALUES (511, 34, 'Boulgou', 'BLG', 1);
	INSERT INTO `zone` VALUES (512, 34, 'Boulkiemde', 'BOK', 1);
	INSERT INTO `zone` VALUES (513, 34, 'Comoe', 'COM', 1);
	INSERT INTO `zone` VALUES (514, 34, 'Ganzourgou', 'GAN', 1);
	INSERT INTO `zone` VALUES (515, 34, 'Gnagna', 'GNA', 1);
	INSERT INTO `zone` VALUES (516, 34, 'Gourma', 'GOU', 1);
	INSERT INTO `zone` VALUES (517, 34, 'Houet', 'HOU', 1);
	INSERT INTO `zone` VALUES (518, 34, 'Ioba', 'IOA', 1);
	INSERT INTO `zone` VALUES (519, 34, 'Kadiogo', 'KAD', 1);
	INSERT INTO `zone` VALUES (520, 34, 'Kenedougou', 'KEN', 1);
	INSERT INTO `zone` VALUES (521, 34, 'Komondjari', 'KOD', 1);
	INSERT INTO `zone` VALUES (522, 34, 'Kompienga', 'KOP', 1);
	INSERT INTO `zone` VALUES (523, 34, 'Kossi', 'KOS', 1);
	INSERT INTO `zone` VALUES (524, 34, 'Koulpelogo', 'KOL', 1);
	INSERT INTO `zone` VALUES (525, 34, 'Kouritenga', 'KOT', 1);
	INSERT INTO `zone` VALUES (526, 34, 'Kourweogo', 'KOW', 1);
	INSERT INTO `zone` VALUES (527, 34, 'Leraba', 'LER', 1);
	INSERT INTO `zone` VALUES (528, 34, 'Loroum', 'LOR', 1);
	INSERT INTO `zone` VALUES (529, 34, 'Mouhoun', 'MOU', 1);
	INSERT INTO `zone` VALUES (530, 34, 'Nahouri', 'NAH', 1);
	INSERT INTO `zone` VALUES (531, 34, 'Namentenga', 'NAM', 1);
	INSERT INTO `zone` VALUES (532, 34, 'Nayala', 'NAY', 1);
	INSERT INTO `zone` VALUES (533, 34, 'Noumbiel', 'NOU', 1);
	INSERT INTO `zone` VALUES (534, 34, 'Oubritenga', 'OUB', 1);
	INSERT INTO `zone` VALUES (535, 34, 'Oudalan', 'OUD', 1);
	INSERT INTO `zone` VALUES (536, 34, 'Passore', 'PAS', 1);
	INSERT INTO `zone` VALUES (537, 34, 'Poni', 'PON', 1);
	INSERT INTO `zone` VALUES (538, 34, 'Sanguie', 'SAG', 1);
	INSERT INTO `zone` VALUES (539, 34, 'Sanmatenga', 'SAM', 1);
	INSERT INTO `zone` VALUES (540, 34, 'Seno', 'SEN', 1);
	INSERT INTO `zone` VALUES (541, 34, 'Sissili', 'SIS', 1);
	INSERT INTO `zone` VALUES (542, 34, 'Soum', 'SOM', 1);
	INSERT INTO `zone` VALUES (543, 34, 'Sourou', 'SOR', 1);
	INSERT INTO `zone` VALUES (544, 34, 'Tapoa', 'TAP', 1);
	INSERT INTO `zone` VALUES (545, 34, 'Tuy', 'TUY', 1);
	INSERT INTO `zone` VALUES (546, 34, 'Yagha', 'YAG', 1);
	INSERT INTO `zone` VALUES (547, 34, 'Yatenga', 'YAT', 1);
	INSERT INTO `zone` VALUES (548, 34, 'Ziro', 'ZIR', 1);
	INSERT INTO `zone` VALUES (549, 34, 'Zondoma', 'ZOD', 1);
	INSERT INTO `zone` VALUES (550, 34, 'Zoundweogo', 'ZOW', 1);
	INSERT INTO `zone` VALUES (551, 35, 'Bubanza', 'BB', 1);
	INSERT INTO `zone` VALUES (552, 35, 'Bujumbura', 'BJ', 1);
	INSERT INTO `zone` VALUES (553, 35, 'Bururi', 'BR', 1);
	INSERT INTO `zone` VALUES (554, 35, 'Cankuzo', 'CA', 1);
	INSERT INTO `zone` VALUES (555, 35, 'Cibitoke', 'CI', 1);
	INSERT INTO `zone` VALUES (556, 35, 'Gitega', 'GI', 1);
	INSERT INTO `zone` VALUES (557, 35, 'Karuzi', 'KR', 1);
	INSERT INTO `zone` VALUES (558, 35, 'Kayanza', 'KY', 1);
	INSERT INTO `zone` VALUES (559, 35, 'Kirundo', 'KI', 1);
	INSERT INTO `zone` VALUES (560, 35, 'Makamba', 'MA', 1);
	INSERT INTO `zone` VALUES (561, 35, 'Muramvya', 'MU', 1);
	INSERT INTO `zone` VALUES (562, 35, 'Muyinga', 'MY', 1);
	INSERT INTO `zone` VALUES (563, 35, 'Mwaro', 'MW', 1);
	INSERT INTO `zone` VALUES (564, 35, 'Ngozi', 'NG', 1);
	INSERT INTO `zone` VALUES (565, 35, 'Rutana', 'RT', 1);
	INSERT INTO `zone` VALUES (566, 35, 'Ruyigi', 'RY', 1);
	INSERT INTO `zone` VALUES (567, 36, 'Phnom Penh', 'PP', 1);
	INSERT INTO `zone` VALUES (568, 36, 'Preah Seihanu (Kompong Som or Sihanoukville)', 'PS', 1);
	INSERT INTO `zone` VALUES (569, 36, 'Pailin', 'PA', 1);
	INSERT INTO `zone` VALUES (570, 36, 'Keb', 'KB', 1);
	INSERT INTO `zone` VALUES (571, 36, 'Banteay Meanchey', 'BM', 1);
	INSERT INTO `zone` VALUES (572, 36, 'Battambang', 'BA', 1);
	INSERT INTO `zone` VALUES (573, 36, 'Kampong Cham', 'KM', 1);
	INSERT INTO `zone` VALUES (574, 36, 'Kampong Chhnang', 'KN', 1);
	INSERT INTO `zone` VALUES (575, 36, 'Kampong Speu', 'KU', 1);
	INSERT INTO `zone` VALUES (576, 36, 'Kampong Som', 'KO', 1);
	INSERT INTO `zone` VALUES (577, 36, 'Kampong Thom', 'KT', 1);
	INSERT INTO `zone` VALUES (578, 36, 'Kampot', 'KP', 1);
	INSERT INTO `zone` VALUES (579, 36, 'Kandal', 'KL', 1);
	INSERT INTO `zone` VALUES (580, 36, 'Kaoh Kong', 'KK', 1);
	INSERT INTO `zone` VALUES (581, 36, 'Kratie', 'KR', 1);
	INSERT INTO `zone` VALUES (582, 36, 'Mondul Kiri', 'MK', 1);
	INSERT INTO `zone` VALUES (583, 36, 'Oddar Meancheay', 'OM', 1);
	INSERT INTO `zone` VALUES (584, 36, 'Pursat', 'PU', 1);
	INSERT INTO `zone` VALUES (585, 36, 'Preah Vihear', 'PR', 1);
	INSERT INTO `zone` VALUES (586, 36, 'Prey Veng', 'PG', 1);
	INSERT INTO `zone` VALUES (587, 36, 'Ratanak Kiri', 'RK', 1);
	INSERT INTO `zone` VALUES (588, 36, 'Siemreap', 'SI', 1);
	INSERT INTO `zone` VALUES (589, 36, 'Stung Treng', 'ST', 1);
	INSERT INTO `zone` VALUES (590, 36, 'Svay Rieng', 'SR', 1);
	INSERT INTO `zone` VALUES (591, 36, 'Takeo', 'TK', 1);
	INSERT INTO `zone` VALUES (592, 37, 'Adamawa (Adamaoua)', 'ADA', 1);
	INSERT INTO `zone` VALUES (593, 37, 'Centre', 'CEN', 1);
	INSERT INTO `zone` VALUES (594, 37, 'East (Est)', 'EST', 1);
	INSERT INTO `zone` VALUES (595, 37, 'Extreme North (Extreme-Nord)', 'EXN', 1);
	INSERT INTO `zone` VALUES (596, 37, 'Littoral', 'LIT', 1);
	INSERT INTO `zone` VALUES (597, 37, 'North (Nord)', 'NOR', 1);
	INSERT INTO `zone` VALUES (598, 37, 'Northwest (Nord-Ouest)', 'NOT', 1);
	INSERT INTO `zone` VALUES (599, 37, 'West (Ouest)', 'OUE', 1);
	INSERT INTO `zone` VALUES (600, 37, 'South (Sud)', 'SUD', 1);
	INSERT INTO `zone` VALUES (601, 37, 'Southwest (Sud-Ouest).', 'SOU', 1);
	INSERT INTO `zone` VALUES (602, 38, 'Alberta', 'AB', 1);
	INSERT INTO `zone` VALUES (603, 38, 'British Columbia', 'BC', 1);
	INSERT INTO `zone` VALUES (604, 38, 'Manitoba', 'MB', 1);
	INSERT INTO `zone` VALUES (605, 38, 'New Brunswick', 'NB', 1);
	INSERT INTO `zone` VALUES (606, 38, 'Newfoundland and Labrador', 'NL', 1);
	INSERT INTO `zone` VALUES (607, 38, 'Northwest Territories', 'NT', 1);
	INSERT INTO `zone` VALUES (608, 38, 'Nova Scotia', 'NS', 1);
	INSERT INTO `zone` VALUES (609, 38, 'Nunavut', 'NU', 1);
	INSERT INTO `zone` VALUES (610, 38, 'Ontario', 'ON', 1);
	INSERT INTO `zone` VALUES (611, 38, 'Prince Edward Island', 'PE', 1);
	INSERT INTO `zone` VALUES (612, 38, 'Qu&eacute;bec', 'QC', 1);
	INSERT INTO `zone` VALUES (613, 38, 'Saskatchewan', 'SK', 1);
	INSERT INTO `zone` VALUES (614, 38, 'Yukon Territory', 'YT', 1);
	INSERT INTO `zone` VALUES (615, 39, 'Boa Vista', 'BV', 1);
	INSERT INTO `zone` VALUES (616, 39, 'Brava', 'BR', 1);
	INSERT INTO `zone` VALUES (617, 39, 'Calheta de Sao Miguel', 'CS', 1);
	INSERT INTO `zone` VALUES (618, 39, 'Maio', 'MA', 1);
	INSERT INTO `zone` VALUES (619, 39, 'Mosteiros', 'MO', 1);
	INSERT INTO `zone` VALUES (620, 39, 'Paul', 'PA', 1);
	INSERT INTO `zone` VALUES (621, 39, 'Porto Novo', 'PN', 1);
	INSERT INTO `zone` VALUES (622, 39, 'Praia', 'PR', 1);
	INSERT INTO `zone` VALUES (623, 39, 'Ribeira Grande', 'RG', 1);
	INSERT INTO `zone` VALUES (624, 39, 'Sal', 'SL', 1);
	INSERT INTO `zone` VALUES (625, 39, 'Santa Catarina', 'CA', 1);
	INSERT INTO `zone` VALUES (626, 39, 'Santa Cruz', 'CR', 1);
	INSERT INTO `zone` VALUES (627, 39, 'Sao Domingos', 'SD', 1);
	INSERT INTO `zone` VALUES (628, 39, 'Sao Filipe', 'SF', 1);
	INSERT INTO `zone` VALUES (629, 39, 'Sao Nicolau', 'SN', 1);
	INSERT INTO `zone` VALUES (630, 39, 'Sao Vicente', 'SV', 1);
	INSERT INTO `zone` VALUES (631, 39, 'Tarrafal', 'TA', 1);
	INSERT INTO `zone` VALUES (632, 40, 'Creek', 'CR', 1);
	INSERT INTO `zone` VALUES (633, 40, 'Eastern', 'EA', 1);
	INSERT INTO `zone` VALUES (634, 40, 'Midland', 'ML', 1);
	INSERT INTO `zone` VALUES (635, 40, 'South Town', 'ST', 1);
	INSERT INTO `zone` VALUES (636, 40, 'Spot Bay', 'SP', 1);
	INSERT INTO `zone` VALUES (637, 40, 'Stake Bay', 'SK', 1);
	INSERT INTO `zone` VALUES (638, 40, 'West End', 'WD', 1);
	INSERT INTO `zone` VALUES (639, 40, 'Western', 'WN', 1);
	INSERT INTO `zone` VALUES (640, 41, 'Bamingui-Bangoran', 'BBA', 1);
	INSERT INTO `zone` VALUES (641, 41, 'Basse-Kotto', 'BKO', 1);
	INSERT INTO `zone` VALUES (642, 41, 'Haute-Kotto', 'HKO', 1);
	INSERT INTO `zone` VALUES (643, 41, 'Haut-Mbomou', 'HMB', 1);
	INSERT INTO `zone` VALUES (644, 41, 'Kemo', 'KEM', 1);
	INSERT INTO `zone` VALUES (645, 41, 'Lobaye', 'LOB', 1);
	INSERT INTO `zone` VALUES (646, 41, 'Mambere-KadeÔ', 'MKD', 1);
	INSERT INTO `zone` VALUES (647, 41, 'Mbomou', 'MBO', 1);
	INSERT INTO `zone` VALUES (648, 41, 'Nana-Mambere', 'NMM', 1);
	INSERT INTO `zone` VALUES (649, 41, 'Ombella-M\'Poko', 'OMP', 1);
	INSERT INTO `zone` VALUES (650, 41, 'Ouaka', 'OUK', 1);
	INSERT INTO `zone` VALUES (651, 41, 'Ouham', 'OUH', 1);
	INSERT INTO `zone` VALUES (652, 41, 'Ouham-Pende', 'OPE', 1);
	INSERT INTO `zone` VALUES (653, 41, 'Vakaga', 'VAK', 1);
	INSERT INTO `zone` VALUES (654, 41, 'Nana-Grebizi', 'NGR', 1);
	INSERT INTO `zone` VALUES (655, 41, 'Sangha-Mbaere', 'SMB', 1);
	INSERT INTO `zone` VALUES (656, 41, 'Bangui', 'BAN', 1);
	INSERT INTO `zone` VALUES (657, 42, 'Batha', 'BA', 1);
	INSERT INTO `zone` VALUES (658, 42, 'Biltine', 'BI', 1);
	INSERT INTO `zone` VALUES (659, 42, 'Borkou-Ennedi-Tibesti', 'BE', 1);
	INSERT INTO `zone` VALUES (660, 42, 'Chari-Baguirmi', 'CB', 1);
	INSERT INTO `zone` VALUES (661, 42, 'Guera', 'GU', 1);
	INSERT INTO `zone` VALUES (662, 42, 'Kanem', 'KA', 1);
	INSERT INTO `zone` VALUES (663, 42, 'Lac', 'LA', 1);
	INSERT INTO `zone` VALUES (664, 42, 'Logone Occidental', 'LC', 1);
	INSERT INTO `zone` VALUES (665, 42, 'Logone Oriental', 'LR', 1);
	INSERT INTO `zone` VALUES (666, 42, 'Mayo-Kebbi', 'MK', 1);
	INSERT INTO `zone` VALUES (667, 42, 'Moyen-Chari', 'MC', 1);
	INSERT INTO `zone` VALUES (668, 42, 'Ouaddai', 'OU', 1);
	INSERT INTO `zone` VALUES (669, 42, 'Salamat', 'SA', 1);
	INSERT INTO `zone` VALUES (670, 42, 'Tandjile', 'TA', 1);
	INSERT INTO `zone` VALUES (671, 43, 'Aisen del General Carlos Ibanez', 'AI', 1);
	INSERT INTO `zone` VALUES (672, 43, 'Antofagasta', 'AN', 1);
	INSERT INTO `zone` VALUES (673, 43, 'Araucania', 'AR', 1);
	INSERT INTO `zone` VALUES (674, 43, 'Atacama', 'AT', 1);
	INSERT INTO `zone` VALUES (675, 43, 'Bio-Bio', 'BI', 1);
	INSERT INTO `zone` VALUES (676, 43, 'Coquimbo', 'CO', 1);
	INSERT INTO `zone` VALUES (677, 43, 'Libertador General Bernardo O\'Higgins', 'LI', 1);
	INSERT INTO `zone` VALUES (678, 43, 'Los Lagos', 'LL', 1);
	INSERT INTO `zone` VALUES (679, 43, 'Magallanes y de la Antartica Chilena', 'MA', 1);
	INSERT INTO `zone` VALUES (680, 43, 'Maule', 'ML', 1);
	INSERT INTO `zone` VALUES (681, 43, 'Region Metropolitana', 'RM', 1);
	INSERT INTO `zone` VALUES (682, 43, 'Tarapaca', 'TA', 1);
	INSERT INTO `zone` VALUES (683, 43, 'Valparaiso', 'VS', 1);
	INSERT INTO `zone` VALUES (684, 44, 'Anhui', 'AN', 1);
	INSERT INTO `zone` VALUES (685, 44, 'Beijing', 'BE', 1);
	INSERT INTO `zone` VALUES (686, 44, 'Chongqing', 'CH', 1);
	INSERT INTO `zone` VALUES (687, 44, 'Fujian', 'FU', 1);
	INSERT INTO `zone` VALUES (688, 44, 'Gansu', 'GA', 1);
	INSERT INTO `zone` VALUES (689, 44, 'Guangdong', 'GU', 1);
	INSERT INTO `zone` VALUES (690, 44, 'Guangxi', 'GX', 1);
	INSERT INTO `zone` VALUES (691, 44, 'Guizhou', 'GZ', 1);
	INSERT INTO `zone` VALUES (692, 44, 'Hainan', 'HA', 1);
	INSERT INTO `zone` VALUES (693, 44, 'Hebei', 'HB', 1);
	INSERT INTO `zone` VALUES (694, 44, 'Heilongjiang', 'HL', 1);
	INSERT INTO `zone` VALUES (695, 44, 'Henan', 'HE', 1);
	INSERT INTO `zone` VALUES (696, 44, 'Hong Kong', 'HK', 1);
	INSERT INTO `zone` VALUES (697, 44, 'Hubei', 'HU', 1);
	INSERT INTO `zone` VALUES (698, 44, 'Hunan', 'HN', 1);
	INSERT INTO `zone` VALUES (699, 44, 'Inner Mongolia', 'IM', 1);
	INSERT INTO `zone` VALUES (700, 44, 'Jiangsu', 'JI', 1);
	INSERT INTO `zone` VALUES (701, 44, 'Jiangxi', 'JX', 1);
	INSERT INTO `zone` VALUES (702, 44, 'Jilin', 'JL', 1);
	INSERT INTO `zone` VALUES (703, 44, 'Liaoning', 'LI', 1);
	INSERT INTO `zone` VALUES (704, 44, 'Macau', 'MA', 1);
	INSERT INTO `zone` VALUES (705, 44, 'Ningxia', 'NI', 1);
	INSERT INTO `zone` VALUES (706, 44, 'Shaanxi', 'SH', 1);
	INSERT INTO `zone` VALUES (707, 44, 'Shandong', 'SA', 1);
	INSERT INTO `zone` VALUES (708, 44, 'Shanghai', 'SG', 1);
	INSERT INTO `zone` VALUES (709, 44, 'Shanxi', 'SX', 1);
	INSERT INTO `zone` VALUES (710, 44, 'Sichuan', 'SI', 1);
	INSERT INTO `zone` VALUES (711, 44, 'Tianjin', 'TI', 1);
	INSERT INTO `zone` VALUES (712, 44, 'Xinjiang', 'XI', 1);
	INSERT INTO `zone` VALUES (713, 44, 'Yunnan', 'YU', 1);
	INSERT INTO `zone` VALUES (714, 44, 'Zhejiang', 'ZH', 1);
	INSERT INTO `zone` VALUES (715, 46, 'Direction Island', 'D', 1);
	INSERT INTO `zone` VALUES (716, 46, 'Home Island', 'H', 1);
	INSERT INTO `zone` VALUES (717, 46, 'Horsburgh Island', 'O', 1);
	INSERT INTO `zone` VALUES (718, 46, 'South Island', 'S', 1);
	INSERT INTO `zone` VALUES (719, 46, 'West Island', 'W', 1);
	INSERT INTO `zone` VALUES (720, 47, 'Amazonas', 'AMZ', 1);
	INSERT INTO `zone` VALUES (721, 47, 'Antioquia', 'ANT', 1);
	INSERT INTO `zone` VALUES (722, 47, 'Arauca', 'ARA', 1);
	INSERT INTO `zone` VALUES (723, 47, 'Atlantico', 'ATL', 1);
	INSERT INTO `zone` VALUES (724, 47, 'Bogota D.C.', 'BDC', 1);
	INSERT INTO `zone` VALUES (725, 47, 'Bolivar', 'BOL', 1);
	INSERT INTO `zone` VALUES (726, 47, 'Boyaca', 'BOY', 1);
	INSERT INTO `zone` VALUES (727, 47, 'Caldas', 'CAL', 1);
	INSERT INTO `zone` VALUES (728, 47, 'Caqueta', 'CAQ', 1);
	INSERT INTO `zone` VALUES (729, 47, 'Casanare', 'CAS', 1);
	INSERT INTO `zone` VALUES (730, 47, 'Cauca', 'CAU', 1);
	INSERT INTO `zone` VALUES (731, 47, 'Cesar', 'CES', 1);
	INSERT INTO `zone` VALUES (732, 47, 'Choco', 'CHO', 1);
	INSERT INTO `zone` VALUES (733, 47, 'Cordoba', 'COR', 1);
	INSERT INTO `zone` VALUES (734, 47, 'Cundinamarca', 'CAM', 1);
	INSERT INTO `zone` VALUES (735, 47, 'Guainia', 'GNA', 1);
	INSERT INTO `zone` VALUES (736, 47, 'Guajira', 'GJR', 1);
	INSERT INTO `zone` VALUES (737, 47, 'Guaviare', 'GVR', 1);
	INSERT INTO `zone` VALUES (738, 47, 'Huila', 'HUI', 1);
	INSERT INTO `zone` VALUES (739, 47, 'Magdalena', 'MAG', 1);
	INSERT INTO `zone` VALUES (740, 47, 'Meta', 'MET', 1);
	INSERT INTO `zone` VALUES (741, 47, 'Narino', 'NAR', 1);
	INSERT INTO `zone` VALUES (742, 47, 'Norte de Santander', 'NDS', 1);
	INSERT INTO `zone` VALUES (743, 47, 'Putumayo', 'PUT', 1);
	INSERT INTO `zone` VALUES (744, 47, 'Quindio', 'QUI', 1);
	INSERT INTO `zone` VALUES (745, 47, 'Risaralda', 'RIS', 1);
	INSERT INTO `zone` VALUES (746, 47, 'San Andres y Providencia', 'SAP', 1);
	INSERT INTO `zone` VALUES (747, 47, 'Santander', 'SAN', 1);
	INSERT INTO `zone` VALUES (748, 47, 'Sucre', 'SUC', 1);
	INSERT INTO `zone` VALUES (749, 47, 'Tolima', 'TOL', 1);
	INSERT INTO `zone` VALUES (750, 47, 'Valle del Cauca', 'VDC', 1);
	INSERT INTO `zone` VALUES (751, 47, 'Vaupes', 'VAU', 1);
	INSERT INTO `zone` VALUES (752, 47, 'Vichada', 'VIC', 1);
	INSERT INTO `zone` VALUES (753, 48, 'Grande Comore', 'G', 1);
	INSERT INTO `zone` VALUES (754, 48, 'Anjouan', 'A', 1);
	INSERT INTO `zone` VALUES (755, 48, 'Moheli', 'M', 1);
	INSERT INTO `zone` VALUES (756, 49, 'Bouenza', 'BO', 1);
	INSERT INTO `zone` VALUES (757, 49, 'Brazzaville', 'BR', 1);
	INSERT INTO `zone` VALUES (758, 49, 'Cuvette', 'CU', 1);
	INSERT INTO `zone` VALUES (759, 49, 'Cuvette-Ouest', 'CO', 1);
	INSERT INTO `zone` VALUES (760, 49, 'Kouilou', 'KO', 1);
	INSERT INTO `zone` VALUES (761, 49, 'Lekoumou', 'LE', 1);
	INSERT INTO `zone` VALUES (762, 49, 'Likouala', 'LI', 1);
	INSERT INTO `zone` VALUES (763, 49, 'Niari', 'NI', 1);
	INSERT INTO `zone` VALUES (764, 49, 'Plateaux', 'PL', 1);
	INSERT INTO `zone` VALUES (765, 49, 'Pool', 'PO', 1);
	INSERT INTO `zone` VALUES (766, 49, 'Sangha', 'SA', 1);
	INSERT INTO `zone` VALUES (767, 50, 'Pukapuka', 'PU', 1);
	INSERT INTO `zone` VALUES (768, 50, 'Rakahanga', 'RK', 1);
	INSERT INTO `zone` VALUES (769, 50, 'Manihiki', 'MK', 1);
	INSERT INTO `zone` VALUES (770, 50, 'Penrhyn', 'PE', 1);
	INSERT INTO `zone` VALUES (771, 50, 'Nassau Island', 'NI', 1);
	INSERT INTO `zone` VALUES (772, 50, 'Surwarrow', 'SU', 1);
	INSERT INTO `zone` VALUES (773, 50, 'Palmerston', 'PA', 1);
	INSERT INTO `zone` VALUES (774, 50, 'Aitutaki', 'AI', 1);
	INSERT INTO `zone` VALUES (775, 50, 'Manuae', 'MA', 1);
	INSERT INTO `zone` VALUES (776, 50, 'Takutea', 'TA', 1);
	INSERT INTO `zone` VALUES (777, 50, 'Mitiaro', 'MT', 1);
	INSERT INTO `zone` VALUES (778, 50, 'Atiu', 'AT', 1);
	INSERT INTO `zone` VALUES (779, 50, 'Mauke', 'MU', 1);
	INSERT INTO `zone` VALUES (780, 50, 'Rarotonga', 'RR', 1);
	INSERT INTO `zone` VALUES (781, 50, 'Mangaia', 'MG', 1);
	INSERT INTO `zone` VALUES (782, 51, 'Alajuela', 'AL', 1);
	INSERT INTO `zone` VALUES (783, 51, 'Cartago', 'CA', 1);
	INSERT INTO `zone` VALUES (784, 51, 'Guanacaste', 'GU', 1);
	INSERT INTO `zone` VALUES (785, 51, 'Heredia', 'HE', 1);
	INSERT INTO `zone` VALUES (786, 51, 'Limon', 'LI', 1);
	INSERT INTO `zone` VALUES (787, 51, 'Puntarenas', 'PU', 1);
	INSERT INTO `zone` VALUES (788, 51, 'San Jose', 'SJ', 1);
	INSERT INTO `zone` VALUES (789, 52, 'Abengourou', 'ABE', 1);
	INSERT INTO `zone` VALUES (790, 52, 'Abidjan', 'ABI', 1);
	INSERT INTO `zone` VALUES (791, 52, 'Aboisso', 'ABO', 1);
	INSERT INTO `zone` VALUES (792, 52, 'Adiake', 'ADI', 1);
	INSERT INTO `zone` VALUES (793, 52, 'Adzope', 'ADZ', 1);
	INSERT INTO `zone` VALUES (794, 52, 'Agboville', 'AGB', 1);
	INSERT INTO `zone` VALUES (795, 52, 'Agnibilekrou', 'AGN', 1);
	INSERT INTO `zone` VALUES (796, 52, 'Alepe', 'ALE', 1);
	INSERT INTO `zone` VALUES (797, 52, 'Bocanda', 'BOC', 1);
	INSERT INTO `zone` VALUES (798, 52, 'Bangolo', 'BAN', 1);
	INSERT INTO `zone` VALUES (799, 52, 'Beoumi', 'BEO', 1);
	INSERT INTO `zone` VALUES (800, 52, 'Biankouma', 'BIA', 1);
	INSERT INTO `zone` VALUES (801, 52, 'Bondoukou', 'BDK', 1);
	INSERT INTO `zone` VALUES (802, 52, 'Bongouanou', 'BGN', 1);
	INSERT INTO `zone` VALUES (803, 52, 'Bouafle', 'BFL', 1);
	INSERT INTO `zone` VALUES (804, 52, 'Bouake', 'BKE', 1);
	INSERT INTO `zone` VALUES (805, 52, 'Bouna', 'BNA', 1);
	INSERT INTO `zone` VALUES (806, 52, 'Boundiali', 'BDL', 1);
	INSERT INTO `zone` VALUES (807, 52, 'Dabakala', 'DKL', 1);
	INSERT INTO `zone` VALUES (808, 52, 'Dabou', 'DBU', 1);
	INSERT INTO `zone` VALUES (809, 52, 'Daloa', 'DAL', 1);
	INSERT INTO `zone` VALUES (810, 52, 'Danane', 'DAN', 1);
	INSERT INTO `zone` VALUES (811, 52, 'Daoukro', 'DAO', 1);
	INSERT INTO `zone` VALUES (812, 52, 'Dimbokro', 'DIM', 1);
	INSERT INTO `zone` VALUES (813, 52, 'Divo', 'DIV', 1);
	INSERT INTO `zone` VALUES (814, 52, 'Duekoue', 'DUE', 1);
	INSERT INTO `zone` VALUES (815, 52, 'Ferkessedougou', 'FER', 1);
	INSERT INTO `zone` VALUES (816, 52, 'Gagnoa', 'GAG', 1);
	INSERT INTO `zone` VALUES (817, 52, 'Grand-Bassam', 'GBA', 1);
	INSERT INTO `zone` VALUES (818, 52, 'Grand-Lahou', 'GLA', 1);
	INSERT INTO `zone` VALUES (819, 52, 'Guiglo', 'GUI', 1);
	INSERT INTO `zone` VALUES (820, 52, 'Issia', 'ISS', 1);
	INSERT INTO `zone` VALUES (821, 52, 'Jacqueville', 'JAC', 1);
	INSERT INTO `zone` VALUES (822, 52, 'Katiola', 'KAT', 1);
	INSERT INTO `zone` VALUES (823, 52, 'Korhogo', 'KOR', 1);
	INSERT INTO `zone` VALUES (824, 52, 'Lakota', 'LAK', 1);
	INSERT INTO `zone` VALUES (825, 52, 'Man', 'MAN', 1);
	INSERT INTO `zone` VALUES (826, 52, 'Mankono', 'MKN', 1);
	INSERT INTO `zone` VALUES (827, 52, 'Mbahiakro', 'MBA', 1);
	INSERT INTO `zone` VALUES (828, 52, 'Odienne', 'ODI', 1);
	INSERT INTO `zone` VALUES (829, 52, 'Oume', 'OUM', 1);
	INSERT INTO `zone` VALUES (830, 52, 'Sakassou', 'SAK', 1);
	INSERT INTO `zone` VALUES (831, 52, 'San-Pedro', 'SPE', 1);
	INSERT INTO `zone` VALUES (832, 52, 'Sassandra', 'SAS', 1);
	INSERT INTO `zone` VALUES (833, 52, 'Seguela', 'SEG', 1);
	INSERT INTO `zone` VALUES (834, 52, 'Sinfra', 'SIN', 1);
	INSERT INTO `zone` VALUES (835, 52, 'Soubre', 'SOU', 1);
	INSERT INTO `zone` VALUES (836, 52, 'Tabou', 'TAB', 1);
	INSERT INTO `zone` VALUES (837, 52, 'Tanda', 'TAN', 1);
	INSERT INTO `zone` VALUES (838, 52, 'Tiebissou', 'TIE', 1);
	INSERT INTO `zone` VALUES (839, 52, 'Tingrela', 'TIN', 1);
	INSERT INTO `zone` VALUES (840, 52, 'Tiassale', 'TIA', 1);
	INSERT INTO `zone` VALUES (841, 52, 'Touba', 'TBA', 1);
	INSERT INTO `zone` VALUES (842, 52, 'Toulepleu', 'TLP', 1);
	INSERT INTO `zone` VALUES (843, 52, 'Toumodi', 'TMD', 1);
	INSERT INTO `zone` VALUES (844, 52, 'Vavoua', 'VAV', 1);
	INSERT INTO `zone` VALUES (845, 52, 'Yamoussoukro', 'YAM', 1);
	INSERT INTO `zone` VALUES (846, 52, 'Zuenoula', 'ZUE', 1);
	INSERT INTO `zone` VALUES (847, 53, 'Bjelovarsko-bilogorska', 'BB', 1);
	INSERT INTO `zone` VALUES (848, 53, 'Grad Zagreb', 'GZ', 1);
	INSERT INTO `zone` VALUES (849, 53, 'Dubrovačko-neretvanska', 'DN', 1);
	INSERT INTO `zone` VALUES (850, 53, 'Istarska', 'IS', 1);
	INSERT INTO `zone` VALUES (851, 53, 'Karlovačka', 'KA', 1);
	INSERT INTO `zone` VALUES (852, 53, 'Koprivničko-križevačka', 'KK', 1);
	INSERT INTO `zone` VALUES (853, 53, 'Krapinsko-zagorska', 'KZ', 1);
	INSERT INTO `zone` VALUES (854, 53, 'Ličko-senjska', 'LS', 1);
	INSERT INTO `zone` VALUES (855, 53, 'Međimurska', 'ME', 1);
	INSERT INTO `zone` VALUES (856, 53, 'Osječko-baranjska', 'OB', 1);
	INSERT INTO `zone` VALUES (857, 53, 'Požeško-slavonska', 'PS', 1);
	INSERT INTO `zone` VALUES (858, 53, 'Primorsko-goranska', 'PG', 1);
	INSERT INTO `zone` VALUES (859, 53, 'Šibensko-kninska', 'SK', 1);
	INSERT INTO `zone` VALUES (860, 53, 'Sisačko-moslavačka', 'SM', 1);
	INSERT INTO `zone` VALUES (861, 53, 'Brodsko-posavska', 'BP', 1);
	INSERT INTO `zone` VALUES (862, 53, 'Splitsko-dalmatinska', 'SD', 1);
	INSERT INTO `zone` VALUES (863, 53, 'Varaždinska', 'VA', 1);
	INSERT INTO `zone` VALUES (864, 53, 'Virovitičko-podravska', 'VP', 1);
	INSERT INTO `zone` VALUES (865, 53, 'Vukovarsko-srijemska', 'VS', 1);
	INSERT INTO `zone` VALUES (866, 53, 'Zadarska', 'ZA', 1);
	INSERT INTO `zone` VALUES (867, 53, 'Zagrebačka', 'ZG', 1);
	INSERT INTO `zone` VALUES (868, 54, 'Camaguey', 'CA', 1);
	INSERT INTO `zone` VALUES (869, 54, 'Ciego de Avila', 'CD', 1);
	INSERT INTO `zone` VALUES (870, 54, 'Cienfuegos', 'CI', 1);
	INSERT INTO `zone` VALUES (871, 54, 'Ciudad de La Habana', 'CH', 1);
	INSERT INTO `zone` VALUES (872, 54, 'Granma', 'GR', 1);
	INSERT INTO `zone` VALUES (873, 54, 'Guantanamo', 'GU', 1);
	INSERT INTO `zone` VALUES (874, 54, 'Holguin', 'HO', 1);
	INSERT INTO `zone` VALUES (875, 54, 'Isla de la Juventud', 'IJ', 1);
	INSERT INTO `zone` VALUES (876, 54, 'La Habana', 'LH', 1);
	INSERT INTO `zone` VALUES (877, 54, 'Las Tunas', 'LT', 1);
	INSERT INTO `zone` VALUES (878, 54, 'Matanzas', 'MA', 1);
	INSERT INTO `zone` VALUES (879, 54, 'Pinar del Rio', 'PR', 1);
	INSERT INTO `zone` VALUES (880, 54, 'Sancti Spiritus', 'SS', 1);
	INSERT INTO `zone` VALUES (881, 54, 'Santiago de Cuba', 'SC', 1);
	INSERT INTO `zone` VALUES (882, 54, 'Villa Clara', 'VC', 1);
	INSERT INTO `zone` VALUES (883, 55, 'Famagusta', 'F', 1);
	INSERT INTO `zone` VALUES (884, 55, 'Kyrenia', 'K', 1);
	INSERT INTO `zone` VALUES (885, 55, 'Larnaca', 'A', 1);
	INSERT INTO `zone` VALUES (886, 55, 'Limassol', 'I', 1);
	INSERT INTO `zone` VALUES (887, 55, 'Nicosia', 'N', 1);
	INSERT INTO `zone` VALUES (888, 55, 'Paphos', 'P', 1);
	INSERT INTO `zone` VALUES (889, 56, 'Ústecký', 'U', 1);
	INSERT INTO `zone` VALUES (890, 56, 'Jihočeský', 'C', 1);
	INSERT INTO `zone` VALUES (891, 56, 'Jihomoravský', 'B', 1);
	INSERT INTO `zone` VALUES (892, 56, 'Karlovarský', 'K', 1);
	INSERT INTO `zone` VALUES (893, 56, 'Královehradecký', 'H', 1);
	INSERT INTO `zone` VALUES (894, 56, 'Liberecký', 'L', 1);
	INSERT INTO `zone` VALUES (895, 56, 'Moravskoslezský', 'T', 1);
	INSERT INTO `zone` VALUES (896, 56, 'Olomoucký', 'M', 1);
	INSERT INTO `zone` VALUES (897, 56, 'Pardubický', 'E', 1);
	INSERT INTO `zone` VALUES (898, 56, 'Plzeňský', 'P', 1);
	INSERT INTO `zone` VALUES (899, 56, 'Praha', 'A', 1);
	INSERT INTO `zone` VALUES (900, 56, 'Středočeský', 'S', 1);
	INSERT INTO `zone` VALUES (901, 56, 'Vysočina', 'J', 1);
	INSERT INTO `zone` VALUES (902, 56, 'Zlínský', 'Z', 1);
	INSERT INTO `zone` VALUES (903, 57, 'Arhus', 'AR', 1);
	INSERT INTO `zone` VALUES (904, 57, 'Bornholm', 'BH', 1);
	INSERT INTO `zone` VALUES (905, 57, 'Copenhagen', 'CO', 1);
	INSERT INTO `zone` VALUES (906, 57, 'Faroe Islands', 'FO', 1);
	INSERT INTO `zone` VALUES (907, 57, 'Frederiksborg', 'FR', 1);
	INSERT INTO `zone` VALUES (908, 57, 'Fyn', 'FY', 1);
	INSERT INTO `zone` VALUES (909, 57, 'Kobenhavn', 'KO', 1);
	INSERT INTO `zone` VALUES (910, 57, 'Nordjylland', 'NO', 1);
	INSERT INTO `zone` VALUES (911, 57, 'Ribe', 'RI', 1);
	INSERT INTO `zone` VALUES (912, 57, 'Ringkobing', 'RK', 1);
	INSERT INTO `zone` VALUES (913, 57, 'Roskilde', 'RO', 1);
	INSERT INTO `zone` VALUES (914, 57, 'Sonderjylland', 'SO', 1);
	INSERT INTO `zone` VALUES (915, 57, 'Storstrom', 'ST', 1);
	INSERT INTO `zone` VALUES (916, 57, 'Vejle', 'VK', 1);
	INSERT INTO `zone` VALUES (917, 57, 'Vestj&aelig;lland', 'VJ', 1);
	INSERT INTO `zone` VALUES (918, 57, 'Viborg', 'VB', 1);
	INSERT INTO `zone` VALUES (919, 58, '\'Ali Sabih', 'S', 1);
	INSERT INTO `zone` VALUES (920, 58, 'Dikhil', 'K', 1);
	INSERT INTO `zone` VALUES (921, 58, 'Djibouti', 'J', 1);
	INSERT INTO `zone` VALUES (922, 58, 'Obock', 'O', 1);
	INSERT INTO `zone` VALUES (923, 58, 'Tadjoura', 'T', 1);
	INSERT INTO `zone` VALUES (924, 59, 'Saint Andrew Parish', 'AND', 1);
	INSERT INTO `zone` VALUES (925, 59, 'Saint David Parish', 'DAV', 1);
	INSERT INTO `zone` VALUES (926, 59, 'Saint George Parish', 'GEO', 1);
	INSERT INTO `zone` VALUES (927, 59, 'Saint John Parish', 'JOH', 1);
	INSERT INTO `zone` VALUES (928, 59, 'Saint Joseph Parish', 'JOS', 1);
	INSERT INTO `zone` VALUES (929, 59, 'Saint Luke Parish', 'LUK', 1);
	INSERT INTO `zone` VALUES (930, 59, 'Saint Mark Parish', 'MAR', 1);
	INSERT INTO `zone` VALUES (931, 59, 'Saint Patrick Parish', 'PAT', 1);
	INSERT INTO `zone` VALUES (932, 59, 'Saint Paul Parish', 'PAU', 1);
	INSERT INTO `zone` VALUES (933, 59, 'Saint Peter Parish', 'PET', 1);
	INSERT INTO `zone` VALUES (934, 60, 'Distrito Nacional', 'DN', 1);
	INSERT INTO `zone` VALUES (935, 60, 'Azua', 'AZ', 1);
	INSERT INTO `zone` VALUES (936, 60, 'Baoruco', 'BC', 1);
	INSERT INTO `zone` VALUES (937, 60, 'Barahona', 'BH', 1);
	INSERT INTO `zone` VALUES (938, 60, 'Dajabon', 'DJ', 1);
	INSERT INTO `zone` VALUES (939, 60, 'Duarte', 'DU', 1);
	INSERT INTO `zone` VALUES (940, 60, 'Elias Pina', 'EL', 1);
	INSERT INTO `zone` VALUES (941, 60, 'El Seybo', 'SY', 1);
	INSERT INTO `zone` VALUES (942, 60, 'Espaillat', 'ET', 1);
	INSERT INTO `zone` VALUES (943, 60, 'Hato Mayor', 'HM', 1);
	INSERT INTO `zone` VALUES (944, 60, 'Independencia', 'IN', 1);
	INSERT INTO `zone` VALUES (945, 60, 'La Altagracia', 'AL', 1);
	INSERT INTO `zone` VALUES (946, 60, 'La Romana', 'RO', 1);
	INSERT INTO `zone` VALUES (947, 60, 'La Vega', 'VE', 1);
	INSERT INTO `zone` VALUES (948, 60, 'Maria Trinidad Sanchez', 'MT', 1);
	INSERT INTO `zone` VALUES (949, 60, 'Monsenor Nouel', 'MN', 1);
	INSERT INTO `zone` VALUES (950, 60, 'Monte Cristi', 'MC', 1);
	INSERT INTO `zone` VALUES (951, 60, 'Monte Plata', 'MP', 1);
	INSERT INTO `zone` VALUES (952, 60, 'Pedernales', 'PD', 1);
	INSERT INTO `zone` VALUES (953, 60, 'Peravia (Bani)', 'PR', 1);
	INSERT INTO `zone` VALUES (954, 60, 'Puerto Plata', 'PP', 1);
	INSERT INTO `zone` VALUES (955, 60, 'Salcedo', 'SL', 1);
	INSERT INTO `zone` VALUES (956, 60, 'Samana', 'SM', 1);
	INSERT INTO `zone` VALUES (957, 60, 'Sanchez Ramirez', 'SH', 1);
	INSERT INTO `zone` VALUES (958, 60, 'San Cristobal', 'SC', 1);
	INSERT INTO `zone` VALUES (959, 60, 'San Jose de Ocoa', 'JO', 1);
	INSERT INTO `zone` VALUES (960, 60, 'San Juan', 'SJ', 1);
	INSERT INTO `zone` VALUES (961, 60, 'San Pedro de Macoris', 'PM', 1);
	INSERT INTO `zone` VALUES (962, 60, 'Santiago', 'SA', 1);
	INSERT INTO `zone` VALUES (963, 60, 'Santiago Rodriguez', 'ST', 1);
	INSERT INTO `zone` VALUES (964, 60, 'Santo Domingo', 'SD', 1);
	INSERT INTO `zone` VALUES (965, 60, 'Valverde', 'VA', 1);
	INSERT INTO `zone` VALUES (966, 61, 'Aileu', 'AL', 1);
	INSERT INTO `zone` VALUES (967, 61, 'Ainaro', 'AN', 1);
	INSERT INTO `zone` VALUES (968, 61, 'Baucau', 'BA', 1);
	INSERT INTO `zone` VALUES (969, 61, 'Bobonaro', 'BO', 1);
	INSERT INTO `zone` VALUES (970, 61, 'Cova Lima', 'CO', 1);
	INSERT INTO `zone` VALUES (971, 61, 'Dili', 'DI', 1);
	INSERT INTO `zone` VALUES (972, 61, 'Ermera', 'ER', 1);
	INSERT INTO `zone` VALUES (973, 61, 'Lautem', 'LA', 1);
	INSERT INTO `zone` VALUES (974, 61, 'Liquica', 'LI', 1);
	INSERT INTO `zone` VALUES (975, 61, 'Manatuto', 'MT', 1);
	INSERT INTO `zone` VALUES (976, 61, 'Manufahi', 'MF', 1);
	INSERT INTO `zone` VALUES (977, 61, 'Oecussi', 'OE', 1);
	INSERT INTO `zone` VALUES (978, 61, 'Viqueque', 'VI', 1);
	INSERT INTO `zone` VALUES (979, 62, 'Azuay', 'AZU', 1);
	INSERT INTO `zone` VALUES (980, 62, 'Bolivar', 'BOL', 1);
	INSERT INTO `zone` VALUES (981, 62, 'Ca&ntilde;ar', 'CAN', 1);
	INSERT INTO `zone` VALUES (982, 62, 'Carchi', 'CAR', 1);
	INSERT INTO `zone` VALUES (983, 62, 'Chimborazo', 'CHI', 1);
	INSERT INTO `zone` VALUES (984, 62, 'Cotopaxi', 'COT', 1);
	INSERT INTO `zone` VALUES (985, 62, 'El Oro', 'EOR', 1);
	INSERT INTO `zone` VALUES (986, 62, 'Esmeraldas', 'ESM', 1);
	INSERT INTO `zone` VALUES (987, 62, 'Gal&aacute;pagos', 'GPS', 1);
	INSERT INTO `zone` VALUES (988, 62, 'Guayas', 'GUA', 1);
	INSERT INTO `zone` VALUES (989, 62, 'Imbabura', 'IMB', 1);
	INSERT INTO `zone` VALUES (990, 62, 'Loja', 'LOJ', 1);
	INSERT INTO `zone` VALUES (991, 62, 'Los Rios', 'LRO', 1);
	INSERT INTO `zone` VALUES (992, 62, 'Manab&iacute;', 'MAN', 1);
	INSERT INTO `zone` VALUES (993, 62, 'Morona Santiago', 'MSA', 1);
	INSERT INTO `zone` VALUES (994, 62, 'Napo', 'NAP', 1);
	INSERT INTO `zone` VALUES (995, 62, 'Orellana', 'ORE', 1);
	INSERT INTO `zone` VALUES (996, 62, 'Pastaza', 'PAS', 1);
	INSERT INTO `zone` VALUES (997, 62, 'Pichincha', 'PIC', 1);
	INSERT INTO `zone` VALUES (998, 62, 'Sucumb&iacute;os', 'SUC', 1);
	INSERT INTO `zone` VALUES (999, 62, 'Tungurahua', 'TUN', 1);
	INSERT INTO `zone` VALUES (1000, 62, 'Zamora Chinchipe', 'ZCH', 1);
	INSERT INTO `zone` VALUES (1001, 63, 'Ad Daqahliyah', 'DHY', 1);
	INSERT INTO `zone` VALUES (1002, 63, 'Al Bahr al Ahmar', 'BAM', 1);
	INSERT INTO `zone` VALUES (1003, 63, 'Al Buhayrah', 'BHY', 1);
	INSERT INTO `zone` VALUES (1004, 63, 'Al Fayyum', 'FYM', 1);
	INSERT INTO `zone` VALUES (1005, 63, 'Al Gharbiyah', 'GBY', 1);
	INSERT INTO `zone` VALUES (1006, 63, 'Al Iskandariyah', 'IDR', 1);
	INSERT INTO `zone` VALUES (1007, 63, 'Al Isma\'iliyah', 'IML', 1);
	INSERT INTO `zone` VALUES (1008, 63, 'Al Jizah', 'JZH', 1);
	INSERT INTO `zone` VALUES (1009, 63, 'Al Minufiyah', 'MFY', 1);
	INSERT INTO `zone` VALUES (1010, 63, 'Al Minya', 'MNY', 1);
	INSERT INTO `zone` VALUES (1011, 63, 'Al Qahirah', 'QHR', 1);
	INSERT INTO `zone` VALUES (1012, 63, 'Al Qalyubiyah', 'QLY', 1);
	INSERT INTO `zone` VALUES (1013, 63, 'Al Wadi al Jadid', 'WJD', 1);
	INSERT INTO `zone` VALUES (1014, 63, 'Ash Sharqiyah', 'SHQ', 1);
	INSERT INTO `zone` VALUES (1015, 63, 'As Suways', 'SWY', 1);
	INSERT INTO `zone` VALUES (1016, 63, 'Aswan', 'ASW', 1);
	INSERT INTO `zone` VALUES (1017, 63, 'Asyut', 'ASY', 1);
	INSERT INTO `zone` VALUES (1018, 63, 'Bani Suwayf', 'BSW', 1);
	INSERT INTO `zone` VALUES (1019, 63, 'Bur Sa\'id', 'BSD', 1);
	INSERT INTO `zone` VALUES (1020, 63, 'Dumyat', 'DMY', 1);
	INSERT INTO `zone` VALUES (1021, 63, 'Janub Sina\'', 'JNS', 1);
	INSERT INTO `zone` VALUES (1022, 63, 'Kafr ash Shaykh', 'KSH', 1);
	INSERT INTO `zone` VALUES (1023, 63, 'Matruh', 'MAT', 1);
	INSERT INTO `zone` VALUES (1024, 63, 'Qina', 'QIN', 1);
	INSERT INTO `zone` VALUES (1025, 63, 'Shamal Sina\'', 'SHS', 1);
	INSERT INTO `zone` VALUES (1026, 63, 'Suhaj', 'SUH', 1);
	INSERT INTO `zone` VALUES (1027, 64, 'Ahuachapan', 'AH', 1);
	INSERT INTO `zone` VALUES (1028, 64, 'Cabanas', 'CA', 1);
	INSERT INTO `zone` VALUES (1029, 64, 'Chalatenango', 'CH', 1);
	INSERT INTO `zone` VALUES (1030, 64, 'Cuscatlan', 'CU', 1);
	INSERT INTO `zone` VALUES (1031, 64, 'La Libertad', 'LB', 1);
	INSERT INTO `zone` VALUES (1032, 64, 'La Paz', 'PZ', 1);
	INSERT INTO `zone` VALUES (1033, 64, 'La Union', 'UN', 1);
	INSERT INTO `zone` VALUES (1034, 64, 'Morazan', 'MO', 1);
	INSERT INTO `zone` VALUES (1035, 64, 'San Miguel', 'SM', 1);
	INSERT INTO `zone` VALUES (1036, 64, 'San Salvador', 'SS', 1);
	INSERT INTO `zone` VALUES (1037, 64, 'San Vicente', 'SV', 1);
	INSERT INTO `zone` VALUES (1038, 64, 'Santa Ana', 'SA', 1);
	INSERT INTO `zone` VALUES (1039, 64, 'Sonsonate', 'SO', 1);
	INSERT INTO `zone` VALUES (1040, 64, 'Usulutan', 'US', 1);
	INSERT INTO `zone` VALUES (1041, 65, 'Provincia Annobon', 'AN', 1);
	INSERT INTO `zone` VALUES (1042, 65, 'Provincia Bioko Norte', 'BN', 1);
	INSERT INTO `zone` VALUES (1043, 65, 'Provincia Bioko Sur', 'BS', 1);
	INSERT INTO `zone` VALUES (1044, 65, 'Provincia Centro Sur', 'CS', 1);
	INSERT INTO `zone` VALUES (1045, 65, 'Provincia Kie-Ntem', 'KN', 1);
	INSERT INTO `zone` VALUES (1046, 65, 'Provincia Litoral', 'LI', 1);
	INSERT INTO `zone` VALUES (1047, 65, 'Provincia Wele-Nzas', 'WN', 1);
	INSERT INTO `zone` VALUES (1048, 66, 'Central (Maekel)', 'MA', 1);
	INSERT INTO `zone` VALUES (1049, 66, 'Anseba (Keren)', 'KE', 1);
	INSERT INTO `zone` VALUES (1050, 66, 'Southern Red Sea (Debub-Keih-Bahri)', 'DK', 1);
	INSERT INTO `zone` VALUES (1051, 66, 'Northern Red Sea (Semien-Keih-Bahri)', 'SK', 1);
	INSERT INTO `zone` VALUES (1052, 66, 'Southern (Debub)', 'DE', 1);
	INSERT INTO `zone` VALUES (1053, 66, 'Gash-Barka (Barentu)', 'BR', 1);
	INSERT INTO `zone` VALUES (1054, 67, 'Harjumaa (Tallinn)', 'HA', 1);
	INSERT INTO `zone` VALUES (1055, 67, 'Hiiumaa (Kardla)', 'HI', 1);
	INSERT INTO `zone` VALUES (1056, 67, 'Ida-Virumaa (Johvi)', 'IV', 1);
	INSERT INTO `zone` VALUES (1057, 67, 'Jarvamaa (Paide)', 'JA', 1);
	INSERT INTO `zone` VALUES (1058, 67, 'Jogevamaa (Jogeva)', 'JO', 1);
	INSERT INTO `zone` VALUES (1059, 67, 'Laane-Virumaa (Rakvere)', 'LV', 1);
	INSERT INTO `zone` VALUES (1060, 67, 'Laanemaa (Haapsalu)', 'LA', 1);
	INSERT INTO `zone` VALUES (1061, 67, 'Parnumaa (Parnu)', 'PA', 1);
	INSERT INTO `zone` VALUES (1062, 67, 'Polvamaa (Polva)', 'PO', 1);
	INSERT INTO `zone` VALUES (1063, 67, 'Raplamaa (Rapla)', 'RA', 1);
	INSERT INTO `zone` VALUES (1064, 67, 'Saaremaa (Kuessaare)', 'SA', 1);
	INSERT INTO `zone` VALUES (1065, 67, 'Tartumaa (Tartu)', 'TA', 1);
	INSERT INTO `zone` VALUES (1066, 67, 'Valgamaa (Valga)', 'VA', 1);
	INSERT INTO `zone` VALUES (1067, 67, 'Viljandimaa (Viljandi)', 'VI', 1);
	INSERT INTO `zone` VALUES (1068, 67, 'Vorumaa (Voru)', 'VO', 1);
	INSERT INTO `zone` VALUES (1069, 68, 'Afar', 'AF', 1);
	INSERT INTO `zone` VALUES (1070, 68, 'Amhara', 'AH', 1);
	INSERT INTO `zone` VALUES (1071, 68, 'Benishangul-Gumaz', 'BG', 1);
	INSERT INTO `zone` VALUES (1072, 68, 'Gambela', 'GB', 1);
	INSERT INTO `zone` VALUES (1073, 68, 'Hariai', 'HR', 1);
	INSERT INTO `zone` VALUES (1074, 68, 'Oromia', 'OR', 1);
	INSERT INTO `zone` VALUES (1075, 68, 'Somali', 'SM', 1);
	INSERT INTO `zone` VALUES (1076, 68, 'Southern Nations - Nationalities and Peoples Region', 'SN', 1);
	INSERT INTO `zone` VALUES (1077, 68, 'Tigray', 'TG', 1);
	INSERT INTO `zone` VALUES (1078, 68, 'Addis Ababa', 'AA', 1);
	INSERT INTO `zone` VALUES (1079, 68, 'Dire Dawa', 'DD', 1);
	INSERT INTO `zone` VALUES (1080, 71, 'Central Division', 'C', 1);
	INSERT INTO `zone` VALUES (1081, 71, 'Northern Division', 'N', 1);
	INSERT INTO `zone` VALUES (1082, 71, 'Eastern Division', 'E', 1);
	INSERT INTO `zone` VALUES (1083, 71, 'Western Division', 'W', 1);
	INSERT INTO `zone` VALUES (1084, 71, 'Rotuma', 'R', 1);
	INSERT INTO `zone` VALUES (1085, 72, 'Ahvenanmaan lääni', 'AL', 1);
	INSERT INTO `zone` VALUES (1086, 72, 'Etelä-Suomen lääni', 'ES', 1);
	INSERT INTO `zone` VALUES (1087, 72, 'Itä-Suomen lääni', 'IS', 1);
	INSERT INTO `zone` VALUES (1088, 72, 'Länsi-Suomen lääni', 'LS', 1);
	INSERT INTO `zone` VALUES (1089, 72, 'Lapin lääni', 'LA', 1);
	INSERT INTO `zone` VALUES (1090, 72, 'Oulun lääni', 'OU', 1);
	INSERT INTO `zone` VALUES (1114, 74, 'Ain', '01', 1);
	INSERT INTO `zone` VALUES (1115, 74, 'Aisne', '02', 1);
	INSERT INTO `zone` VALUES (1116, 74, 'Allier', '03', 1);
	INSERT INTO `zone` VALUES (1117, 74, 'Alpes de Haute Provence', '04', 1);
	INSERT INTO `zone` VALUES (1118, 74, 'Hautes-Alpes', '05', 1);
	INSERT INTO `zone` VALUES (1119, 74, 'Alpes Maritimes', '06', 1);
	INSERT INTO `zone` VALUES (1120, 74, 'Ard&egrave;che', '07', 1);
	INSERT INTO `zone` VALUES (1121, 74, 'Ardennes', '08', 1);
	INSERT INTO `zone` VALUES (1122, 74, 'Ari&egrave;ge', '09', 1);
	INSERT INTO `zone` VALUES (1123, 74, 'Aube', '10', 1);
	INSERT INTO `zone` VALUES (1124, 74, 'Aude', '11', 1);
	INSERT INTO `zone` VALUES (1125, 74, 'Aveyron', '12', 1);
	INSERT INTO `zone` VALUES (1126, 74, 'Bouches du Rh&ocirc;ne', '13', 1);
	INSERT INTO `zone` VALUES (1127, 74, 'Calvados', '14', 1);
	INSERT INTO `zone` VALUES (1128, 74, 'Cantal', '15', 1);
	INSERT INTO `zone` VALUES (1129, 74, 'Charente', '16', 1);
	INSERT INTO `zone` VALUES (1130, 74, 'Charente Maritime', '17', 1);
	INSERT INTO `zone` VALUES (1131, 74, 'Cher', '18', 1);
	INSERT INTO `zone` VALUES (1132, 74, 'Corr&egrave;ze', '19', 1);
	INSERT INTO `zone` VALUES (1133, 74, 'Corse du Sud', '2A', 1);
	INSERT INTO `zone` VALUES (1134, 74, 'Haute Corse', '2B', 1);
	INSERT INTO `zone` VALUES (1135, 74, 'C&ocirc;te d&#039;or', '21', 1);
	INSERT INTO `zone` VALUES (1136, 74, 'C&ocirc;tes d&#039;Armor', '22', 1);
	INSERT INTO `zone` VALUES (1137, 74, 'Creuse', '23', 1);
	INSERT INTO `zone` VALUES (1138, 74, 'Dordogne', '24', 1);
	INSERT INTO `zone` VALUES (1139, 74, 'Doubs', '25', 1);
	INSERT INTO `zone` VALUES (1140, 74, 'Dr&ocirc;me', '26', 1);
	INSERT INTO `zone` VALUES (1141, 74, 'Eure', '27', 1);
	INSERT INTO `zone` VALUES (1142, 74, 'Eure et Loir', '28', 1);
	INSERT INTO `zone` VALUES (1143, 74, 'Finist&egrave;re', '29', 1);
	INSERT INTO `zone` VALUES (1144, 74, 'Gard', '30', 1);
	INSERT INTO `zone` VALUES (1145, 74, 'Haute Garonne', '31', 1);
	INSERT INTO `zone` VALUES (1146, 74, 'Gers', '32', 1);
	INSERT INTO `zone` VALUES (1147, 74, 'Gironde', '33', 1);
	INSERT INTO `zone` VALUES (1148, 74, 'H&eacute;rault', '34', 1);
	INSERT INTO `zone` VALUES (1149, 74, 'Ille et Vilaine', '35', 1);
	INSERT INTO `zone` VALUES (1150, 74, 'Indre', '36', 1);
	INSERT INTO `zone` VALUES (1151, 74, 'Indre et Loire', '37', 1);
	INSERT INTO `zone` VALUES (1152, 74, 'Is&eacute;re', '38', 1);
	INSERT INTO `zone` VALUES (1153, 74, 'Jura', '39', 1);
	INSERT INTO `zone` VALUES (1154, 74, 'Landes', '40', 1);
	INSERT INTO `zone` VALUES (1155, 74, 'Loir et Cher', '41', 1);
	INSERT INTO `zone` VALUES (1156, 74, 'Loire', '42', 1);
	INSERT INTO `zone` VALUES (1157, 74, 'Haute Loire', '43', 1);
	INSERT INTO `zone` VALUES (1158, 74, 'Loire Atlantique', '44', 1);
	INSERT INTO `zone` VALUES (1159, 74, 'Loiret', '45', 1);
	INSERT INTO `zone` VALUES (1160, 74, 'Lot', '46', 1);
	INSERT INTO `zone` VALUES (1161, 74, 'Lot et Garonne', '47', 1);
	INSERT INTO `zone` VALUES (1162, 74, 'Loz&egrave;re', '48', 1);
	INSERT INTO `zone` VALUES (1163, 74, 'Maine et Loire', '49', 1);
	INSERT INTO `zone` VALUES (1164, 74, 'Manche', '50', 1);
	INSERT INTO `zone` VALUES (1165, 74, 'Marne', '51', 1);
	INSERT INTO `zone` VALUES (1166, 74, 'Haute Marne', '52', 1);
	INSERT INTO `zone` VALUES (1167, 74, 'Mayenne', '53', 1);
	INSERT INTO `zone` VALUES (1168, 74, 'Meurthe et Moselle', '54', 1);
	INSERT INTO `zone` VALUES (1169, 74, 'Meuse', '55', 1);
	INSERT INTO `zone` VALUES (1170, 74, 'Morbihan', '56', 1);
	INSERT INTO `zone` VALUES (1171, 74, 'Moselle', '57', 1);
	INSERT INTO `zone` VALUES (1172, 74, 'Ni&egrave;vre', '58', 1);
	INSERT INTO `zone` VALUES (1173, 74, 'Nord', '59', 1);
	INSERT INTO `zone` VALUES (1174, 74, 'Oise', '60', 1);
	INSERT INTO `zone` VALUES (1175, 74, 'Orne', '61', 1);
	INSERT INTO `zone` VALUES (1176, 74, 'Pas de Calais', '62', 1);
	INSERT INTO `zone` VALUES (1177, 74, 'Puy de D&ocirc;me', '63', 1);
	INSERT INTO `zone` VALUES (1178, 74, 'Pyr&eacute;n&eacute;es Atlantiques', '64', 1);
	INSERT INTO `zone` VALUES (1179, 74, 'Hautes Pyr&eacute;n&eacute;es', '65', 1);
	INSERT INTO `zone` VALUES (1180, 74, 'Pyr&eacute;n&eacute;es Orientales', '66', 1);
	INSERT INTO `zone` VALUES (1181, 74, 'Bas Rhin', '67', 1);
	INSERT INTO `zone` VALUES (1182, 74, 'Haut Rhin', '68', 1);
	INSERT INTO `zone` VALUES (1183, 74, 'Rh&ocirc;ne', '69', 1);
	INSERT INTO `zone` VALUES (1184, 74, 'Haute Sa&ocirc;ne', '70', 1);
	INSERT INTO `zone` VALUES (1185, 74, 'Sa&ocirc;ne et Loire', '71', 1);
	INSERT INTO `zone` VALUES (1186, 74, 'Sarthe', '72', 1);
	INSERT INTO `zone` VALUES (1187, 74, 'Savoie', '73', 1);
	INSERT INTO `zone` VALUES (1188, 74, 'Haute Savoie', '74', 1);
	INSERT INTO `zone` VALUES (1189, 74, 'Paris', '75', 1);
	INSERT INTO `zone` VALUES (1190, 74, 'Seine Maritime', '76', 1);
	INSERT INTO `zone` VALUES (1191, 74, 'Seine et Marne', '77', 1);
	INSERT INTO `zone` VALUES (1192, 74, 'Yvelines', '78', 1);
	INSERT INTO `zone` VALUES (1193, 74, 'Deux S&egrave;vres', '79', 1);
	INSERT INTO `zone` VALUES (1194, 74, 'Somme', '80', 1);
	INSERT INTO `zone` VALUES (1195, 74, 'Tarn', '81', 1);
	INSERT INTO `zone` VALUES (1196, 74, 'Tarn et Garonne', '82', 1);
	INSERT INTO `zone` VALUES (1197, 74, 'Var', '83', 1);
	INSERT INTO `zone` VALUES (1198, 74, 'Vaucluse', '84', 1);
	INSERT INTO `zone` VALUES (1199, 74, 'Vend&eacute;e', '85', 1);
	INSERT INTO `zone` VALUES (1200, 74, 'Vienne', '86', 1);
	INSERT INTO `zone` VALUES (1201, 74, 'Haute Vienne', '87', 1);
	INSERT INTO `zone` VALUES (1202, 74, 'Vosges', '88', 1);
	INSERT INTO `zone` VALUES (1203, 74, 'Yonne', '89', 1);
	INSERT INTO `zone` VALUES (1204, 74, 'Territoire de Belfort', '90', 1);
	INSERT INTO `zone` VALUES (1205, 74, 'Essonne', '91', 1);
	INSERT INTO `zone` VALUES (1206, 74, 'Hauts de Seine', '92', 1);
	INSERT INTO `zone` VALUES (1207, 74, 'Seine St-Denis', '93', 1);
	INSERT INTO `zone` VALUES (1208, 74, 'Val de Marne', '94', 1);
	INSERT INTO `zone` VALUES (1209, 74, 'Val d\'Oise', '95', 1);
	INSERT INTO `zone` VALUES (1210, 76, 'Archipel des Marquises', 'M', 1);
	INSERT INTO `zone` VALUES (1211, 76, 'Archipel des Tuamotu', 'T', 1);
	INSERT INTO `zone` VALUES (1212, 76, 'Archipel des Tubuai', 'I', 1);
	INSERT INTO `zone` VALUES (1213, 76, 'Iles du Vent', 'V', 1);
	INSERT INTO `zone` VALUES (1214, 76, 'Iles Sous-le-Vent', 'S', 1);
	INSERT INTO `zone` VALUES (1215, 77, 'Iles Crozet', 'C', 1);
	INSERT INTO `zone` VALUES (1216, 77, 'Iles Kerguelen', 'K', 1);
	INSERT INTO `zone` VALUES (1217, 77, 'Ile Amsterdam', 'A', 1);
	INSERT INTO `zone` VALUES (1218, 77, 'Ile Saint-Paul', 'P', 1);
	INSERT INTO `zone` VALUES (1219, 77, 'Adelie Land', 'D', 1);
	INSERT INTO `zone` VALUES (1220, 78, 'Estuaire', 'ES', 1);
	INSERT INTO `zone` VALUES (1221, 78, 'Haut-Ogooue', 'HO', 1);
	INSERT INTO `zone` VALUES (1222, 78, 'Moyen-Ogooue', 'MO', 1);
	INSERT INTO `zone` VALUES (1223, 78, 'Ngounie', 'NG', 1);
	INSERT INTO `zone` VALUES (1224, 78, 'Nyanga', 'NY', 1);
	INSERT INTO `zone` VALUES (1225, 78, 'Ogooue-Ivindo', 'OI', 1);
	INSERT INTO `zone` VALUES (1226, 78, 'Ogooue-Lolo', 'OL', 1);
	INSERT INTO `zone` VALUES (1227, 78, 'Ogooue-Maritime', 'OM', 1);
	INSERT INTO `zone` VALUES (1228, 78, 'Woleu-Ntem', 'WN', 1);
	INSERT INTO `zone` VALUES (1229, 79, 'Banjul', 'BJ', 1);
	INSERT INTO `zone` VALUES (1230, 79, 'Basse', 'BS', 1);
	INSERT INTO `zone` VALUES (1231, 79, 'Brikama', 'BR', 1);
	INSERT INTO `zone` VALUES (1232, 79, 'Janjangbure', 'JA', 1);
	INSERT INTO `zone` VALUES (1233, 79, 'Kanifeng', 'KA', 1);
	INSERT INTO `zone` VALUES (1234, 79, 'Kerewan', 'KE', 1);
	INSERT INTO `zone` VALUES (1235, 79, 'Kuntaur', 'KU', 1);
	INSERT INTO `zone` VALUES (1236, 79, 'Mansakonko', 'MA', 1);
	INSERT INTO `zone` VALUES (1237, 79, 'Lower River', 'LR', 1);
	INSERT INTO `zone` VALUES (1238, 79, 'Central River', 'CR', 1);
	INSERT INTO `zone` VALUES (1239, 79, 'North Bank', 'NB', 1);
	INSERT INTO `zone` VALUES (1240, 79, 'Upper River', 'UR', 1);
	INSERT INTO `zone` VALUES (1241, 79, 'Western', 'WE', 1);
	INSERT INTO `zone` VALUES (1242, 80, 'Abkhazia', 'AB', 1);
	INSERT INTO `zone` VALUES (1243, 80, 'Ajaria', 'AJ', 1);
	INSERT INTO `zone` VALUES (1244, 80, 'Tbilisi', 'TB', 1);
	INSERT INTO `zone` VALUES (1245, 80, 'Guria', 'GU', 1);
	INSERT INTO `zone` VALUES (1246, 80, 'Imereti', 'IM', 1);
	INSERT INTO `zone` VALUES (1247, 80, 'Kakheti', 'KA', 1);
	INSERT INTO `zone` VALUES (1248, 80, 'Kvemo Kartli', 'KK', 1);
	INSERT INTO `zone` VALUES (1249, 80, 'Mtskheta-Mtianeti', 'MM', 1);
	INSERT INTO `zone` VALUES (1250, 80, 'Racha Lechkhumi and Kvemo Svanet', 'RL', 1);
	INSERT INTO `zone` VALUES (1251, 80, 'Samegrelo-Zemo Svaneti', 'SZ', 1);
	INSERT INTO `zone` VALUES (1252, 80, 'Samtskhe-Javakheti', 'SJ', 1);
	INSERT INTO `zone` VALUES (1253, 80, 'Shida Kartli', 'SK', 1);
	INSERT INTO `zone` VALUES (1254, 81, 'Baden-W&uuml;rttemberg', 'BAW', 1);
	INSERT INTO `zone` VALUES (1255, 81, 'Bayern', 'BAY', 1);
	INSERT INTO `zone` VALUES (1256, 81, 'Berlin', 'BER', 1);
	INSERT INTO `zone` VALUES (1257, 81, 'Brandenburg', 'BRG', 1);
	INSERT INTO `zone` VALUES (1258, 81, 'Bremen', 'BRE', 1);
	INSERT INTO `zone` VALUES (1259, 81, 'Hamburg', 'HAM', 1);
	INSERT INTO `zone` VALUES (1260, 81, 'Hessen', 'HES', 1);
	INSERT INTO `zone` VALUES (1261, 81, 'Mecklenburg-Vorpommern', 'MEC', 1);
	INSERT INTO `zone` VALUES (1262, 81, 'Niedersachsen', 'NDS', 1);
	INSERT INTO `zone` VALUES (1263, 81, 'Nordrhein-Westfalen', 'NRW', 1);
	INSERT INTO `zone` VALUES (1264, 81, 'Rheinland-Pfalz', 'RHE', 1);
	INSERT INTO `zone` VALUES (1265, 81, 'Saarland', 'SAR', 1);
	INSERT INTO `zone` VALUES (1266, 81, 'Sachsen', 'SAS', 1);
	INSERT INTO `zone` VALUES (1267, 81, 'Sachsen-Anhalt', 'SAC', 1);
	INSERT INTO `zone` VALUES (1268, 81, 'Schleswig-Holstein', 'SCN', 1);
	INSERT INTO `zone` VALUES (1269, 81, 'Th&uuml;ringen', 'THE', 1);
	INSERT INTO `zone` VALUES (1270, 82, 'Ashanti Region', 'AS', 1);
	INSERT INTO `zone` VALUES (1271, 82, 'Brong-Ahafo Region', 'BA', 1);
	INSERT INTO `zone` VALUES (1272, 82, 'Central Region', 'CE', 1);
	INSERT INTO `zone` VALUES (1273, 82, 'Eastern Region', 'EA', 1);
	INSERT INTO `zone` VALUES (1274, 82, 'Greater Accra Region', 'GA', 1);
	INSERT INTO `zone` VALUES (1275, 82, 'Northern Region', 'NO', 1);
	INSERT INTO `zone` VALUES (1276, 82, 'Upper East Region', 'UE', 1);
	INSERT INTO `zone` VALUES (1277, 82, 'Upper West Region', 'UW', 1);
	INSERT INTO `zone` VALUES (1278, 82, 'Volta Region', 'VO', 1);
	INSERT INTO `zone` VALUES (1279, 82, 'Western Region', 'WE', 1);
	INSERT INTO `zone` VALUES (1280, 84, 'Attica', 'AT', 1);
	INSERT INTO `zone` VALUES (1281, 84, 'Central Greece', 'CN', 1);
	INSERT INTO `zone` VALUES (1282, 84, 'Central Macedonia', 'CM', 1);
	INSERT INTO `zone` VALUES (1283, 84, 'Crete', 'CR', 1);
	INSERT INTO `zone` VALUES (1284, 84, 'East Macedonia and Thrace', 'EM', 1);
	INSERT INTO `zone` VALUES (1285, 84, 'Epirus', 'EP', 1);
	INSERT INTO `zone` VALUES (1286, 84, 'Ionian Islands', 'II', 1);
	INSERT INTO `zone` VALUES (1287, 84, 'North Aegean', 'NA', 1);
	INSERT INTO `zone` VALUES (1288, 84, 'Peloponnesos', 'PP', 1);
	INSERT INTO `zone` VALUES (1289, 84, 'South Aegean', 'SA', 1);
	INSERT INTO `zone` VALUES (1290, 84, 'Thessaly', 'TH', 1);
	INSERT INTO `zone` VALUES (1291, 84, 'West Greece', 'WG', 1);
	INSERT INTO `zone` VALUES (1292, 84, 'West Macedonia', 'WM', 1);
	INSERT INTO `zone` VALUES (1293, 85, 'Avannaa', 'A', 1);
	INSERT INTO `zone` VALUES (1294, 85, 'Tunu', 'T', 1);
	INSERT INTO `zone` VALUES (1295, 85, 'Kitaa', 'K', 1);
	INSERT INTO `zone` VALUES (1296, 86, 'Saint Andrew', 'A', 1);
	INSERT INTO `zone` VALUES (1297, 86, 'Saint David', 'D', 1);
	INSERT INTO `zone` VALUES (1298, 86, 'Saint George', 'G', 1);
	INSERT INTO `zone` VALUES (1299, 86, 'Saint John', 'J', 1);
	INSERT INTO `zone` VALUES (1300, 86, 'Saint Mark', 'M', 1);
	INSERT INTO `zone` VALUES (1301, 86, 'Saint Patrick', 'P', 1);
	INSERT INTO `zone` VALUES (1302, 86, 'Carriacou', 'C', 1);
	INSERT INTO `zone` VALUES (1303, 86, 'Petit Martinique', 'Q', 1);
	INSERT INTO `zone` VALUES (1304, 89, 'Alta Verapaz', 'AV', 1);
	INSERT INTO `zone` VALUES (1305, 89, 'Baja Verapaz', 'BV', 1);
	INSERT INTO `zone` VALUES (1306, 89, 'Chimaltenango', 'CM', 1);
	INSERT INTO `zone` VALUES (1307, 89, 'Chiquimula', 'CQ', 1);
	INSERT INTO `zone` VALUES (1308, 89, 'El Peten', 'PE', 1);
	INSERT INTO `zone` VALUES (1309, 89, 'El Progreso', 'PR', 1);
	INSERT INTO `zone` VALUES (1310, 89, 'El Quiche', 'QC', 1);
	INSERT INTO `zone` VALUES (1311, 89, 'Escuintla', 'ES', 1);
	INSERT INTO `zone` VALUES (1312, 89, 'Guatemala', 'GU', 1);
	INSERT INTO `zone` VALUES (1313, 89, 'Huehuetenango', 'HU', 1);
	INSERT INTO `zone` VALUES (1314, 89, 'Izabal', 'IZ', 1);
	INSERT INTO `zone` VALUES (1315, 89, 'Jalapa', 'JA', 1);
	INSERT INTO `zone` VALUES (1316, 89, 'Jutiapa', 'JU', 1);
	INSERT INTO `zone` VALUES (1317, 89, 'Quetzaltenango', 'QZ', 1);
	INSERT INTO `zone` VALUES (1318, 89, 'Retalhuleu', 'RE', 1);
	INSERT INTO `zone` VALUES (1319, 89, 'Sacatepequez', 'ST', 1);
	INSERT INTO `zone` VALUES (1320, 89, 'San Marcos', 'SM', 1);
	INSERT INTO `zone` VALUES (1321, 89, 'Santa Rosa', 'SR', 1);
	INSERT INTO `zone` VALUES (1322, 89, 'Solola', 'SO', 1);
	INSERT INTO `zone` VALUES (1323, 89, 'Suchitepequez', 'SU', 1);
	INSERT INTO `zone` VALUES (1324, 89, 'Totonicapan', 'TO', 1);
	INSERT INTO `zone` VALUES (1325, 89, 'Zacapa', 'ZA', 1);
	INSERT INTO `zone` VALUES (1326, 90, 'Conakry', 'CNK', 1);
	INSERT INTO `zone` VALUES (1327, 90, 'Beyla', 'BYL', 1);
	INSERT INTO `zone` VALUES (1328, 90, 'Boffa', 'BFA', 1);
	INSERT INTO `zone` VALUES (1329, 90, 'Boke', 'BOK', 1);
	INSERT INTO `zone` VALUES (1330, 90, 'Coyah', 'COY', 1);
	INSERT INTO `zone` VALUES (1331, 90, 'Dabola', 'DBL', 1);
	INSERT INTO `zone` VALUES (1332, 90, 'Dalaba', 'DLB', 1);
	INSERT INTO `zone` VALUES (1333, 90, 'Dinguiraye', 'DGR', 1);
	INSERT INTO `zone` VALUES (1334, 90, 'Dubreka', 'DBR', 1);
	INSERT INTO `zone` VALUES (1335, 90, 'Faranah', 'FRN', 1);
	INSERT INTO `zone` VALUES (1336, 90, 'Forecariah', 'FRC', 1);
	INSERT INTO `zone` VALUES (1337, 90, 'Fria', 'FRI', 1);
	INSERT INTO `zone` VALUES (1338, 90, 'Gaoual', 'GAO', 1);
	INSERT INTO `zone` VALUES (1339, 90, 'Gueckedou', 'GCD', 1);
	INSERT INTO `zone` VALUES (1340, 90, 'Kankan', 'KNK', 1);
	INSERT INTO `zone` VALUES (1341, 90, 'Kerouane', 'KRN', 1);
	INSERT INTO `zone` VALUES (1342, 90, 'Kindia', 'KND', 1);
	INSERT INTO `zone` VALUES (1343, 90, 'Kissidougou', 'KSD', 1);
	INSERT INTO `zone` VALUES (1344, 90, 'Koubia', 'KBA', 1);
	INSERT INTO `zone` VALUES (1345, 90, 'Koundara', 'KDA', 1);
	INSERT INTO `zone` VALUES (1346, 90, 'Kouroussa', 'KRA', 1);
	INSERT INTO `zone` VALUES (1347, 90, 'Labe', 'LAB', 1);
	INSERT INTO `zone` VALUES (1348, 90, 'Lelouma', 'LLM', 1);
	INSERT INTO `zone` VALUES (1349, 90, 'Lola', 'LOL', 1);
	INSERT INTO `zone` VALUES (1350, 90, 'Macenta', 'MCT', 1);
	INSERT INTO `zone` VALUES (1351, 90, 'Mali', 'MAL', 1);
	INSERT INTO `zone` VALUES (1352, 90, 'Mamou', 'MAM', 1);
	INSERT INTO `zone` VALUES (1353, 90, 'Mandiana', 'MAN', 1);
	INSERT INTO `zone` VALUES (1354, 90, 'Nzerekore', 'NZR', 1);
	INSERT INTO `zone` VALUES (1355, 90, 'Pita', 'PIT', 1);
	INSERT INTO `zone` VALUES (1356, 90, 'Siguiri', 'SIG', 1);
	INSERT INTO `zone` VALUES (1357, 90, 'Telimele', 'TLM', 1);
	INSERT INTO `zone` VALUES (1358, 90, 'Tougue', 'TOG', 1);
	INSERT INTO `zone` VALUES (1359, 90, 'Yomou', 'YOM', 1);
	INSERT INTO `zone` VALUES (1360, 91, 'Bafata Region', 'BF', 1);
	INSERT INTO `zone` VALUES (1361, 91, 'Biombo Region', 'BB', 1);
	INSERT INTO `zone` VALUES (1362, 91, 'Bissau Region', 'BS', 1);
	INSERT INTO `zone` VALUES (1363, 91, 'Bolama Region', 'BL', 1);
	INSERT INTO `zone` VALUES (1364, 91, 'Cacheu Region', 'CA', 1);
	INSERT INTO `zone` VALUES (1365, 91, 'Gabu Region', 'GA', 1);
	INSERT INTO `zone` VALUES (1366, 91, 'Oio Region', 'OI', 1);
	INSERT INTO `zone` VALUES (1367, 91, 'Quinara Region', 'QU', 1);
	INSERT INTO `zone` VALUES (1368, 91, 'Tombali Region', 'TO', 1);
	INSERT INTO `zone` VALUES (1369, 92, 'Barima-Waini', 'BW', 1);
	INSERT INTO `zone` VALUES (1370, 92, 'Cuyuni-Mazaruni', 'CM', 1);
	INSERT INTO `zone` VALUES (1371, 92, 'Demerara-Mahaica', 'DM', 1);
	INSERT INTO `zone` VALUES (1372, 92, 'East Berbice-Corentyne', 'EC', 1);
	INSERT INTO `zone` VALUES (1373, 92, 'Essequibo Islands-West Demerara', 'EW', 1);
	INSERT INTO `zone` VALUES (1374, 92, 'Mahaica-Berbice', 'MB', 1);
	INSERT INTO `zone` VALUES (1375, 92, 'Pomeroon-Supenaam', 'PM', 1);
	INSERT INTO `zone` VALUES (1376, 92, 'Potaro-Siparuni', 'PI', 1);
	INSERT INTO `zone` VALUES (1377, 92, 'Upper Demerara-Berbice', 'UD', 1);
	INSERT INTO `zone` VALUES (1378, 92, 'Upper Takutu-Upper Essequibo', 'UT', 1);
	INSERT INTO `zone` VALUES (1379, 93, 'Artibonite', 'AR', 1);
	INSERT INTO `zone` VALUES (1380, 93, 'Centre', 'CE', 1);
	INSERT INTO `zone` VALUES (1381, 93, 'Grand\'Anse', 'GA', 1);
	INSERT INTO `zone` VALUES (1382, 93, 'Nord', 'ND', 1);
	INSERT INTO `zone` VALUES (1383, 93, 'Nord-Est', 'NE', 1);
	INSERT INTO `zone` VALUES (1384, 93, 'Nord-Ouest', 'NO', 1);
	INSERT INTO `zone` VALUES (1385, 93, 'Ouest', 'OU', 1);
	INSERT INTO `zone` VALUES (1386, 93, 'Sud', 'SD', 1);
	INSERT INTO `zone` VALUES (1387, 93, 'Sud-Est', 'SE', 1);
	INSERT INTO `zone` VALUES (1388, 94, 'Flat Island', 'F', 1);
	INSERT INTO `zone` VALUES (1389, 94, 'McDonald Island', 'M', 1);
	INSERT INTO `zone` VALUES (1390, 94, 'Shag Island', 'S', 1);
	INSERT INTO `zone` VALUES (1391, 94, 'Heard Island', 'H', 1);
	INSERT INTO `zone` VALUES (1392, 95, 'Atlantida', 'AT', 1);
	INSERT INTO `zone` VALUES (1393, 95, 'Choluteca', 'CH', 1);
	INSERT INTO `zone` VALUES (1394, 95, 'Colon', 'CL', 1);
	INSERT INTO `zone` VALUES (1395, 95, 'Comayagua', 'CM', 1);
	INSERT INTO `zone` VALUES (1396, 95, 'Copan', 'CP', 1);
	INSERT INTO `zone` VALUES (1397, 95, 'Cortes', 'CR', 1);
	INSERT INTO `zone` VALUES (1398, 95, 'El Paraiso', 'PA', 1);
	INSERT INTO `zone` VALUES (1399, 95, 'Francisco Morazan', 'FM', 1);
	INSERT INTO `zone` VALUES (1400, 95, 'Gracias a Dios', 'GD', 1);
	INSERT INTO `zone` VALUES (1401, 95, 'Intibuca', 'IN', 1);
	INSERT INTO `zone` VALUES (1402, 95, 'Islas de la Bahia (Bay Islands)', 'IB', 1);
	INSERT INTO `zone` VALUES (1403, 95, 'La Paz', 'PZ', 1);
	INSERT INTO `zone` VALUES (1404, 95, 'Lempira', 'LE', 1);
	INSERT INTO `zone` VALUES (1405, 95, 'Ocotepeque', 'OC', 1);
	INSERT INTO `zone` VALUES (1406, 95, 'Olancho', 'OL', 1);
	INSERT INTO `zone` VALUES (1407, 95, 'Santa Barbara', 'SB', 1);
	INSERT INTO `zone` VALUES (1408, 95, 'Valle', 'VA', 1);
	INSERT INTO `zone` VALUES (1409, 95, 'Yoro', 'YO', 1);
	INSERT INTO `zone` VALUES (1410, 96, 'Central and Western Hong Kong Island', 'HCW', 1);
	INSERT INTO `zone` VALUES (1411, 96, 'Eastern Hong Kong Island', 'HEA', 1);
	INSERT INTO `zone` VALUES (1412, 96, 'Southern Hong Kong Island', 'HSO', 1);
	INSERT INTO `zone` VALUES (1413, 96, 'Wan Chai Hong Kong Island', 'HWC', 1);
	INSERT INTO `zone` VALUES (1414, 96, 'Kowloon City Kowloon', 'KKC', 1);
	INSERT INTO `zone` VALUES (1415, 96, 'Kwun Tong Kowloon', 'KKT', 1);
	INSERT INTO `zone` VALUES (1416, 96, 'Sham Shui Po Kowloon', 'KSS', 1);
	INSERT INTO `zone` VALUES (1417, 96, 'Wong Tai Sin Kowloon', 'KWT', 1);
	INSERT INTO `zone` VALUES (1418, 96, 'Yau Tsim Mong Kowloon', 'KYT', 1);
	INSERT INTO `zone` VALUES (1419, 96, 'Islands New Territories', 'NIS', 1);
	INSERT INTO `zone` VALUES (1420, 96, 'Kwai Tsing New Territories', 'NKT', 1);
	INSERT INTO `zone` VALUES (1421, 96, 'North New Territories', 'NNO', 1);
	INSERT INTO `zone` VALUES (1422, 96, 'Sai Kung New Territories', 'NSK', 1);
	INSERT INTO `zone` VALUES (1423, 96, 'Sha Tin New Territories', 'NST', 1);
	INSERT INTO `zone` VALUES (1424, 96, 'Tai Po New Territories', 'NTP', 1);
	INSERT INTO `zone` VALUES (1425, 96, 'Tsuen Wan New Territories', 'NTW', 1);
	INSERT INTO `zone` VALUES (1426, 96, 'Tuen Mun New Territories', 'NTM', 1);
	INSERT INTO `zone` VALUES (1427, 96, 'Yuen Long New Territories', 'NYL', 1);
	INSERT INTO `zone` VALUES (1467, 98, 'Austurland', 'AL', 1);
	INSERT INTO `zone` VALUES (1468, 98, 'Hofuoborgarsvaeoi', 'HF', 1);
	INSERT INTO `zone` VALUES (1469, 98, 'Norourland eystra', 'NE', 1);
	INSERT INTO `zone` VALUES (1470, 98, 'Norourland vestra', 'NV', 1);
	INSERT INTO `zone` VALUES (1471, 98, 'Suourland', 'SL', 1);
	INSERT INTO `zone` VALUES (1472, 98, 'Suournes', 'SN', 1);
	INSERT INTO `zone` VALUES (1473, 98, 'Vestfiroir', 'VF', 1);
	INSERT INTO `zone` VALUES (1474, 98, 'Vesturland', 'VL', 1);
	INSERT INTO `zone` VALUES (1475, 99, 'Andaman and Nicobar Islands', 'AN', 1);
	INSERT INTO `zone` VALUES (1476, 99, 'Andhra Pradesh', 'AP', 1);
	INSERT INTO `zone` VALUES (1477, 99, 'Arunachal Pradesh', 'AR', 1);
	INSERT INTO `zone` VALUES (1478, 99, 'Assam', 'AS', 1);
	INSERT INTO `zone` VALUES (1479, 99, 'Bihar', 'BI', 1);
	INSERT INTO `zone` VALUES (1480, 99, 'Chandigarh', 'CH', 1);
	INSERT INTO `zone` VALUES (1481, 99, 'Dadra and Nagar Haveli', 'DA', 1);
	INSERT INTO `zone` VALUES (1482, 99, 'Daman and Diu', 'DM', 1);
	INSERT INTO `zone` VALUES (1483, 99, 'Delhi', 'DE', 1);
	INSERT INTO `zone` VALUES (1484, 99, 'Goa', 'GO', 1);
	INSERT INTO `zone` VALUES (1485, 99, 'Gujarat', 'GU', 1);
	INSERT INTO `zone` VALUES (1486, 99, 'Haryana', 'HA', 1);
	INSERT INTO `zone` VALUES (1487, 99, 'Himachal Pradesh', 'HP', 1);
	INSERT INTO `zone` VALUES (1488, 99, 'Jammu and Kashmir', 'JA', 1);
	INSERT INTO `zone` VALUES (1489, 99, 'Karnataka', 'KA', 1);
	INSERT INTO `zone` VALUES (1490, 99, 'Kerala', 'KE', 1);
	INSERT INTO `zone` VALUES (1491, 99, 'Lakshadweep Islands', 'LI', 1);
	INSERT INTO `zone` VALUES (1492, 99, 'Madhya Pradesh', 'MP', 1);
	INSERT INTO `zone` VALUES (1493, 99, 'Maharashtra', 'MA', 1);
	INSERT INTO `zone` VALUES (1494, 99, 'Manipur', 'MN', 1);
	INSERT INTO `zone` VALUES (1495, 99, 'Meghalaya', 'ME', 1);
	INSERT INTO `zone` VALUES (1496, 99, 'Mizoram', 'MI', 1);
	INSERT INTO `zone` VALUES (1497, 99, 'Nagaland', 'NA', 1);
	INSERT INTO `zone` VALUES (1498, 99, 'Orissa', 'OR', 1);
	INSERT INTO `zone` VALUES (1499, 99, 'Puducherry', 'PO', 1);
	INSERT INTO `zone` VALUES (1500, 99, 'Punjab', 'PU', 1);
	INSERT INTO `zone` VALUES (1501, 99, 'Rajasthan', 'RA', 1);
	INSERT INTO `zone` VALUES (1502, 99, 'Sikkim', 'SI', 1);
	INSERT INTO `zone` VALUES (1503, 99, 'Tamil Nadu', 'TN', 1);
	INSERT INTO `zone` VALUES (1504, 99, 'Tripura', 'TR', 1);
	INSERT INTO `zone` VALUES (1505, 99, 'Uttar Pradesh', 'UP', 1);
	INSERT INTO `zone` VALUES (1506, 99, 'West Bengal', 'WB', 1);
	INSERT INTO `zone` VALUES (1507, 100, 'Aceh', 'AC', 1);
	INSERT INTO `zone` VALUES (1508, 100, 'Bali', 'BA', 1);
	INSERT INTO `zone` VALUES (1509, 100, 'Banten', 'BT', 1);
	INSERT INTO `zone` VALUES (1510, 100, 'Bengkulu', 'BE', 1);
	INSERT INTO `zone` VALUES (1511, 100, 'BoDeTaBek', 'BD', 1);
	INSERT INTO `zone` VALUES (1512, 100, 'Gorontalo', 'GO', 1);
	INSERT INTO `zone` VALUES (1513, 100, 'Jakarta Raya', 'JK', 1);
	INSERT INTO `zone` VALUES (1514, 100, 'Jambi', 'JA', 1);
	INSERT INTO `zone` VALUES (1515, 100, 'Jawa Barat', 'JB', 1);
	INSERT INTO `zone` VALUES (1516, 100, 'Jawa Tengah', 'JT', 1);
	INSERT INTO `zone` VALUES (1517, 100, 'Jawa Timur', 'JI', 1);
	INSERT INTO `zone` VALUES (1518, 100, 'Kalimantan Barat', 'KB', 1);
	INSERT INTO `zone` VALUES (1519, 100, 'Kalimantan Selatan', 'KS', 1);
	INSERT INTO `zone` VALUES (1520, 100, 'Kalimantan Tengah', 'KT', 1);
	INSERT INTO `zone` VALUES (1521, 100, 'Kalimantan Timur', 'KI', 1);
	INSERT INTO `zone` VALUES (1522, 100, 'Kepulauan Bangka Belitung', 'BB', 1);
	INSERT INTO `zone` VALUES (1523, 100, 'Lampung', 'LA', 1);
	INSERT INTO `zone` VALUES (1524, 100, 'Maluku', 'MA', 1);
	INSERT INTO `zone` VALUES (1525, 100, 'Maluku Utara', 'MU', 1);
	INSERT INTO `zone` VALUES (1526, 100, 'Nusa Tenggara Barat', 'NB', 1);
	INSERT INTO `zone` VALUES (1527, 100, 'Nusa Tenggara Timur', 'NT', 1);
	INSERT INTO `zone` VALUES (1528, 100, 'Papua', 'PA', 1);
	INSERT INTO `zone` VALUES (1529, 100, 'Riau', 'RI', 1);
	INSERT INTO `zone` VALUES (1530, 100, 'Sulawesi Selatan', 'SN', 1);
	INSERT INTO `zone` VALUES (1531, 100, 'Sulawesi Tengah', 'ST', 1);
	INSERT INTO `zone` VALUES (1532, 100, 'Sulawesi Tenggara', 'SG', 1);
	INSERT INTO `zone` VALUES (1533, 100, 'Sulawesi Utara', 'SA', 1);
	INSERT INTO `zone` VALUES (1534, 100, 'Sumatera Barat', 'SB', 1);
	INSERT INTO `zone` VALUES (1535, 100, 'Sumatera Selatan', 'SS', 1);
	INSERT INTO `zone` VALUES (1536, 100, 'Sumatera Utara', 'SU', 1);
	INSERT INTO `zone` VALUES (1537, 100, 'Yogyakarta', 'YO', 1);
	INSERT INTO `zone` VALUES (1538, 101, 'Tehran', 'TEH', 1);
	INSERT INTO `zone` VALUES (1539, 101, 'Qom', 'QOM', 1);
	INSERT INTO `zone` VALUES (1540, 101, 'Markazi', 'MKZ', 1);
	INSERT INTO `zone` VALUES (1541, 101, 'Qazvin', 'QAZ', 1);
	INSERT INTO `zone` VALUES (1542, 101, 'Gilan', 'GIL', 1);
	INSERT INTO `zone` VALUES (1543, 101, 'Ardabil', 'ARD', 1);
	INSERT INTO `zone` VALUES (1544, 101, 'Zanjan', 'ZAN', 1);
	INSERT INTO `zone` VALUES (1545, 101, 'East Azarbaijan', 'EAZ', 1);
	INSERT INTO `zone` VALUES (1546, 101, 'West Azarbaijan', 'WEZ', 1);
	INSERT INTO `zone` VALUES (1547, 101, 'Kurdistan', 'KRD', 1);
	INSERT INTO `zone` VALUES (1548, 101, 'Hamadan', 'HMD', 1);
	INSERT INTO `zone` VALUES (1549, 101, 'Kermanshah', 'KRM', 1);
	INSERT INTO `zone` VALUES (1550, 101, 'Ilam', 'ILM', 1);
	INSERT INTO `zone` VALUES (1551, 101, 'Lorestan', 'LRS', 1);
	INSERT INTO `zone` VALUES (1552, 101, 'Khuzestan', 'KZT', 1);
	INSERT INTO `zone` VALUES (1553, 101, 'Chahar Mahaal and Bakhtiari', 'CMB', 1);
	INSERT INTO `zone` VALUES (1554, 101, 'Kohkiluyeh and Buyer Ahmad', 'KBA', 1);
	INSERT INTO `zone` VALUES (1555, 101, 'Bushehr', 'BSH', 1);
	INSERT INTO `zone` VALUES (1556, 101, 'Fars', 'FAR', 1);
	INSERT INTO `zone` VALUES (1557, 101, 'Hormozgan', 'HRM', 1);
	INSERT INTO `zone` VALUES (1558, 101, 'Sistan and Baluchistan', 'SBL', 1);
	INSERT INTO `zone` VALUES (1559, 101, 'Kerman', 'KRB', 1);
	INSERT INTO `zone` VALUES (1560, 101, 'Yazd', 'YZD', 1);
	INSERT INTO `zone` VALUES (1561, 101, 'Esfahan', 'EFH', 1);
	INSERT INTO `zone` VALUES (1562, 101, 'Semnan', 'SMN', 1);
	INSERT INTO `zone` VALUES (1563, 101, 'Mazandaran', 'MZD', 1);
	INSERT INTO `zone` VALUES (1564, 101, 'Golestan', 'GLS', 1);
	INSERT INTO `zone` VALUES (1565, 101, 'North Khorasan', 'NKH', 1);
	INSERT INTO `zone` VALUES (1566, 101, 'Razavi Khorasan', 'RKH', 1);
	INSERT INTO `zone` VALUES (1567, 101, 'South Khorasan', 'SKH', 1);
	INSERT INTO `zone` VALUES (1568, 102, 'Baghdad', 'BD', 1);
	INSERT INTO `zone` VALUES (1569, 102, 'Salah ad Din', 'SD', 1);
	INSERT INTO `zone` VALUES (1570, 102, 'Diyala', 'DY', 1);
	INSERT INTO `zone` VALUES (1571, 102, 'Wasit', 'WS', 1);
	INSERT INTO `zone` VALUES (1572, 102, 'Maysan', 'MY', 1);
	INSERT INTO `zone` VALUES (1573, 102, 'Al Basrah', 'BA', 1);
	INSERT INTO `zone` VALUES (1574, 102, 'Dhi Qar', 'DQ', 1);
	INSERT INTO `zone` VALUES (1575, 102, 'Al Muthanna', 'MU', 1);
	INSERT INTO `zone` VALUES (1576, 102, 'Al Qadisyah', 'QA', 1);
	INSERT INTO `zone` VALUES (1577, 102, 'Babil', 'BB', 1);
	INSERT INTO `zone` VALUES (1578, 102, 'Al Karbala', 'KB', 1);
	INSERT INTO `zone` VALUES (1579, 102, 'An Najaf', 'NJ', 1);
	INSERT INTO `zone` VALUES (1580, 102, 'Al Anbar', 'AB', 1);
	INSERT INTO `zone` VALUES (1581, 102, 'Ninawa', 'NN', 1);
	INSERT INTO `zone` VALUES (1582, 102, 'Dahuk', 'DH', 1);
	INSERT INTO `zone` VALUES (1583, 102, 'Arbil', 'AL', 1);
	INSERT INTO `zone` VALUES (1584, 102, 'At Ta\'mim', 'TM', 1);
	INSERT INTO `zone` VALUES (1585, 102, 'As Sulaymaniyah', 'SL', 1);
	INSERT INTO `zone` VALUES (1586, 103, 'Carlow', 'CA', 1);
	INSERT INTO `zone` VALUES (1587, 103, 'Cavan', 'CV', 1);
	INSERT INTO `zone` VALUES (1588, 103, 'Clare', 'CL', 1);
	INSERT INTO `zone` VALUES (1589, 103, 'Cork', 'CO', 1);
	INSERT INTO `zone` VALUES (1590, 103, 'Donegal', 'DO', 1);
	INSERT INTO `zone` VALUES (1591, 103, 'Dublin', 'DU', 1);
	INSERT INTO `zone` VALUES (1592, 103, 'Galway', 'GA', 1);
	INSERT INTO `zone` VALUES (1593, 103, 'Kerry', 'KE', 1);
	INSERT INTO `zone` VALUES (1594, 103, 'Kildare', 'KI', 1);
	INSERT INTO `zone` VALUES (1595, 103, 'Kilkenny', 'KL', 1);
	INSERT INTO `zone` VALUES (1596, 103, 'Laois', 'LA', 1);
	INSERT INTO `zone` VALUES (1597, 103, 'Leitrim', 'LE', 1);
	INSERT INTO `zone` VALUES (1598, 103, 'Limerick', 'LI', 1);
	INSERT INTO `zone` VALUES (1599, 103, 'Longford', 'LO', 1);
	INSERT INTO `zone` VALUES (1600, 103, 'Louth', 'LU', 1);
	INSERT INTO `zone` VALUES (1601, 103, 'Mayo', 'MA', 1);
	INSERT INTO `zone` VALUES (1602, 103, 'Meath', 'ME', 1);
	INSERT INTO `zone` VALUES (1603, 103, 'Monaghan', 'MO', 1);
	INSERT INTO `zone` VALUES (1604, 103, 'Offaly', 'OF', 1);
	INSERT INTO `zone` VALUES (1605, 103, 'Roscommon', 'RO', 1);
	INSERT INTO `zone` VALUES (1606, 103, 'Sligo', 'SL', 1);
	INSERT INTO `zone` VALUES (1607, 103, 'Tipperary', 'TI', 1);
	INSERT INTO `zone` VALUES (1608, 103, 'Waterford', 'WA', 1);
	INSERT INTO `zone` VALUES (1609, 103, 'Westmeath', 'WE', 1);
	INSERT INTO `zone` VALUES (1610, 103, 'Wexford', 'WX', 1);
	INSERT INTO `zone` VALUES (1611, 103, 'Wicklow', 'WI', 1);
	INSERT INTO `zone` VALUES (1612, 104, 'Be\'er Sheva', 'BS', 1);
	INSERT INTO `zone` VALUES (1613, 104, 'Bika\'at Hayarden', 'BH', 1);
	INSERT INTO `zone` VALUES (1614, 104, 'Eilat and Arava', 'EA', 1);
	INSERT INTO `zone` VALUES (1615, 104, 'Galil', 'GA', 1);
	INSERT INTO `zone` VALUES (1616, 104, 'Haifa', 'HA', 1);
	INSERT INTO `zone` VALUES (1617, 104, 'Jehuda Mountains', 'JM', 1);
	INSERT INTO `zone` VALUES (1618, 104, 'Jerusalem', 'JE', 1);
	INSERT INTO `zone` VALUES (1619, 104, 'Negev', 'NE', 1);
	INSERT INTO `zone` VALUES (1620, 104, 'Semaria', 'SE', 1);
	INSERT INTO `zone` VALUES (1621, 104, 'Sharon', 'SH', 1);
	INSERT INTO `zone` VALUES (1622, 104, 'Tel Aviv (Gosh Dan)', 'TA', 1);
	INSERT INTO `zone` VALUES (3860, 105, 'Caltanissetta', 'CL', 1);
	INSERT INTO `zone` VALUES (3842, 105, 'Agrigento', 'AG', 1);
	INSERT INTO `zone` VALUES (3843, 105, 'Alessandria', 'AL', 1);
	INSERT INTO `zone` VALUES (3844, 105, 'Ancona', 'AN', 1);
	INSERT INTO `zone` VALUES (3845, 105, 'Aosta', 'AO', 1);
	INSERT INTO `zone` VALUES (3846, 105, 'Arezzo', 'AR', 1);
	INSERT INTO `zone` VALUES (3847, 105, 'Ascoli Piceno', 'AP', 1);
	INSERT INTO `zone` VALUES (3848, 105, 'Asti', 'AT', 1);
	INSERT INTO `zone` VALUES (3849, 105, 'Avellino', 'AV', 1);
	INSERT INTO `zone` VALUES (3850, 105, 'Bari', 'BA', 1);
	INSERT INTO `zone` VALUES (3851, 105, 'Belluno', 'BL', 1);
	INSERT INTO `zone` VALUES (3852, 105, 'Benevento', 'BN', 1);
	INSERT INTO `zone` VALUES (3853, 105, 'Bergamo', 'BG', 1);
	INSERT INTO `zone` VALUES (3854, 105, 'Biella', 'BI', 1);
	INSERT INTO `zone` VALUES (3855, 105, 'Bologna', 'BO', 1);
	INSERT INTO `zone` VALUES (3856, 105, 'Bolzano', 'BZ', 1);
	INSERT INTO `zone` VALUES (3857, 105, 'Brescia', 'BS', 1);
	INSERT INTO `zone` VALUES (3858, 105, 'Brindisi', 'BR', 1);
	INSERT INTO `zone` VALUES (3859, 105, 'Cagliari', 'CA', 1);
	INSERT INTO `zone` VALUES (1643, 106, 'Clarendon Parish', 'CLA', 1);
	INSERT INTO `zone` VALUES (1644, 106, 'Hanover Parish', 'HAN', 1);
	INSERT INTO `zone` VALUES (1645, 106, 'Kingston Parish', 'KIN', 1);
	INSERT INTO `zone` VALUES (1646, 106, 'Manchester Parish', 'MAN', 1);
	INSERT INTO `zone` VALUES (1647, 106, 'Portland Parish', 'POR', 1);
	INSERT INTO `zone` VALUES (1648, 106, 'Saint Andrew Parish', 'AND', 1);
	INSERT INTO `zone` VALUES (1649, 106, 'Saint Ann Parish', 'ANN', 1);
	INSERT INTO `zone` VALUES (1650, 106, 'Saint Catherine Parish', 'CAT', 1);
	INSERT INTO `zone` VALUES (1651, 106, 'Saint Elizabeth Parish', 'ELI', 1);
	INSERT INTO `zone` VALUES (1652, 106, 'Saint James Parish', 'JAM', 1);
	INSERT INTO `zone` VALUES (1653, 106, 'Saint Mary Parish', 'MAR', 1);
	INSERT INTO `zone` VALUES (1654, 106, 'Saint Thomas Parish', 'THO', 1);
	INSERT INTO `zone` VALUES (1655, 106, 'Trelawny Parish', 'TRL', 1);
	INSERT INTO `zone` VALUES (1656, 106, 'Westmoreland Parish', 'WML', 1);
	INSERT INTO `zone` VALUES (1657, 107, 'Aichi', 'AI', 1);
	INSERT INTO `zone` VALUES (1658, 107, 'Akita', 'AK', 1);
	INSERT INTO `zone` VALUES (1659, 107, 'Aomori', 'AO', 1);
	INSERT INTO `zone` VALUES (1660, 107, 'Chiba', 'CH', 1);
	INSERT INTO `zone` VALUES (1661, 107, 'Ehime', 'EH', 1);
	INSERT INTO `zone` VALUES (1662, 107, 'Fukui', 'FK', 1);
	INSERT INTO `zone` VALUES (1663, 107, 'Fukuoka', 'FU', 1);
	INSERT INTO `zone` VALUES (1664, 107, 'Fukushima', 'FS', 1);
	INSERT INTO `zone` VALUES (1665, 107, 'Gifu', 'GI', 1);
	INSERT INTO `zone` VALUES (1666, 107, 'Gumma', 'GU', 1);
	INSERT INTO `zone` VALUES (1667, 107, 'Hiroshima', 'HI', 1);
	INSERT INTO `zone` VALUES (1668, 107, 'Hokkaido', 'HO', 1);
	INSERT INTO `zone` VALUES (1669, 107, 'Hyogo', 'HY', 1);
	INSERT INTO `zone` VALUES (1670, 107, 'Ibaraki', 'IB', 1);
	INSERT INTO `zone` VALUES (1671, 107, 'Ishikawa', 'IS', 1);
	INSERT INTO `zone` VALUES (1672, 107, 'Iwate', 'IW', 1);
	INSERT INTO `zone` VALUES (1673, 107, 'Kagawa', 'KA', 1);
	INSERT INTO `zone` VALUES (1674, 107, 'Kagoshima', 'KG', 1);
	INSERT INTO `zone` VALUES (1675, 107, 'Kanagawa', 'KN', 1);
	INSERT INTO `zone` VALUES (1676, 107, 'Kochi', 'KO', 1);
	INSERT INTO `zone` VALUES (1677, 107, 'Kumamoto', 'KU', 1);
	INSERT INTO `zone` VALUES (1678, 107, 'Kyoto', 'KY', 1);
	INSERT INTO `zone` VALUES (1679, 107, 'Mie', 'MI', 1);
	INSERT INTO `zone` VALUES (1680, 107, 'Miyagi', 'MY', 1);
	INSERT INTO `zone` VALUES (1681, 107, 'Miyazaki', 'MZ', 1);
	INSERT INTO `zone` VALUES (1682, 107, 'Nagano', 'NA', 1);
	INSERT INTO `zone` VALUES (1683, 107, 'Nagasaki', 'NG', 1);
	INSERT INTO `zone` VALUES (1684, 107, 'Nara', 'NR', 1);
	INSERT INTO `zone` VALUES (1685, 107, 'Niigata', 'NI', 1);
	INSERT INTO `zone` VALUES (1686, 107, 'Oita', 'OI', 1);
	INSERT INTO `zone` VALUES (1687, 107, 'Okayama', 'OK', 1);
	INSERT INTO `zone` VALUES (1688, 107, 'Okinawa', 'ON', 1);
	INSERT INTO `zone` VALUES (1689, 107, 'Osaka', 'OS', 1);
	INSERT INTO `zone` VALUES (1690, 107, 'Saga', 'SA', 1);
	INSERT INTO `zone` VALUES (1691, 107, 'Saitama', 'SI', 1);
	INSERT INTO `zone` VALUES (1692, 107, 'Shiga', 'SH', 1);
	INSERT INTO `zone` VALUES (1693, 107, 'Shimane', 'SM', 1);
	INSERT INTO `zone` VALUES (1694, 107, 'Shizuoka', 'SZ', 1);
	INSERT INTO `zone` VALUES (1695, 107, 'Tochigi', 'TO', 1);
	INSERT INTO `zone` VALUES (1696, 107, 'Tokushima', 'TS', 1);
	INSERT INTO `zone` VALUES (1697, 107, 'Tokyo', 'TK', 1);
	INSERT INTO `zone` VALUES (1698, 107, 'Tottori', 'TT', 1);
	INSERT INTO `zone` VALUES (1699, 107, 'Toyama', 'TY', 1);
	INSERT INTO `zone` VALUES (1700, 107, 'Wakayama', 'WA', 1);
	INSERT INTO `zone` VALUES (1701, 107, 'Yamagata', 'YA', 1);
	INSERT INTO `zone` VALUES (1702, 107, 'Yamaguchi', 'YM', 1);
	INSERT INTO `zone` VALUES (1703, 107, 'Yamanashi', 'YN', 1);
	INSERT INTO `zone` VALUES (1704, 108, '\'Amman', 'AM', 1);
	INSERT INTO `zone` VALUES (1705, 108, 'Ajlun', 'AJ', 1);
	INSERT INTO `zone` VALUES (1706, 108, 'Al \'Aqabah', 'AA', 1);
	INSERT INTO `zone` VALUES (1707, 108, 'Al Balqa\'', 'AB', 1);
	INSERT INTO `zone` VALUES (1708, 108, 'Al Karak', 'AK', 1);
	INSERT INTO `zone` VALUES (1709, 108, 'Al Mafraq', 'AL', 1);
	INSERT INTO `zone` VALUES (1710, 108, 'At Tafilah', 'AT', 1);
	INSERT INTO `zone` VALUES (1711, 108, 'Az Zarqa\'', 'AZ', 1);
	INSERT INTO `zone` VALUES (1712, 108, 'Irbid', 'IR', 1);
	INSERT INTO `zone` VALUES (1713, 108, 'Jarash', 'JA', 1);
	INSERT INTO `zone` VALUES (1714, 108, 'Ma\'an', 'MA', 1);
	INSERT INTO `zone` VALUES (1715, 108, 'Madaba', 'MD', 1);
	INSERT INTO `zone` VALUES (1716, 109, 'Алматинская область', 'AL', 1);
	INSERT INTO `zone` VALUES (1717, 109, 'Алматы - город республ-го значения', 'AC', 1);
	INSERT INTO `zone` VALUES (1718, 109, 'Акмолинская область', 'AM', 1);
	INSERT INTO `zone` VALUES (1719, 109, 'Актюбинская область', 'AQ', 1);
	INSERT INTO `zone` VALUES (1720, 109, 'Астана - город республ-го значения', 'AS', 1);
	INSERT INTO `zone` VALUES (1721, 109, 'Атырауская область', 'AT', 1);
	INSERT INTO `zone` VALUES (1722, 109, 'Западно-Казахстанская область', 'BA', 1);
	INSERT INTO `zone` VALUES (1723, 109, 'Байконур - город республ-го значения', 'BY', 1);
	INSERT INTO `zone` VALUES (1724, 109, 'Мангистауская область', 'MA', 1);
	INSERT INTO `zone` VALUES (1725, 109, 'Южно-Казахстанская область', 'ON', 1);
	INSERT INTO `zone` VALUES (1726, 109, 'Павлодарская область', 'PA', 1);
	INSERT INTO `zone` VALUES (1727, 109, 'Карагандинская область', 'QA', 1);
	INSERT INTO `zone` VALUES (1728, 109, 'Костанайская область', 'QO', 1);
	INSERT INTO `zone` VALUES (1729, 109, 'Кызылординская область', 'QY', 1);
	INSERT INTO `zone` VALUES (1730, 109, 'Восточно-Казахстанская область', 'SH', 1);
	INSERT INTO `zone` VALUES (1731, 109, 'Северо-Казахстанская область', 'SO', 1);
	INSERT INTO `zone` VALUES (1732, 109, 'Жамбылская область', 'ZH', 1);
	INSERT INTO `zone` VALUES (1733, 110, 'Central', 'CE', 1);
	INSERT INTO `zone` VALUES (1734, 110, 'Coast', 'CO', 1);
	INSERT INTO `zone` VALUES (1735, 110, 'Eastern', 'EA', 1);
	INSERT INTO `zone` VALUES (1736, 110, 'Nairobi Area', 'NA', 1);
	INSERT INTO `zone` VALUES (1737, 110, 'North Eastern', 'NE', 1);
	INSERT INTO `zone` VALUES (1738, 110, 'Nyanza', 'NY', 1);
	INSERT INTO `zone` VALUES (1739, 110, 'Rift Valley', 'RV', 1);
	INSERT INTO `zone` VALUES (1740, 110, 'Western', 'WE', 1);
	INSERT INTO `zone` VALUES (1741, 111, 'Abaiang', 'AG', 1);
	INSERT INTO `zone` VALUES (1742, 111, 'Abemama', 'AM', 1);
	INSERT INTO `zone` VALUES (1743, 111, 'Aranuka', 'AK', 1);
	INSERT INTO `zone` VALUES (1744, 111, 'Arorae', 'AO', 1);
	INSERT INTO `zone` VALUES (1745, 111, 'Banaba', 'BA', 1);
	INSERT INTO `zone` VALUES (1746, 111, 'Beru', 'BE', 1);
	INSERT INTO `zone` VALUES (1747, 111, 'Butaritari', 'bT', 1);
	INSERT INTO `zone` VALUES (1748, 111, 'Kanton', 'KA', 1);
	INSERT INTO `zone` VALUES (1749, 111, 'Kiritimati', 'KR', 1);
	INSERT INTO `zone` VALUES (1750, 111, 'Kuria', 'KU', 1);
	INSERT INTO `zone` VALUES (1751, 111, 'Maiana', 'MI', 1);
	INSERT INTO `zone` VALUES (1752, 111, 'Makin', 'MN', 1);
	INSERT INTO `zone` VALUES (1753, 111, 'Marakei', 'ME', 1);
	INSERT INTO `zone` VALUES (1754, 111, 'Nikunau', 'NI', 1);
	INSERT INTO `zone` VALUES (1755, 111, 'Nonouti', 'NO', 1);
	INSERT INTO `zone` VALUES (1756, 111, 'Onotoa', 'ON', 1);
	INSERT INTO `zone` VALUES (1757, 111, 'Tabiteuea', 'TT', 1);
	INSERT INTO `zone` VALUES (1758, 111, 'Tabuaeran', 'TR', 1);
	INSERT INTO `zone` VALUES (1759, 111, 'Tamana', 'TM', 1);
	INSERT INTO `zone` VALUES (1760, 111, 'Tarawa', 'TW', 1);
	INSERT INTO `zone` VALUES (1761, 111, 'Teraina', 'TE', 1);
	INSERT INTO `zone` VALUES (1762, 112, 'Chagang-do', 'CHA', 1);
	INSERT INTO `zone` VALUES (1763, 112, 'Hamgyong-bukto', 'HAB', 1);
	INSERT INTO `zone` VALUES (1764, 112, 'Hamgyong-namdo', 'HAN', 1);
	INSERT INTO `zone` VALUES (1765, 112, 'Hwanghae-bukto', 'HWB', 1);
	INSERT INTO `zone` VALUES (1766, 112, 'Hwanghae-namdo', 'HWN', 1);
	INSERT INTO `zone` VALUES (1767, 112, 'Kangwon-do', 'KAN', 1);
	INSERT INTO `zone` VALUES (1768, 112, 'P\'yongan-bukto', 'PYB', 1);
	INSERT INTO `zone` VALUES (1769, 112, 'P\'yongan-namdo', 'PYN', 1);
	INSERT INTO `zone` VALUES (1770, 112, 'Ryanggang-do (Yanggang-do)', 'YAN', 1);
	INSERT INTO `zone` VALUES (1771, 112, 'Rason Directly Governed City', 'NAJ', 1);
	INSERT INTO `zone` VALUES (1772, 112, 'P\'yongyang Special City', 'PYO', 1);
	INSERT INTO `zone` VALUES (1773, 113, 'Ch\'ungch\'ong-bukto', 'CO', 1);
	INSERT INTO `zone` VALUES (1774, 113, 'Ch\'ungch\'ong-namdo', 'CH', 1);
	INSERT INTO `zone` VALUES (1775, 113, 'Cheju-do', 'CD', 1);
	INSERT INTO `zone` VALUES (1776, 113, 'Cholla-bukto', 'CB', 1);
	INSERT INTO `zone` VALUES (1777, 113, 'Cholla-namdo', 'CN', 1);
	INSERT INTO `zone` VALUES (1778, 113, 'Inch\'on-gwangyoksi', 'IG', 1);
	INSERT INTO `zone` VALUES (1779, 113, 'Kangwon-do', 'KA', 1);
	INSERT INTO `zone` VALUES (1780, 113, 'Kwangju-gwangyoksi', 'KG', 1);
	INSERT INTO `zone` VALUES (1781, 113, 'Kyonggi-do', 'KD', 1);
	INSERT INTO `zone` VALUES (1782, 113, 'Kyongsang-bukto', 'KB', 1);
	INSERT INTO `zone` VALUES (1783, 113, 'Kyongsang-namdo', 'KN', 1);
	INSERT INTO `zone` VALUES (1784, 113, 'Pusan-gwangyoksi', 'PG', 1);
	INSERT INTO `zone` VALUES (1785, 113, 'Soul-t\'ukpyolsi', 'SO', 1);
	INSERT INTO `zone` VALUES (1786, 113, 'Taegu-gwangyoksi', 'TA', 1);
	INSERT INTO `zone` VALUES (1787, 113, 'Taejon-gwangyoksi', 'TG', 1);
	INSERT INTO `zone` VALUES (1788, 114, 'Al \'Asimah', 'AL', 1);
	INSERT INTO `zone` VALUES (1789, 114, 'Al Ahmadi', 'AA', 1);
	INSERT INTO `zone` VALUES (1790, 114, 'Al Farwaniyah', 'AF', 1);
	INSERT INTO `zone` VALUES (1791, 114, 'Al Jahra\'', 'AJ', 1);
	INSERT INTO `zone` VALUES (1792, 114, 'Hawalli', 'HA', 1);
	INSERT INTO `zone` VALUES (1793, 115, 'Bishkek', 'GB', 1);
	INSERT INTO `zone` VALUES (1794, 115, 'Batken', 'B', 1);
	INSERT INTO `zone` VALUES (1795, 115, 'Chu', 'C', 1);
	INSERT INTO `zone` VALUES (1796, 115, 'Jalal-Abad', 'J', 1);
	INSERT INTO `zone` VALUES (1797, 115, 'Naryn', 'N', 1);
	INSERT INTO `zone` VALUES (1798, 115, 'Osh', 'O', 1);
	INSERT INTO `zone` VALUES (1799, 115, 'Talas', 'T', 1);
	INSERT INTO `zone` VALUES (1800, 115, 'Ysyk-Kol', 'Y', 1);
	INSERT INTO `zone` VALUES (1801, 116, 'Vientiane', 'VT', 1);
	INSERT INTO `zone` VALUES (1802, 116, 'Attapu', 'AT', 1);
	INSERT INTO `zone` VALUES (1803, 116, 'Bokeo', 'BK', 1);
	INSERT INTO `zone` VALUES (1804, 116, 'Bolikhamxai', 'BL', 1);
	INSERT INTO `zone` VALUES (1805, 116, 'Champasak', 'CH', 1);
	INSERT INTO `zone` VALUES (1806, 116, 'Houaphan', 'HO', 1);
	INSERT INTO `zone` VALUES (1807, 116, 'Khammouan', 'KH', 1);
	INSERT INTO `zone` VALUES (1808, 116, 'Louang Namtha', 'LM', 1);
	INSERT INTO `zone` VALUES (1809, 116, 'Louangphabang', 'LP', 1);
	INSERT INTO `zone` VALUES (1810, 116, 'Oudomxai', 'OU', 1);
	INSERT INTO `zone` VALUES (1811, 116, 'Phongsali', 'PH', 1);
	INSERT INTO `zone` VALUES (1812, 116, 'Salavan', 'SL', 1);
	INSERT INTO `zone` VALUES (1813, 116, 'Savannakhet', 'SV', 1);
	INSERT INTO `zone` VALUES (1814, 116, 'Vientiane', 'VI', 1);
	INSERT INTO `zone` VALUES (1815, 116, 'Xaignabouli', 'XA', 1);
	INSERT INTO `zone` VALUES (1816, 116, 'Xekong', 'XE', 1);
	INSERT INTO `zone` VALUES (1817, 116, 'Xiangkhoang', 'XI', 1);
	INSERT INTO `zone` VALUES (1818, 116, 'Xaisomboun', 'XN', 1);
	INSERT INTO `zone` VALUES (1852, 119, 'Berea', 'BE', 1);
	INSERT INTO `zone` VALUES (1853, 119, 'Butha-Buthe', 'BB', 1);
	INSERT INTO `zone` VALUES (1854, 119, 'Leribe', 'LE', 1);
	INSERT INTO `zone` VALUES (1855, 119, 'Mafeteng', 'MF', 1);
	INSERT INTO `zone` VALUES (1856, 119, 'Maseru', 'MS', 1);
	INSERT INTO `zone` VALUES (1857, 119, 'Mohale\'s Hoek', 'MH', 1);
	INSERT INTO `zone` VALUES (1858, 119, 'Mokhotlong', 'MK', 1);
	INSERT INTO `zone` VALUES (1859, 119, 'Qacha\'s Nek', 'QN', 1);
	INSERT INTO `zone` VALUES (1860, 119, 'Quthing', 'QT', 1);
	INSERT INTO `zone` VALUES (1861, 119, 'Thaba-Tseka', 'TT', 1);
	INSERT INTO `zone` VALUES (1862, 120, 'Bomi', 'BI', 1);
	INSERT INTO `zone` VALUES (1863, 120, 'Bong', 'BG', 1);
	INSERT INTO `zone` VALUES (1864, 120, 'Grand Bassa', 'GB', 1);
	INSERT INTO `zone` VALUES (1865, 120, 'Grand Cape Mount', 'CM', 1);
	INSERT INTO `zone` VALUES (1866, 120, 'Grand Gedeh', 'GG', 1);
	INSERT INTO `zone` VALUES (1867, 120, 'Grand Kru', 'GK', 1);
	INSERT INTO `zone` VALUES (1868, 120, 'Lofa', 'LO', 1);
	INSERT INTO `zone` VALUES (1869, 120, 'Margibi', 'MG', 1);
	INSERT INTO `zone` VALUES (1870, 120, 'Maryland', 'ML', 1);
	INSERT INTO `zone` VALUES (1871, 120, 'Montserrado', 'MS', 1);
	INSERT INTO `zone` VALUES (1872, 120, 'Nimba', 'NB', 1);
	INSERT INTO `zone` VALUES (1873, 120, 'River Cess', 'RC', 1);
	INSERT INTO `zone` VALUES (1874, 120, 'Sinoe', 'SN', 1);
	INSERT INTO `zone` VALUES (1875, 121, 'Ajdabiya', 'AJ', 1);
	INSERT INTO `zone` VALUES (1876, 121, 'Al \'Aziziyah', 'AZ', 1);
	INSERT INTO `zone` VALUES (1877, 121, 'Al Fatih', 'FA', 1);
	INSERT INTO `zone` VALUES (1878, 121, 'Al Jabal al Akhdar', 'JA', 1);
	INSERT INTO `zone` VALUES (1879, 121, 'Al Jufrah', 'JU', 1);
	INSERT INTO `zone` VALUES (1880, 121, 'Al Khums', 'KH', 1);
	INSERT INTO `zone` VALUES (1881, 121, 'Al Kufrah', 'KU', 1);
	INSERT INTO `zone` VALUES (1882, 121, 'An Nuqat al Khams', 'NK', 1);
	INSERT INTO `zone` VALUES (1883, 121, 'Ash Shati\'', 'AS', 1);
	INSERT INTO `zone` VALUES (1884, 121, 'Awbari', 'AW', 1);
	INSERT INTO `zone` VALUES (1885, 121, 'Az Zawiyah', 'ZA', 1);
	INSERT INTO `zone` VALUES (1886, 121, 'Banghazi', 'BA', 1);
	INSERT INTO `zone` VALUES (1887, 121, 'Darnah', 'DA', 1);
	INSERT INTO `zone` VALUES (1888, 121, 'Ghadamis', 'GD', 1);
	INSERT INTO `zone` VALUES (1889, 121, 'Gharyan', 'GY', 1);
	INSERT INTO `zone` VALUES (1890, 121, 'Misratah', 'MI', 1);
	INSERT INTO `zone` VALUES (1891, 121, 'Murzuq', 'MZ', 1);
	INSERT INTO `zone` VALUES (1892, 121, 'Sabha', 'SB', 1);
	INSERT INTO `zone` VALUES (1893, 121, 'Sawfajjin', 'SW', 1);
	INSERT INTO `zone` VALUES (1894, 121, 'Surt', 'SU', 1);
	INSERT INTO `zone` VALUES (1895, 121, 'Tarabulus (Tripoli)', 'TL', 1);
	INSERT INTO `zone` VALUES (1896, 121, 'Tarhunah', 'TH', 1);
	INSERT INTO `zone` VALUES (1897, 121, 'Tubruq', 'TU', 1);
	INSERT INTO `zone` VALUES (1898, 121, 'Yafran', 'YA', 1);
	INSERT INTO `zone` VALUES (1899, 121, 'Zlitan', 'ZL', 1);
	INSERT INTO `zone` VALUES (1900, 122, 'Vaduz', 'V', 1);
	INSERT INTO `zone` VALUES (1901, 122, 'Schaan', 'A', 1);
	INSERT INTO `zone` VALUES (1902, 122, 'Balzers', 'B', 1);
	INSERT INTO `zone` VALUES (1903, 122, 'Triesen', 'N', 1);
	INSERT INTO `zone` VALUES (1904, 122, 'Eschen', 'E', 1);
	INSERT INTO `zone` VALUES (1905, 122, 'Mauren', 'M', 1);
	INSERT INTO `zone` VALUES (1906, 122, 'Triesenberg', 'T', 1);
	INSERT INTO `zone` VALUES (1907, 122, 'Ruggell', 'R', 1);
	INSERT INTO `zone` VALUES (1908, 122, 'Gamprin', 'G', 1);
	INSERT INTO `zone` VALUES (1909, 122, 'Schellenberg', 'L', 1);
	INSERT INTO `zone` VALUES (1910, 122, 'Planken', 'P', 1);
	INSERT INTO `zone` VALUES (1911, 123, 'Alytus', 'AL', 1);
	INSERT INTO `zone` VALUES (1912, 123, 'Kaunas', 'KA', 1);
	INSERT INTO `zone` VALUES (1913, 123, 'Klaipeda', 'KL', 1);
	INSERT INTO `zone` VALUES (1914, 123, 'Marijampole', 'MA', 1);
	INSERT INTO `zone` VALUES (1915, 123, 'Panevezys', 'PA', 1);
	INSERT INTO `zone` VALUES (1916, 123, 'Siauliai', 'SI', 1);
	INSERT INTO `zone` VALUES (1917, 123, 'Taurage', 'TA', 1);
	INSERT INTO `zone` VALUES (1918, 123, 'Telsiai', 'TE', 1);
	INSERT INTO `zone` VALUES (1919, 123, 'Utena', 'UT', 1);
	INSERT INTO `zone` VALUES (1920, 123, 'Vilnius', 'VI', 1);
	INSERT INTO `zone` VALUES (1921, 124, 'Diekirch', 'DD', 1);
	INSERT INTO `zone` VALUES (1922, 124, 'Clervaux', 'DC', 1);
	INSERT INTO `zone` VALUES (1923, 124, 'Redange', 'DR', 1);
	INSERT INTO `zone` VALUES (1924, 124, 'Vianden', 'DV', 1);
	INSERT INTO `zone` VALUES (1925, 124, 'Wiltz', 'DW', 1);
	INSERT INTO `zone` VALUES (1926, 124, 'Grevenmacher', 'GG', 1);
	INSERT INTO `zone` VALUES (1927, 124, 'Echternach', 'GE', 1);
	INSERT INTO `zone` VALUES (1928, 124, 'Remich', 'GR', 1);
	INSERT INTO `zone` VALUES (1929, 124, 'Luxembourg', 'LL', 1);
	INSERT INTO `zone` VALUES (1930, 124, 'Capellen', 'LC', 1);
	INSERT INTO `zone` VALUES (1931, 124, 'Esch-sur-Alzette', 'LE', 1);
	INSERT INTO `zone` VALUES (1932, 124, 'Mersch', 'LM', 1);
	INSERT INTO `zone` VALUES (1933, 125, 'Our Lady Fatima Parish', 'OLF', 1);
	INSERT INTO `zone` VALUES (1934, 125, 'St. Anthony Parish', 'ANT', 1);
	INSERT INTO `zone` VALUES (1935, 125, 'St. Lazarus Parish', 'LAZ', 1);
	INSERT INTO `zone` VALUES (1936, 125, 'Cathedral Parish', 'CAT', 1);
	INSERT INTO `zone` VALUES (1937, 125, 'St. Lawrence Parish', 'LAW', 1);
	INSERT INTO `zone` VALUES (1938, 127, 'Antananarivo', 'AN', 1);
	INSERT INTO `zone` VALUES (1939, 127, 'Antsiranana', 'AS', 1);
	INSERT INTO `zone` VALUES (1940, 127, 'Fianarantsoa', 'FN', 1);
	INSERT INTO `zone` VALUES (1941, 127, 'Mahajanga', 'MJ', 1);
	INSERT INTO `zone` VALUES (1942, 127, 'Toamasina', 'TM', 1);
	INSERT INTO `zone` VALUES (1943, 127, 'Toliara', 'TL', 1);
	INSERT INTO `zone` VALUES (1944, 128, 'Balaka', 'BLK', 1);
	INSERT INTO `zone` VALUES (1945, 128, 'Blantyre', 'BLT', 1);
	INSERT INTO `zone` VALUES (1946, 128, 'Chikwawa', 'CKW', 1);
	INSERT INTO `zone` VALUES (1947, 128, 'Chiradzulu', 'CRD', 1);
	INSERT INTO `zone` VALUES (1948, 128, 'Chitipa', 'CTP', 1);
	INSERT INTO `zone` VALUES (1949, 128, 'Dedza', 'DDZ', 1);
	INSERT INTO `zone` VALUES (1950, 128, 'Dowa', 'DWA', 1);
	INSERT INTO `zone` VALUES (1951, 128, 'Karonga', 'KRG', 1);
	INSERT INTO `zone` VALUES (1952, 128, 'Kasungu', 'KSG', 1);
	INSERT INTO `zone` VALUES (1953, 128, 'Likoma', 'LKM', 1);
	INSERT INTO `zone` VALUES (1954, 128, 'Lilongwe', 'LLG', 1);
	INSERT INTO `zone` VALUES (1955, 128, 'Machinga', 'MCG', 1);
	INSERT INTO `zone` VALUES (1956, 128, 'Mangochi', 'MGC', 1);
	INSERT INTO `zone` VALUES (1957, 128, 'Mchinji', 'MCH', 1);
	INSERT INTO `zone` VALUES (1958, 128, 'Mulanje', 'MLJ', 1);
	INSERT INTO `zone` VALUES (1959, 128, 'Mwanza', 'MWZ', 1);
	INSERT INTO `zone` VALUES (1960, 128, 'Mzimba', 'MZM', 1);
	INSERT INTO `zone` VALUES (1961, 128, 'Ntcheu', 'NTU', 1);
	INSERT INTO `zone` VALUES (1962, 128, 'Nkhata Bay', 'NKB', 1);
	INSERT INTO `zone` VALUES (1963, 128, 'Nkhotakota', 'NKH', 1);
	INSERT INTO `zone` VALUES (1964, 128, 'Nsanje', 'NSJ', 1);
	INSERT INTO `zone` VALUES (1965, 128, 'Ntchisi', 'NTI', 1);
	INSERT INTO `zone` VALUES (1966, 128, 'Phalombe', 'PHL', 1);
	INSERT INTO `zone` VALUES (1967, 128, 'Rumphi', 'RMP', 1);
	INSERT INTO `zone` VALUES (1968, 128, 'Salima', 'SLM', 1);
	INSERT INTO `zone` VALUES (1969, 128, 'Thyolo', 'THY', 1);
	INSERT INTO `zone` VALUES (1970, 128, 'Zomba', 'ZBA', 1);
	INSERT INTO `zone` VALUES (1971, 129, 'Johor', 'MY-01', 1);
	INSERT INTO `zone` VALUES (1972, 129, 'Kedah', 'MY-02', 1);
	INSERT INTO `zone` VALUES (1973, 129, 'Kelantan', 'MY-03', 1);
	INSERT INTO `zone` VALUES (1974, 129, 'Labuan', 'MY-15', 1);
	INSERT INTO `zone` VALUES (1975, 129, 'Melaka', 'MY-04', 1);
	INSERT INTO `zone` VALUES (1976, 129, 'Negeri Sembilan', 'MY-05', 1);
	INSERT INTO `zone` VALUES (1977, 129, 'Pahang', 'MY-06', 1);
	INSERT INTO `zone` VALUES (1978, 129, 'Perak', 'MY-08', 1);
	INSERT INTO `zone` VALUES (1979, 129, 'Perlis', 'MY-09', 1);
	INSERT INTO `zone` VALUES (1980, 129, 'Pulau Pinang', 'MY-07', 1);
	INSERT INTO `zone` VALUES (1981, 129, 'Sabah', 'MY-12', 1);
	INSERT INTO `zone` VALUES (1982, 129, 'Sarawak', 'MY-13', 1);
	INSERT INTO `zone` VALUES (1983, 129, 'Selangor', 'MY-10', 1);
	INSERT INTO `zone` VALUES (1984, 129, 'Terengganu', 'MY-11', 1);
	INSERT INTO `zone` VALUES (1985, 129, 'Kuala Lumpur', 'MY-14', 1);
	INSERT INTO `zone` VALUES (4035, 129, 'Putrajaya', 'MY-16', 1);
	INSERT INTO `zone` VALUES (1986, 130, 'Thiladhunmathi Uthuru', 'THU', 1);
	INSERT INTO `zone` VALUES (1987, 130, 'Thiladhunmathi Dhekunu', 'THD', 1);
	INSERT INTO `zone` VALUES (1988, 130, 'Miladhunmadulu Uthuru', 'MLU', 1);
	INSERT INTO `zone` VALUES (1989, 130, 'Miladhunmadulu Dhekunu', 'MLD', 1);
	INSERT INTO `zone` VALUES (1990, 130, 'Maalhosmadulu Uthuru', 'MAU', 1);
	INSERT INTO `zone` VALUES (1991, 130, 'Maalhosmadulu Dhekunu', 'MAD', 1);
	INSERT INTO `zone` VALUES (1992, 130, 'Faadhippolhu', 'FAA', 1);
	INSERT INTO `zone` VALUES (1993, 130, 'Male Atoll', 'MAA', 1);
	INSERT INTO `zone` VALUES (1994, 130, 'Ari Atoll Uthuru', 'AAU', 1);
	INSERT INTO `zone` VALUES (1995, 130, 'Ari Atoll Dheknu', 'AAD', 1);
	INSERT INTO `zone` VALUES (1996, 130, 'Felidhe Atoll', 'FEA', 1);
	INSERT INTO `zone` VALUES (1997, 130, 'Mulaku Atoll', 'MUA', 1);
	INSERT INTO `zone` VALUES (1998, 130, 'Nilandhe Atoll Uthuru', 'NAU', 1);
	INSERT INTO `zone` VALUES (1999, 130, 'Nilandhe Atoll Dhekunu', 'NAD', 1);
	INSERT INTO `zone` VALUES (2000, 130, 'Kolhumadulu', 'KLH', 1);
	INSERT INTO `zone` VALUES (2001, 130, 'Hadhdhunmathi', 'HDH', 1);
	INSERT INTO `zone` VALUES (2002, 130, 'Huvadhu Atoll Uthuru', 'HAU', 1);
	INSERT INTO `zone` VALUES (2003, 130, 'Huvadhu Atoll Dhekunu', 'HAD', 1);
	INSERT INTO `zone` VALUES (2004, 130, 'Fua Mulaku', 'FMU', 1);
	INSERT INTO `zone` VALUES (2005, 130, 'Addu', 'ADD', 1);
	INSERT INTO `zone` VALUES (2006, 131, 'Gao', 'GA', 1);
	INSERT INTO `zone` VALUES (2007, 131, 'Kayes', 'KY', 1);
	INSERT INTO `zone` VALUES (2008, 131, 'Kidal', 'KD', 1);
	INSERT INTO `zone` VALUES (2009, 131, 'Koulikoro', 'KL', 1);
	INSERT INTO `zone` VALUES (2010, 131, 'Mopti', 'MP', 1);
	INSERT INTO `zone` VALUES (2011, 131, 'Segou', 'SG', 1);
	INSERT INTO `zone` VALUES (2012, 131, 'Sikasso', 'SK', 1);
	INSERT INTO `zone` VALUES (2013, 131, 'Tombouctou', 'TB', 1);
	INSERT INTO `zone` VALUES (2014, 131, 'Bamako Capital District', 'CD', 1);
	INSERT INTO `zone` VALUES (2015, 132, 'Attard', 'ATT', 1);
	INSERT INTO `zone` VALUES (2016, 132, 'Balzan', 'BAL', 1);
	INSERT INTO `zone` VALUES (2017, 132, 'Birgu', 'BGU', 1);
	INSERT INTO `zone` VALUES (2018, 132, 'Birkirkara', 'BKK', 1);
	INSERT INTO `zone` VALUES (2019, 132, 'Birzebbuga', 'BRZ', 1);
	INSERT INTO `zone` VALUES (2020, 132, 'Bormla', 'BOR', 1);
	INSERT INTO `zone` VALUES (2021, 132, 'Dingli', 'DIN', 1);
	INSERT INTO `zone` VALUES (2022, 132, 'Fgura', 'FGU', 1);
	INSERT INTO `zone` VALUES (2023, 132, 'Floriana', 'FLO', 1);
	INSERT INTO `zone` VALUES (2024, 132, 'Gudja', 'GDJ', 1);
	INSERT INTO `zone` VALUES (2025, 132, 'Gzira', 'GZR', 1);
	INSERT INTO `zone` VALUES (2026, 132, 'Gargur', 'GRG', 1);
	INSERT INTO `zone` VALUES (2027, 132, 'Gaxaq', 'GXQ', 1);
	INSERT INTO `zone` VALUES (2028, 132, 'Hamrun', 'HMR', 1);
	INSERT INTO `zone` VALUES (2029, 132, 'Iklin', 'IKL', 1);
	INSERT INTO `zone` VALUES (2030, 132, 'Isla', 'ISL', 1);
	INSERT INTO `zone` VALUES (2031, 132, 'Kalkara', 'KLK', 1);
	INSERT INTO `zone` VALUES (2032, 132, 'Kirkop', 'KRK', 1);
	INSERT INTO `zone` VALUES (2033, 132, 'Lija', 'LIJ', 1);
	INSERT INTO `zone` VALUES (2034, 132, 'Luqa', 'LUQ', 1);
	INSERT INTO `zone` VALUES (2035, 132, 'Marsa', 'MRS', 1);
	INSERT INTO `zone` VALUES (2036, 132, 'Marsaskala', 'MKL', 1);
	INSERT INTO `zone` VALUES (2037, 132, 'Marsaxlokk', 'MXL', 1);
	INSERT INTO `zone` VALUES (2038, 132, 'Mdina', 'MDN', 1);
	INSERT INTO `zone` VALUES (2039, 132, 'Melliea', 'MEL', 1);
	INSERT INTO `zone` VALUES (2040, 132, 'Mgarr', 'MGR', 1);
	INSERT INTO `zone` VALUES (2041, 132, 'Mosta', 'MST', 1);
	INSERT INTO `zone` VALUES (2042, 132, 'Mqabba', 'MQA', 1);
	INSERT INTO `zone` VALUES (2043, 132, 'Msida', 'MSI', 1);
	INSERT INTO `zone` VALUES (2044, 132, 'Mtarfa', 'MTF', 1);
	INSERT INTO `zone` VALUES (2045, 132, 'Naxxar', 'NAX', 1);
	INSERT INTO `zone` VALUES (2046, 132, 'Paola', 'PAO', 1);
	INSERT INTO `zone` VALUES (2047, 132, 'Pembroke', 'PEM', 1);
	INSERT INTO `zone` VALUES (2048, 132, 'Pieta', 'PIE', 1);
	INSERT INTO `zone` VALUES (2049, 132, 'Qormi', 'QOR', 1);
	INSERT INTO `zone` VALUES (2050, 132, 'Qrendi', 'QRE', 1);
	INSERT INTO `zone` VALUES (2051, 132, 'Rabat', 'RAB', 1);
	INSERT INTO `zone` VALUES (2052, 132, 'Safi', 'SAF', 1);
	INSERT INTO `zone` VALUES (2053, 132, 'San Giljan', 'SGI', 1);
	INSERT INTO `zone` VALUES (2054, 132, 'Santa Lucija', 'SLU', 1);
	INSERT INTO `zone` VALUES (2055, 132, 'San Pawl il-Bahar', 'SPB', 1);
	INSERT INTO `zone` VALUES (2056, 132, 'San Gwann', 'SGW', 1);
	INSERT INTO `zone` VALUES (2057, 132, 'Santa Venera', 'SVE', 1);
	INSERT INTO `zone` VALUES (2058, 132, 'Siggiewi', 'SIG', 1);
	INSERT INTO `zone` VALUES (2059, 132, 'Sliema', 'SLM', 1);
	INSERT INTO `zone` VALUES (2060, 132, 'Swieqi', 'SWQ', 1);
	INSERT INTO `zone` VALUES (2061, 132, 'Ta Xbiex', 'TXB', 1);
	INSERT INTO `zone` VALUES (2062, 132, 'Tarxien', 'TRX', 1);
	INSERT INTO `zone` VALUES (2063, 132, 'Valletta', 'VLT', 1);
	INSERT INTO `zone` VALUES (2064, 132, 'Xgajra', 'XGJ', 1);
	INSERT INTO `zone` VALUES (2065, 132, 'Zabbar', 'ZBR', 1);
	INSERT INTO `zone` VALUES (2066, 132, 'Zebbug', 'ZBG', 1);
	INSERT INTO `zone` VALUES (2067, 132, 'Zejtun', 'ZJT', 1);
	INSERT INTO `zone` VALUES (2068, 132, 'Zurrieq', 'ZRQ', 1);
	INSERT INTO `zone` VALUES (2069, 132, 'Fontana', 'FNT', 1);
	INSERT INTO `zone` VALUES (2070, 132, 'Ghajnsielem', 'GHJ', 1);
	INSERT INTO `zone` VALUES (2071, 132, 'Gharb', 'GHR', 1);
	INSERT INTO `zone` VALUES (2072, 132, 'Ghasri', 'GHS', 1);
	INSERT INTO `zone` VALUES (2073, 132, 'Kercem', 'KRC', 1);
	INSERT INTO `zone` VALUES (2074, 132, 'Munxar', 'MUN', 1);
	INSERT INTO `zone` VALUES (2075, 132, 'Nadur', 'NAD', 1);
	INSERT INTO `zone` VALUES (2076, 132, 'Qala', 'QAL', 1);
	INSERT INTO `zone` VALUES (2077, 132, 'Victoria', 'VIC', 1);
	INSERT INTO `zone` VALUES (2078, 132, 'San Lawrenz', 'SLA', 1);
	INSERT INTO `zone` VALUES (2079, 132, 'Sannat', 'SNT', 1);
	INSERT INTO `zone` VALUES (2080, 132, 'Xagra', 'ZAG', 1);
	INSERT INTO `zone` VALUES (2081, 132, 'Xewkija', 'XEW', 1);
	INSERT INTO `zone` VALUES (2082, 132, 'Zebbug', 'ZEB', 1);
	INSERT INTO `zone` VALUES (2083, 133, 'Ailinginae', 'ALG', 1);
	INSERT INTO `zone` VALUES (2084, 133, 'Ailinglaplap', 'ALL', 1);
	INSERT INTO `zone` VALUES (2085, 133, 'Ailuk', 'ALK', 1);
	INSERT INTO `zone` VALUES (2086, 133, 'Arno', 'ARN', 1);
	INSERT INTO `zone` VALUES (2087, 133, 'Aur', 'AUR', 1);
	INSERT INTO `zone` VALUES (2088, 133, 'Bikar', 'BKR', 1);
	INSERT INTO `zone` VALUES (2089, 133, 'Bikini', 'BKN', 1);
	INSERT INTO `zone` VALUES (2090, 133, 'Bokak', 'BKK', 1);
	INSERT INTO `zone` VALUES (2091, 133, 'Ebon', 'EBN', 1);
	INSERT INTO `zone` VALUES (2092, 133, 'Enewetak', 'ENT', 1);
	INSERT INTO `zone` VALUES (2093, 133, 'Erikub', 'EKB', 1);
	INSERT INTO `zone` VALUES (2094, 133, 'Jabat', 'JBT', 1);
	INSERT INTO `zone` VALUES (2095, 133, 'Jaluit', 'JLT', 1);
	INSERT INTO `zone` VALUES (2096, 133, 'Jemo', 'JEM', 1);
	INSERT INTO `zone` VALUES (2097, 133, 'Kili', 'KIL', 1);
	INSERT INTO `zone` VALUES (2098, 133, 'Kwajalein', 'KWJ', 1);
	INSERT INTO `zone` VALUES (2099, 133, 'Lae', 'LAE', 1);
	INSERT INTO `zone` VALUES (2100, 133, 'Lib', 'LIB', 1);
	INSERT INTO `zone` VALUES (2101, 133, 'Likiep', 'LKP', 1);
	INSERT INTO `zone` VALUES (2102, 133, 'Majuro', 'MJR', 1);
	INSERT INTO `zone` VALUES (2103, 133, 'Maloelap', 'MLP', 1);
	INSERT INTO `zone` VALUES (2104, 133, 'Mejit', 'MJT', 1);
	INSERT INTO `zone` VALUES (2105, 133, 'Mili', 'MIL', 1);
	INSERT INTO `zone` VALUES (2106, 133, 'Namorik', 'NMK', 1);
	INSERT INTO `zone` VALUES (2107, 133, 'Namu', 'NAM', 1);
	INSERT INTO `zone` VALUES (2108, 133, 'Rongelap', 'RGL', 1);
	INSERT INTO `zone` VALUES (2109, 133, 'Rongrik', 'RGK', 1);
	INSERT INTO `zone` VALUES (2110, 133, 'Toke', 'TOK', 1);
	INSERT INTO `zone` VALUES (2111, 133, 'Ujae', 'UJA', 1);
	INSERT INTO `zone` VALUES (2112, 133, 'Ujelang', 'UJL', 1);
	INSERT INTO `zone` VALUES (2113, 133, 'Utirik', 'UTK', 1);
	INSERT INTO `zone` VALUES (2114, 133, 'Wotho', 'WTH', 1);
	INSERT INTO `zone` VALUES (2115, 133, 'Wotje', 'WTJ', 1);
	INSERT INTO `zone` VALUES (2116, 135, 'Adrar', 'AD', 1);
	INSERT INTO `zone` VALUES (2117, 135, 'Assaba', 'AS', 1);
	INSERT INTO `zone` VALUES (2118, 135, 'Brakna', 'BR', 1);
	INSERT INTO `zone` VALUES (2119, 135, 'Dakhlet Nouadhibou', 'DN', 1);
	INSERT INTO `zone` VALUES (2120, 135, 'Gorgol', 'GO', 1);
	INSERT INTO `zone` VALUES (2121, 135, 'Guidimaka', 'GM', 1);
	INSERT INTO `zone` VALUES (2122, 135, 'Hodh Ech Chargui', 'HC', 1);
	INSERT INTO `zone` VALUES (2123, 135, 'Hodh El Gharbi', 'HG', 1);
	INSERT INTO `zone` VALUES (2124, 135, 'Inchiri', 'IN', 1);
	INSERT INTO `zone` VALUES (2125, 135, 'Tagant', 'TA', 1);
	INSERT INTO `zone` VALUES (2126, 135, 'Tiris Zemmour', 'TZ', 1);
	INSERT INTO `zone` VALUES (2127, 135, 'Trarza', 'TR', 1);
	INSERT INTO `zone` VALUES (2128, 135, 'Nouakchott', 'NO', 1);
	INSERT INTO `zone` VALUES (2129, 136, 'Beau Bassin-Rose Hill', 'BR', 1);
	INSERT INTO `zone` VALUES (2130, 136, 'Curepipe', 'CU', 1);
	INSERT INTO `zone` VALUES (2131, 136, 'Port Louis', 'PU', 1);
	INSERT INTO `zone` VALUES (2132, 136, 'Quatre Bornes', 'QB', 1);
	INSERT INTO `zone` VALUES (2133, 136, 'Vacoas-Phoenix', 'VP', 1);
	INSERT INTO `zone` VALUES (2134, 136, 'Agalega Islands', 'AG', 1);
	INSERT INTO `zone` VALUES (2135, 136, 'Cargados Carajos Shoals (Saint Brandon Islands)', 'CC', 1);
	INSERT INTO `zone` VALUES (2136, 136, 'Rodrigues', 'RO', 1);
	INSERT INTO `zone` VALUES (2137, 136, 'Black River', 'BL', 1);
	INSERT INTO `zone` VALUES (2138, 136, 'Flacq', 'FL', 1);
	INSERT INTO `zone` VALUES (2139, 136, 'Grand Port', 'GP', 1);
	INSERT INTO `zone` VALUES (2140, 136, 'Moka', 'MO', 1);
	INSERT INTO `zone` VALUES (2141, 136, 'Pamplemousses', 'PA', 1);
	INSERT INTO `zone` VALUES (2142, 136, 'Plaines Wilhems', 'PW', 1);
	INSERT INTO `zone` VALUES (2143, 136, 'Port Louis', 'PL', 1);
	INSERT INTO `zone` VALUES (2144, 136, 'Riviere du Rempart', 'RR', 1);
	INSERT INTO `zone` VALUES (2145, 136, 'Savanne', 'SA', 1);
	INSERT INTO `zone` VALUES (2146, 138, 'Baja California Norte', 'BN', 1);
	INSERT INTO `zone` VALUES (2147, 138, 'Baja California Sur', 'BS', 1);
	INSERT INTO `zone` VALUES (2148, 138, 'Campeche', 'CA', 1);
	INSERT INTO `zone` VALUES (2149, 138, 'Chiapas', 'CI', 1);
	INSERT INTO `zone` VALUES (2150, 138, 'Chihuahua', 'CH', 1);
	INSERT INTO `zone` VALUES (2151, 138, 'Coahuila de Zaragoza', 'CZ', 1);
	INSERT INTO `zone` VALUES (2152, 138, 'Colima', 'CL', 1);
	INSERT INTO `zone` VALUES (2153, 138, 'Distrito Federal', 'DF', 1);
	INSERT INTO `zone` VALUES (2154, 138, 'Durango', 'DU', 1);
	INSERT INTO `zone` VALUES (2155, 138, 'Guanajuato', 'GA', 1);
	INSERT INTO `zone` VALUES (2156, 138, 'Guerrero', 'GE', 1);
	INSERT INTO `zone` VALUES (2157, 138, 'Hidalgo', 'HI', 1);
	INSERT INTO `zone` VALUES (2158, 138, 'Jalisco', 'JA', 1);
	INSERT INTO `zone` VALUES (2159, 138, 'Mexico', 'ME', 1);
	INSERT INTO `zone` VALUES (2160, 138, 'Michoacan de Ocampo', 'MI', 1);
	INSERT INTO `zone` VALUES (2161, 138, 'Morelos', 'MO', 1);
	INSERT INTO `zone` VALUES (2162, 138, 'Nayarit', 'NA', 1);
	INSERT INTO `zone` VALUES (2163, 138, 'Nuevo Leon', 'NL', 1);
	INSERT INTO `zone` VALUES (2164, 138, 'Oaxaca', 'OA', 1);
	INSERT INTO `zone` VALUES (2165, 138, 'Puebla', 'PU', 1);
	INSERT INTO `zone` VALUES (2166, 138, 'Queretaro de Arteaga', 'QA', 1);
	INSERT INTO `zone` VALUES (2167, 138, 'Quintana Roo', 'QR', 1);
	INSERT INTO `zone` VALUES (2168, 138, 'San Luis Potosi', 'SA', 1);
	INSERT INTO `zone` VALUES (2169, 138, 'Sinaloa', 'SI', 1);
	INSERT INTO `zone` VALUES (2170, 138, 'Sonora', 'SO', 1);
	INSERT INTO `zone` VALUES (2171, 138, 'Tabasco', 'TB', 1);
	INSERT INTO `zone` VALUES (2172, 138, 'Tamaulipas', 'TM', 1);
	INSERT INTO `zone` VALUES (2173, 138, 'Tlaxcala', 'TL', 1);
	INSERT INTO `zone` VALUES (2174, 138, 'Veracruz-Llave', 'VE', 1);
	INSERT INTO `zone` VALUES (2175, 138, 'Yucatan', 'YU', 1);
	INSERT INTO `zone` VALUES (2176, 138, 'Zacatecas', 'ZA', 1);
	INSERT INTO `zone` VALUES (2177, 139, 'Chuuk', 'C', 1);
	INSERT INTO `zone` VALUES (2178, 139, 'Kosrae', 'K', 1);
	INSERT INTO `zone` VALUES (2179, 139, 'Pohnpei', 'P', 1);
	INSERT INTO `zone` VALUES (2180, 139, 'Yap', 'Y', 1);
	INSERT INTO `zone` VALUES (2181, 140, 'Gagauzia', 'GA', 1);
	INSERT INTO `zone` VALUES (2182, 140, 'Chisinau', 'CU', 1);
	INSERT INTO `zone` VALUES (2183, 140, 'Balti', 'BA', 1);
	INSERT INTO `zone` VALUES (2184, 140, 'Cahul', 'CA', 1);
	INSERT INTO `zone` VALUES (2185, 140, 'Edinet', 'ED', 1);
	INSERT INTO `zone` VALUES (2186, 140, 'Lapusna', 'LA', 1);
	INSERT INTO `zone` VALUES (2187, 140, 'Orhei', 'OR', 1);
	INSERT INTO `zone` VALUES (2188, 140, 'Soroca', 'SO', 1);
	INSERT INTO `zone` VALUES (2189, 140, 'Tighina', 'TI', 1);
	INSERT INTO `zone` VALUES (2190, 140, 'Ungheni', 'UN', 1);
	INSERT INTO `zone` VALUES (2191, 140, 'St‚nga Nistrului', 'SN', 1);
	INSERT INTO `zone` VALUES (2192, 141, 'Fontvieille', 'FV', 1);
	INSERT INTO `zone` VALUES (2193, 141, 'La Condamine', 'LC', 1);
	INSERT INTO `zone` VALUES (2194, 141, 'Monaco-Ville', 'MV', 1);
	INSERT INTO `zone` VALUES (2195, 141, 'Monte-Carlo', 'MC', 1);
	INSERT INTO `zone` VALUES (2196, 142, 'Ulanbaatar', '1', 1);
	INSERT INTO `zone` VALUES (2197, 142, 'Orhon', '035', 1);
	INSERT INTO `zone` VALUES (2198, 142, 'Darhan uul', '037', 1);
	INSERT INTO `zone` VALUES (2199, 142, 'Hentiy', '039', 1);
	INSERT INTO `zone` VALUES (2200, 142, 'Hovsgol', '041', 1);
	INSERT INTO `zone` VALUES (2201, 142, 'Hovd', '043', 1);
	INSERT INTO `zone` VALUES (2202, 142, 'Uvs', '046', 1);
	INSERT INTO `zone` VALUES (2203, 142, 'Tov', '047', 1);
	INSERT INTO `zone` VALUES (2204, 142, 'Selenge', '049', 1);
	INSERT INTO `zone` VALUES (2205, 142, 'Suhbaatar', '051', 1);
	INSERT INTO `zone` VALUES (2206, 142, 'Omnogovi', '053', 1);
	INSERT INTO `zone` VALUES (2207, 142, 'Ovorhangay', '055', 1);
	INSERT INTO `zone` VALUES (2208, 142, 'Dzavhan', '057', 1);
	INSERT INTO `zone` VALUES (2209, 142, 'DundgovL', '059', 1);
	INSERT INTO `zone` VALUES (2210, 142, 'Dornod', '061', 1);
	INSERT INTO `zone` VALUES (2211, 142, 'Dornogov', '063', 1);
	INSERT INTO `zone` VALUES (2212, 142, 'Govi-Sumber', '064', 1);
	INSERT INTO `zone` VALUES (2213, 142, 'Govi-Altay', '065', 1);
	INSERT INTO `zone` VALUES (2214, 142, 'Bulgan', '067', 1);
	INSERT INTO `zone` VALUES (2215, 142, 'Bayanhongor', '069', 1);
	INSERT INTO `zone` VALUES (2216, 142, 'Bayan-Olgiy', '071', 1);
	INSERT INTO `zone` VALUES (2217, 142, 'Arhangay', '073', 1);
	INSERT INTO `zone` VALUES (2218, 143, 'Saint Anthony', 'A', 1);
	INSERT INTO `zone` VALUES (2219, 143, 'Saint Georges', 'G', 1);
	INSERT INTO `zone` VALUES (2220, 143, 'Saint Peter', 'P', 1);
	INSERT INTO `zone` VALUES (2221, 144, 'Agadir', 'AGD', 1);
	INSERT INTO `zone` VALUES (2222, 144, 'Al Hoceima', 'HOC', 1);
	INSERT INTO `zone` VALUES (2223, 144, 'Azilal', 'AZI', 1);
	INSERT INTO `zone` VALUES (2224, 144, 'Beni Mellal', 'BME', 1);
	INSERT INTO `zone` VALUES (2225, 144, 'Ben Slimane', 'BSL', 1);
	INSERT INTO `zone` VALUES (2226, 144, 'Boulemane', 'BLM', 1);
	INSERT INTO `zone` VALUES (2227, 144, 'Casablanca', 'CBL', 1);
	INSERT INTO `zone` VALUES (2228, 144, 'Chaouen', 'CHA', 1);
	INSERT INTO `zone` VALUES (2229, 144, 'El Jadida', 'EJA', 1);
	INSERT INTO `zone` VALUES (2230, 144, 'El Kelaa des Sraghna', 'EKS', 1);
	INSERT INTO `zone` VALUES (2231, 144, 'Er Rachidia', 'ERA', 1);
	INSERT INTO `zone` VALUES (2232, 144, 'Essaouira', 'ESS', 1);
	INSERT INTO `zone` VALUES (2233, 144, 'Fes', 'FES', 1);
	INSERT INTO `zone` VALUES (2234, 144, 'Figuig', 'FIG', 1);
	INSERT INTO `zone` VALUES (2235, 144, 'Guelmim', 'GLM', 1);
	INSERT INTO `zone` VALUES (2236, 144, 'Ifrane', 'IFR', 1);
	INSERT INTO `zone` VALUES (2237, 144, 'Kenitra', 'KEN', 1);
	INSERT INTO `zone` VALUES (2238, 144, 'Khemisset', 'KHM', 1);
	INSERT INTO `zone` VALUES (2239, 144, 'Khenifra', 'KHN', 1);
	INSERT INTO `zone` VALUES (2240, 144, 'Khouribga', 'KHO', 1);
	INSERT INTO `zone` VALUES (2241, 144, 'Laayoune', 'LYN', 1);
	INSERT INTO `zone` VALUES (2242, 144, 'Larache', 'LAR', 1);
	INSERT INTO `zone` VALUES (2243, 144, 'Marrakech', 'MRK', 1);
	INSERT INTO `zone` VALUES (2244, 144, 'Meknes', 'MKN', 1);
	INSERT INTO `zone` VALUES (2245, 144, 'Nador', 'NAD', 1);
	INSERT INTO `zone` VALUES (2246, 144, 'Ouarzazate', 'ORZ', 1);
	INSERT INTO `zone` VALUES (2247, 144, 'Oujda', 'OUJ', 1);
	INSERT INTO `zone` VALUES (2248, 144, 'Rabat-Sale', 'RSA', 1);
	INSERT INTO `zone` VALUES (2249, 144, 'Safi', 'SAF', 1);
	INSERT INTO `zone` VALUES (2250, 144, 'Settat', 'SET', 1);
	INSERT INTO `zone` VALUES (2251, 144, 'Sidi Kacem', 'SKA', 1);
	INSERT INTO `zone` VALUES (2252, 144, 'Tangier', 'TGR', 1);
	INSERT INTO `zone` VALUES (2253, 144, 'Tan-Tan', 'TAN', 1);
	INSERT INTO `zone` VALUES (2254, 144, 'Taounate', 'TAO', 1);
	INSERT INTO `zone` VALUES (2255, 144, 'Taroudannt', 'TRD', 1);
	INSERT INTO `zone` VALUES (2256, 144, 'Tata', 'TAT', 1);
	INSERT INTO `zone` VALUES (2257, 144, 'Taza', 'TAZ', 1);
	INSERT INTO `zone` VALUES (2258, 144, 'Tetouan', 'TET', 1);
	INSERT INTO `zone` VALUES (2259, 144, 'Tiznit', 'TIZ', 1);
	INSERT INTO `zone` VALUES (2260, 144, 'Ad Dakhla', 'ADK', 1);
	INSERT INTO `zone` VALUES (2261, 144, 'Boujdour', 'BJD', 1);
	INSERT INTO `zone` VALUES (2262, 144, 'Es Smara', 'ESM', 1);
	INSERT INTO `zone` VALUES (2263, 145, 'Cabo Delgado', 'CD', 1);
	INSERT INTO `zone` VALUES (2264, 145, 'Gaza', 'GZ', 1);
	INSERT INTO `zone` VALUES (2265, 145, 'Inhambane', 'IN', 1);
	INSERT INTO `zone` VALUES (2266, 145, 'Manica', 'MN', 1);
	INSERT INTO `zone` VALUES (2267, 145, 'Maputo (city)', 'MC', 1);
	INSERT INTO `zone` VALUES (2268, 145, 'Maputo', 'MP', 1);
	INSERT INTO `zone` VALUES (2269, 145, 'Nampula', 'NA', 1);
	INSERT INTO `zone` VALUES (2270, 145, 'Niassa', 'NI', 1);
	INSERT INTO `zone` VALUES (2271, 145, 'Sofala', 'SO', 1);
	INSERT INTO `zone` VALUES (2272, 145, 'Tete', 'TE', 1);
	INSERT INTO `zone` VALUES (2273, 145, 'Zambezia', 'ZA', 1);
	INSERT INTO `zone` VALUES (2274, 146, 'Ayeyarwady', 'AY', 1);
	INSERT INTO `zone` VALUES (2275, 146, 'Bago', 'BG', 1);
	INSERT INTO `zone` VALUES (2276, 146, 'Magway', 'MG', 1);
	INSERT INTO `zone` VALUES (2277, 146, 'Mandalay', 'MD', 1);
	INSERT INTO `zone` VALUES (2278, 146, 'Sagaing', 'SG', 1);
	INSERT INTO `zone` VALUES (2279, 146, 'Tanintharyi', 'TN', 1);
	INSERT INTO `zone` VALUES (2280, 146, 'Yangon', 'YG', 1);
	INSERT INTO `zone` VALUES (2281, 146, 'Chin State', 'CH', 1);
	INSERT INTO `zone` VALUES (2282, 146, 'Kachin State', 'KC', 1);
	INSERT INTO `zone` VALUES (2283, 146, 'Kayah State', 'KH', 1);
	INSERT INTO `zone` VALUES (2284, 146, 'Kayin State', 'KN', 1);
	INSERT INTO `zone` VALUES (2285, 146, 'Mon State', 'MN', 1);
	INSERT INTO `zone` VALUES (2286, 146, 'Rakhine State', 'RK', 1);
	INSERT INTO `zone` VALUES (2287, 146, 'Shan State', 'SH', 1);
	INSERT INTO `zone` VALUES (2288, 147, 'Caprivi', 'CA', 1);
	INSERT INTO `zone` VALUES (2289, 147, 'Erongo', 'ER', 1);
	INSERT INTO `zone` VALUES (2290, 147, 'Hardap', 'HA', 1);
	INSERT INTO `zone` VALUES (2291, 147, 'Karas', 'KR', 1);
	INSERT INTO `zone` VALUES (2292, 147, 'Kavango', 'KV', 1);
	INSERT INTO `zone` VALUES (2293, 147, 'Khomas', 'KH', 1);
	INSERT INTO `zone` VALUES (2294, 147, 'Kunene', 'KU', 1);
	INSERT INTO `zone` VALUES (2295, 147, 'Ohangwena', 'OW', 1);
	INSERT INTO `zone` VALUES (2296, 147, 'Omaheke', 'OK', 1);
	INSERT INTO `zone` VALUES (2297, 147, 'Omusati', 'OT', 1);
	INSERT INTO `zone` VALUES (2298, 147, 'Oshana', 'ON', 1);
	INSERT INTO `zone` VALUES (2299, 147, 'Oshikoto', 'OO', 1);
	INSERT INTO `zone` VALUES (2300, 147, 'Otjozondjupa', 'OJ', 1);
	INSERT INTO `zone` VALUES (2301, 148, 'Aiwo', 'AO', 1);
	INSERT INTO `zone` VALUES (2302, 148, 'Anabar', 'AA', 1);
	INSERT INTO `zone` VALUES (2303, 148, 'Anetan', 'AT', 1);
	INSERT INTO `zone` VALUES (2304, 148, 'Anibare', 'AI', 1);
	INSERT INTO `zone` VALUES (2305, 148, 'Baiti', 'BA', 1);
	INSERT INTO `zone` VALUES (2306, 148, 'Boe', 'BO', 1);
	INSERT INTO `zone` VALUES (2307, 148, 'Buada', 'BU', 1);
	INSERT INTO `zone` VALUES (2308, 148, 'Denigomodu', 'DE', 1);
	INSERT INTO `zone` VALUES (2309, 148, 'Ewa', 'EW', 1);
	INSERT INTO `zone` VALUES (2310, 148, 'Ijuw', 'IJ', 1);
	INSERT INTO `zone` VALUES (2311, 148, 'Meneng', 'ME', 1);
	INSERT INTO `zone` VALUES (2312, 148, 'Nibok', 'NI', 1);
	INSERT INTO `zone` VALUES (2313, 148, 'Uaboe', 'UA', 1);
	INSERT INTO `zone` VALUES (2314, 148, 'Yaren', 'YA', 1);
	INSERT INTO `zone` VALUES (2315, 149, 'Bagmati', 'BA', 1);
	INSERT INTO `zone` VALUES (2316, 149, 'Bheri', 'BH', 1);
	INSERT INTO `zone` VALUES (2317, 149, 'Dhawalagiri', 'DH', 1);
	INSERT INTO `zone` VALUES (2318, 149, 'Gandaki', 'GA', 1);
	INSERT INTO `zone` VALUES (2319, 149, 'Janakpur', 'JA', 1);
	INSERT INTO `zone` VALUES (2320, 149, 'Karnali', 'KA', 1);
	INSERT INTO `zone` VALUES (2321, 149, 'Kosi', 'KO', 1);
	INSERT INTO `zone` VALUES (2322, 149, 'Lumbini', 'LU', 1);
	INSERT INTO `zone` VALUES (2323, 149, 'Mahakali', 'MA', 1);
	INSERT INTO `zone` VALUES (2324, 149, 'Mechi', 'ME', 1);
	INSERT INTO `zone` VALUES (2325, 149, 'Narayani', 'NA', 1);
	INSERT INTO `zone` VALUES (2326, 149, 'Rapti', 'RA', 1);
	INSERT INTO `zone` VALUES (2327, 149, 'Sagarmatha', 'SA', 1);
	INSERT INTO `zone` VALUES (2328, 149, 'Seti', 'SE', 1);
	INSERT INTO `zone` VALUES (2329, 150, 'Drenthe', 'DR', 1);
	INSERT INTO `zone` VALUES (2330, 150, 'Flevoland', 'FL', 1);
	INSERT INTO `zone` VALUES (2331, 150, 'Friesland', 'FR', 1);
	INSERT INTO `zone` VALUES (2332, 150, 'Gelderland', 'GE', 1);
	INSERT INTO `zone` VALUES (2333, 150, 'Groningen', 'GR', 1);
	INSERT INTO `zone` VALUES (2334, 150, 'Limburg', 'LI', 1);
	INSERT INTO `zone` VALUES (2335, 150, 'Noord Brabant', 'NB', 1);
	INSERT INTO `zone` VALUES (2336, 150, 'Noord Holland', 'NH', 1);
	INSERT INTO `zone` VALUES (2337, 150, 'Overijssel', 'OV', 1);
	INSERT INTO `zone` VALUES (2338, 150, 'Utrecht', 'UT', 1);
	INSERT INTO `zone` VALUES (2339, 150, 'Zeeland', 'ZE', 1);
	INSERT INTO `zone` VALUES (2340, 150, 'Zuid Holland', 'ZH', 1);
	INSERT INTO `zone` VALUES (2341, 152, 'Iles Loyaute', 'L', 1);
	INSERT INTO `zone` VALUES (2342, 152, 'Nord', 'N', 1);
	INSERT INTO `zone` VALUES (2343, 152, 'Sud', 'S', 1);
	INSERT INTO `zone` VALUES (2344, 153, 'Auckland', 'AUK', 1);
	INSERT INTO `zone` VALUES (2345, 153, 'Bay of Plenty', 'BOP', 1);
	INSERT INTO `zone` VALUES (2346, 153, 'Canterbury', 'CAN', 1);
	INSERT INTO `zone` VALUES (2347, 153, 'Coromandel', 'COR', 1);
	INSERT INTO `zone` VALUES (2348, 153, 'Gisborne', 'GIS', 1);
	INSERT INTO `zone` VALUES (2349, 153, 'Fiordland', 'FIO', 1);
	INSERT INTO `zone` VALUES (2350, 153, 'Hawke\'s Bay', 'HKB', 1);
	INSERT INTO `zone` VALUES (2351, 153, 'Marlborough', 'MBH', 1);
	INSERT INTO `zone` VALUES (2352, 153, 'Manawatu-Wanganui', 'MWT', 1);
	INSERT INTO `zone` VALUES (2353, 153, 'Mt Cook-Mackenzie', 'MCM', 1);
	INSERT INTO `zone` VALUES (2354, 153, 'Nelson', 'NSN', 1);
	INSERT INTO `zone` VALUES (2355, 153, 'Northland', 'NTL', 1);
	INSERT INTO `zone` VALUES (2356, 153, 'Otago', 'OTA', 1);
	INSERT INTO `zone` VALUES (2357, 153, 'Southland', 'STL', 1);
	INSERT INTO `zone` VALUES (2358, 153, 'Taranaki', 'TKI', 1);
	INSERT INTO `zone` VALUES (2359, 153, 'Wellington', 'WGN', 1);
	INSERT INTO `zone` VALUES (2360, 153, 'Waikato', 'WKO', 1);
	INSERT INTO `zone` VALUES (2361, 153, 'Wairarapa', 'WAI', 1);
	INSERT INTO `zone` VALUES (2362, 153, 'West Coast', 'WTC', 1);
	INSERT INTO `zone` VALUES (2363, 154, 'Atlantico Norte', 'AN', 1);
	INSERT INTO `zone` VALUES (2364, 154, 'Atlantico Sur', 'AS', 1);
	INSERT INTO `zone` VALUES (2365, 154, 'Boaco', 'BO', 1);
	INSERT INTO `zone` VALUES (2366, 154, 'Carazo', 'CA', 1);
	INSERT INTO `zone` VALUES (2367, 154, 'Chinandega', 'CI', 1);
	INSERT INTO `zone` VALUES (2368, 154, 'Chontales', 'CO', 1);
	INSERT INTO `zone` VALUES (2369, 154, 'Esteli', 'ES', 1);
	INSERT INTO `zone` VALUES (2370, 154, 'Granada', 'GR', 1);
	INSERT INTO `zone` VALUES (2371, 154, 'Jinotega', 'JI', 1);
	INSERT INTO `zone` VALUES (2372, 154, 'Leon', 'LE', 1);
	INSERT INTO `zone` VALUES (2373, 154, 'Madriz', 'MD', 1);
	INSERT INTO `zone` VALUES (2374, 154, 'Managua', 'MN', 1);
	INSERT INTO `zone` VALUES (2375, 154, 'Masaya', 'MS', 1);
	INSERT INTO `zone` VALUES (2376, 154, 'Matagalpa', 'MT', 1);
	INSERT INTO `zone` VALUES (2377, 154, 'Nuevo Segovia', 'NS', 1);
	INSERT INTO `zone` VALUES (2378, 154, 'Rio San Juan', 'RS', 1);
	INSERT INTO `zone` VALUES (2379, 154, 'Rivas', 'RI', 1);
	INSERT INTO `zone` VALUES (2380, 155, 'Agadez', 'AG', 1);
	INSERT INTO `zone` VALUES (2381, 155, 'Diffa', 'DF', 1);
	INSERT INTO `zone` VALUES (2382, 155, 'Dosso', 'DS', 1);
	INSERT INTO `zone` VALUES (2383, 155, 'Maradi', 'MA', 1);
	INSERT INTO `zone` VALUES (2384, 155, 'Niamey', 'NM', 1);
	INSERT INTO `zone` VALUES (2385, 155, 'Tahoua', 'TH', 1);
	INSERT INTO `zone` VALUES (2386, 155, 'Tillaberi', 'TL', 1);
	INSERT INTO `zone` VALUES (2387, 155, 'Zinder', 'ZD', 1);
	INSERT INTO `zone` VALUES (2388, 156, 'Abia', 'AB', 1);
	INSERT INTO `zone` VALUES (2389, 156, 'Abuja Federal Capital Territory', 'CT', 1);
	INSERT INTO `zone` VALUES (2390, 156, 'Adamawa', 'AD', 1);
	INSERT INTO `zone` VALUES (2391, 156, 'Akwa Ibom', 'AK', 1);
	INSERT INTO `zone` VALUES (2392, 156, 'Anambra', 'AN', 1);
	INSERT INTO `zone` VALUES (2393, 156, 'Bauchi', 'BC', 1);
	INSERT INTO `zone` VALUES (2394, 156, 'Bayelsa', 'BY', 1);
	INSERT INTO `zone` VALUES (2395, 156, 'Benue', 'BN', 1);
	INSERT INTO `zone` VALUES (2396, 156, 'Borno', 'BO', 1);
	INSERT INTO `zone` VALUES (2397, 156, 'Cross River', 'CR', 1);
	INSERT INTO `zone` VALUES (2398, 156, 'Delta', 'DE', 1);
	INSERT INTO `zone` VALUES (2399, 156, 'Ebonyi', 'EB', 1);
	INSERT INTO `zone` VALUES (2400, 156, 'Edo', 'ED', 1);
	INSERT INTO `zone` VALUES (2401, 156, 'Ekiti', 'EK', 1);
	INSERT INTO `zone` VALUES (2402, 156, 'Enugu', 'EN', 1);
	INSERT INTO `zone` VALUES (2403, 156, 'Gombe', 'GO', 1);
	INSERT INTO `zone` VALUES (2404, 156, 'Imo', 'IM', 1);
	INSERT INTO `zone` VALUES (2405, 156, 'Jigawa', 'JI', 1);
	INSERT INTO `zone` VALUES (2406, 156, 'Kaduna', 'KD', 1);
	INSERT INTO `zone` VALUES (2407, 156, 'Kano', 'KN', 1);
	INSERT INTO `zone` VALUES (2408, 156, 'Katsina', 'KT', 1);
	INSERT INTO `zone` VALUES (2409, 156, 'Kebbi', 'KE', 1);
	INSERT INTO `zone` VALUES (2410, 156, 'Kogi', 'KO', 1);
	INSERT INTO `zone` VALUES (2411, 156, 'Kwara', 'KW', 1);
	INSERT INTO `zone` VALUES (2412, 156, 'Lagos', 'LA', 1);
	INSERT INTO `zone` VALUES (2413, 156, 'Nassarawa', 'NA', 1);
	INSERT INTO `zone` VALUES (2414, 156, 'Niger', 'NI', 1);
	INSERT INTO `zone` VALUES (2415, 156, 'Ogun', 'OG', 1);
	INSERT INTO `zone` VALUES (2416, 156, 'Ondo', 'ONG', 1);
	INSERT INTO `zone` VALUES (2417, 156, 'Osun', 'OS', 1);
	INSERT INTO `zone` VALUES (2418, 156, 'Oyo', 'OY', 1);
	INSERT INTO `zone` VALUES (2419, 156, 'Plateau', 'PL', 1);
	INSERT INTO `zone` VALUES (2420, 156, 'Rivers', 'RI', 1);
	INSERT INTO `zone` VALUES (2421, 156, 'Sokoto', 'SO', 1);
	INSERT INTO `zone` VALUES (2422, 156, 'Taraba', 'TA', 1);
	INSERT INTO `zone` VALUES (2423, 156, 'Yobe', 'YO', 1);
	INSERT INTO `zone` VALUES (2424, 156, 'Zamfara', 'ZA', 1);
	INSERT INTO `zone` VALUES (2425, 159, 'Northern Islands', 'N', 1);
	INSERT INTO `zone` VALUES (2426, 159, 'Rota', 'R', 1);
	INSERT INTO `zone` VALUES (2427, 159, 'Saipan', 'S', 1);
	INSERT INTO `zone` VALUES (2428, 159, 'Tinian', 'T', 1);
	INSERT INTO `zone` VALUES (2429, 160, 'Akershus', 'AK', 1);
	INSERT INTO `zone` VALUES (2430, 160, 'Aust-Agder', 'AA', 1);
	INSERT INTO `zone` VALUES (2431, 160, 'Buskerud', 'BU', 1);
	INSERT INTO `zone` VALUES (2432, 160, 'Finnmark', 'FM', 1);
	INSERT INTO `zone` VALUES (2433, 160, 'Hedmark', 'HM', 1);
	INSERT INTO `zone` VALUES (2434, 160, 'Hordaland', 'HL', 1);
	INSERT INTO `zone` VALUES (2435, 160, 'More og Romdal', 'MR', 1);
	INSERT INTO `zone` VALUES (2436, 160, 'Nord-Trondelag', 'NT', 1);
	INSERT INTO `zone` VALUES (2437, 160, 'Nordland', 'NL', 1);
	INSERT INTO `zone` VALUES (2438, 160, 'Ostfold', 'OF', 1);
	INSERT INTO `zone` VALUES (2439, 160, 'Oppland', 'OP', 1);
	INSERT INTO `zone` VALUES (2440, 160, 'Oslo', 'OL', 1);
	INSERT INTO `zone` VALUES (2441, 160, 'Rogaland', 'RL', 1);
	INSERT INTO `zone` VALUES (2442, 160, 'Sor-Trondelag', 'ST', 1);
	INSERT INTO `zone` VALUES (2443, 160, 'Sogn og Fjordane', 'SJ', 1);
	INSERT INTO `zone` VALUES (2444, 160, 'Svalbard', 'SV', 1);
	INSERT INTO `zone` VALUES (2445, 160, 'Telemark', 'TM', 1);
	INSERT INTO `zone` VALUES (2446, 160, 'Troms', 'TR', 1);
	INSERT INTO `zone` VALUES (2447, 160, 'Vest-Agder', 'VA', 1);
	INSERT INTO `zone` VALUES (2448, 160, 'Vestfold', 'VF', 1);
	INSERT INTO `zone` VALUES (2449, 161, 'Ad Dakhiliyah', 'DA', 1);
	INSERT INTO `zone` VALUES (2450, 161, 'Al Batinah', 'BA', 1);
	INSERT INTO `zone` VALUES (2451, 161, 'Al Wusta', 'WU', 1);
	INSERT INTO `zone` VALUES (2452, 161, 'Ash Sharqiyah', 'SH', 1);
	INSERT INTO `zone` VALUES (2453, 161, 'Az Zahirah', 'ZA', 1);
	INSERT INTO `zone` VALUES (2454, 161, 'Masqat', 'MA', 1);
	INSERT INTO `zone` VALUES (2455, 161, 'Musandam', 'MU', 1);
	INSERT INTO `zone` VALUES (2456, 161, 'Zufar', 'ZU', 1);
	INSERT INTO `zone` VALUES (2457, 162, 'Balochistan', 'B', 1);
	INSERT INTO `zone` VALUES (2458, 162, 'Federally Administered Tribal Areas', 'T', 1);
	INSERT INTO `zone` VALUES (2459, 162, 'Islamabad Capital Territory', 'I', 1);
	INSERT INTO `zone` VALUES (2460, 162, 'North-West Frontier', 'N', 1);
	INSERT INTO `zone` VALUES (2461, 162, 'Punjab', 'P', 1);
	INSERT INTO `zone` VALUES (2462, 162, 'Sindh', 'S', 1);
	INSERT INTO `zone` VALUES (2463, 163, 'Aimeliik', 'AM', 1);
	INSERT INTO `zone` VALUES (2464, 163, 'Airai', 'AR', 1);
	INSERT INTO `zone` VALUES (2465, 163, 'Angaur', 'AN', 1);
	INSERT INTO `zone` VALUES (2466, 163, 'Hatohobei', 'HA', 1);
	INSERT INTO `zone` VALUES (2467, 163, 'Kayangel', 'KA', 1);
	INSERT INTO `zone` VALUES (2468, 163, 'Koror', 'KO', 1);
	INSERT INTO `zone` VALUES (2469, 163, 'Melekeok', 'ME', 1);
	INSERT INTO `zone` VALUES (2470, 163, 'Ngaraard', 'NA', 1);
	INSERT INTO `zone` VALUES (2471, 163, 'Ngarchelong', 'NG', 1);
	INSERT INTO `zone` VALUES (2472, 163, 'Ngardmau', 'ND', 1);
	INSERT INTO `zone` VALUES (2473, 163, 'Ngatpang', 'NT', 1);
	INSERT INTO `zone` VALUES (2474, 163, 'Ngchesar', 'NC', 1);
	INSERT INTO `zone` VALUES (2475, 163, 'Ngeremlengui', 'NR', 1);
	INSERT INTO `zone` VALUES (2476, 163, 'Ngiwal', 'NW', 1);
	INSERT INTO `zone` VALUES (2477, 163, 'Peleliu', 'PE', 1);
	INSERT INTO `zone` VALUES (2478, 163, 'Sonsorol', 'SO', 1);
	INSERT INTO `zone` VALUES (2479, 164, 'Bocas del Toro', 'BT', 1);
	INSERT INTO `zone` VALUES (2480, 164, 'Chiriqui', 'CH', 1);
	INSERT INTO `zone` VALUES (2481, 164, 'Cocle', 'CC', 1);
	INSERT INTO `zone` VALUES (2482, 164, 'Colon', 'CL', 1);
	INSERT INTO `zone` VALUES (2483, 164, 'Darien', 'DA', 1);
	INSERT INTO `zone` VALUES (2484, 164, 'Herrera', 'HE', 1);
	INSERT INTO `zone` VALUES (2485, 164, 'Los Santos', 'LS', 1);
	INSERT INTO `zone` VALUES (2486, 164, 'Panama', 'PA', 1);
	INSERT INTO `zone` VALUES (2487, 164, 'San Blas', 'SB', 1);
	INSERT INTO `zone` VALUES (2488, 164, 'Veraguas', 'VG', 1);
	INSERT INTO `zone` VALUES (2489, 165, 'Bougainville', 'BV', 1);
	INSERT INTO `zone` VALUES (2490, 165, 'Central', 'CE', 1);
	INSERT INTO `zone` VALUES (2491, 165, 'Chimbu', 'CH', 1);
	INSERT INTO `zone` VALUES (2492, 165, 'Eastern Highlands', 'EH', 1);
	INSERT INTO `zone` VALUES (2493, 165, 'East New Britain', 'EB', 1);
	INSERT INTO `zone` VALUES (2494, 165, 'East Sepik', 'ES', 1);
	INSERT INTO `zone` VALUES (2495, 165, 'Enga', 'EN', 1);
	INSERT INTO `zone` VALUES (2496, 165, 'Gulf', 'GU', 1);
	INSERT INTO `zone` VALUES (2497, 165, 'Madang', 'MD', 1);
	INSERT INTO `zone` VALUES (2498, 165, 'Manus', 'MN', 1);
	INSERT INTO `zone` VALUES (2499, 165, 'Milne Bay', 'MB', 1);
	INSERT INTO `zone` VALUES (2500, 165, 'Morobe', 'MR', 1);
	INSERT INTO `zone` VALUES (2501, 165, 'National Capital', 'NC', 1);
	INSERT INTO `zone` VALUES (2502, 165, 'New Ireland', 'NI', 1);
	INSERT INTO `zone` VALUES (2503, 165, 'Northern', 'NO', 1);
	INSERT INTO `zone` VALUES (2504, 165, 'Sandaun', 'SA', 1);
	INSERT INTO `zone` VALUES (2505, 165, 'Southern Highlands', 'SH', 1);
	INSERT INTO `zone` VALUES (2506, 165, 'Western', 'WE', 1);
	INSERT INTO `zone` VALUES (2507, 165, 'Western Highlands', 'WH', 1);
	INSERT INTO `zone` VALUES (2508, 165, 'West New Britain', 'WB', 1);
	INSERT INTO `zone` VALUES (2509, 166, 'Alto Paraguay', 'AG', 1);
	INSERT INTO `zone` VALUES (2510, 166, 'Alto Parana', 'AN', 1);
	INSERT INTO `zone` VALUES (2511, 166, 'Amambay', 'AM', 1);
	INSERT INTO `zone` VALUES (2512, 166, 'Asuncion', 'AS', 1);
	INSERT INTO `zone` VALUES (2513, 166, 'Boqueron', 'BO', 1);
	INSERT INTO `zone` VALUES (2514, 166, 'Caaguazu', 'CG', 1);
	INSERT INTO `zone` VALUES (2515, 166, 'Caazapa', 'CZ', 1);
	INSERT INTO `zone` VALUES (2516, 166, 'Canindeyu', 'CN', 1);
	INSERT INTO `zone` VALUES (2517, 166, 'Central', 'CE', 1);
	INSERT INTO `zone` VALUES (2518, 166, 'Concepcion', 'CC', 1);
	INSERT INTO `zone` VALUES (2519, 166, 'Cordillera', 'CD', 1);
	INSERT INTO `zone` VALUES (2520, 166, 'Guaira', 'GU', 1);
	INSERT INTO `zone` VALUES (2521, 166, 'Itapua', 'IT', 1);
	INSERT INTO `zone` VALUES (2522, 166, 'Misiones', 'MI', 1);
	INSERT INTO `zone` VALUES (2523, 166, 'Neembucu', 'NE', 1);
	INSERT INTO `zone` VALUES (2524, 166, 'Paraguari', 'PA', 1);
	INSERT INTO `zone` VALUES (2525, 166, 'Presidente Hayes', 'PH', 1);
	INSERT INTO `zone` VALUES (2526, 166, 'San Pedro', 'SP', 1);
	INSERT INTO `zone` VALUES (2527, 167, 'Amazonas', 'AM', 1);
	INSERT INTO `zone` VALUES (2528, 167, 'Ancash', 'AN', 1);
	INSERT INTO `zone` VALUES (2529, 167, 'Apurimac', 'AP', 1);
	INSERT INTO `zone` VALUES (2530, 167, 'Arequipa', 'AR', 1);
	INSERT INTO `zone` VALUES (2531, 167, 'Ayacucho', 'AY', 1);
	INSERT INTO `zone` VALUES (2532, 167, 'Cajamarca', 'CJ', 1);
	INSERT INTO `zone` VALUES (2533, 167, 'Callao', 'CL', 1);
	INSERT INTO `zone` VALUES (2534, 167, 'Cusco', 'CU', 1);
	INSERT INTO `zone` VALUES (2535, 167, 'Huancavelica', 'HV', 1);
	INSERT INTO `zone` VALUES (2536, 167, 'Huanuco', 'HO', 1);
	INSERT INTO `zone` VALUES (2537, 167, 'Ica', 'IC', 1);
	INSERT INTO `zone` VALUES (2538, 167, 'Junin', 'JU', 1);
	INSERT INTO `zone` VALUES (2539, 167, 'La Libertad', 'LD', 1);
	INSERT INTO `zone` VALUES (2540, 167, 'Lambayeque', 'LY', 1);
	INSERT INTO `zone` VALUES (2541, 167, 'Lima', 'LI', 1);
	INSERT INTO `zone` VALUES (2542, 167, 'Loreto', 'LO', 1);
	INSERT INTO `zone` VALUES (2543, 167, 'Madre de Dios', 'MD', 1);
	INSERT INTO `zone` VALUES (2544, 167, 'Moquegua', 'MO', 1);
	INSERT INTO `zone` VALUES (2545, 167, 'Pasco', 'PA', 1);
	INSERT INTO `zone` VALUES (2546, 167, 'Piura', 'PI', 1);
	INSERT INTO `zone` VALUES (2547, 167, 'Puno', 'PU', 1);
	INSERT INTO `zone` VALUES (2548, 167, 'San Martin', 'SM', 1);
	INSERT INTO `zone` VALUES (2549, 167, 'Tacna', 'TA', 1);
	INSERT INTO `zone` VALUES (2550, 167, 'Tumbes', 'TU', 1);
	INSERT INTO `zone` VALUES (2551, 167, 'Ucayali', 'UC', 1);
	INSERT INTO `zone` VALUES (2552, 168, 'Abra', 'ABR', 1);
	INSERT INTO `zone` VALUES (2553, 168, 'Agusan del Norte', 'ANO', 1);
	INSERT INTO `zone` VALUES (2554, 168, 'Agusan del Sur', 'ASU', 1);
	INSERT INTO `zone` VALUES (2555, 168, 'Aklan', 'AKL', 1);
	INSERT INTO `zone` VALUES (2556, 168, 'Albay', 'ALB', 1);
	INSERT INTO `zone` VALUES (2557, 168, 'Antique', 'ANT', 1);
	INSERT INTO `zone` VALUES (2558, 168, 'Apayao', 'APY', 1);
	INSERT INTO `zone` VALUES (2559, 168, 'Aurora', 'AUR', 1);
	INSERT INTO `zone` VALUES (2560, 168, 'Basilan', 'BAS', 1);
	INSERT INTO `zone` VALUES (2561, 168, 'Bataan', 'BTA', 1);
	INSERT INTO `zone` VALUES (2562, 168, 'Batanes', 'BTE', 1);
	INSERT INTO `zone` VALUES (2563, 168, 'Batangas', 'BTG', 1);
	INSERT INTO `zone` VALUES (2564, 168, 'Biliran', 'BLR', 1);
	INSERT INTO `zone` VALUES (2565, 168, 'Benguet', 'BEN', 1);
	INSERT INTO `zone` VALUES (2566, 168, 'Bohol', 'BOL', 1);
	INSERT INTO `zone` VALUES (2567, 168, 'Bukidnon', 'BUK', 1);
	INSERT INTO `zone` VALUES (2568, 168, 'Bulacan', 'BUL', 1);
	INSERT INTO `zone` VALUES (2569, 168, 'Cagayan', 'CAG', 1);
	INSERT INTO `zone` VALUES (2570, 168, 'Camarines Norte', 'CNO', 1);
	INSERT INTO `zone` VALUES (2571, 168, 'Camarines Sur', 'CSU', 1);
	INSERT INTO `zone` VALUES (2572, 168, 'Camiguin', 'CAM', 1);
	INSERT INTO `zone` VALUES (2573, 168, 'Capiz', 'CAP', 1);
	INSERT INTO `zone` VALUES (2574, 168, 'Catanduanes', 'CAT', 1);
	INSERT INTO `zone` VALUES (2575, 168, 'Cavite', 'CAV', 1);
	INSERT INTO `zone` VALUES (2576, 168, 'Cebu', 'CEB', 1);
	INSERT INTO `zone` VALUES (2577, 168, 'Compostela', 'CMP', 1);
	INSERT INTO `zone` VALUES (2578, 168, 'Davao del Norte', 'DNO', 1);
	INSERT INTO `zone` VALUES (2579, 168, 'Davao del Sur', 'DSU', 1);
	INSERT INTO `zone` VALUES (2580, 168, 'Davao Oriental', 'DOR', 1);
	INSERT INTO `zone` VALUES (2581, 168, 'Eastern Samar', 'ESA', 1);
	INSERT INTO `zone` VALUES (2582, 168, 'Guimaras', 'GUI', 1);
	INSERT INTO `zone` VALUES (2583, 168, 'Ifugao', 'IFU', 1);
	INSERT INTO `zone` VALUES (2584, 168, 'Ilocos Norte', 'INO', 1);
	INSERT INTO `zone` VALUES (2585, 168, 'Ilocos Sur', 'ISU', 1);
	INSERT INTO `zone` VALUES (2586, 168, 'Iloilo', 'ILO', 1);
	INSERT INTO `zone` VALUES (2587, 168, 'Isabela', 'ISA', 1);
	INSERT INTO `zone` VALUES (2588, 168, 'Kalinga', 'KAL', 1);
	INSERT INTO `zone` VALUES (2589, 168, 'Laguna', 'LAG', 1);
	INSERT INTO `zone` VALUES (2590, 168, 'Lanao del Norte', 'LNO', 1);
	INSERT INTO `zone` VALUES (2591, 168, 'Lanao del Sur', 'LSU', 1);
	INSERT INTO `zone` VALUES (2592, 168, 'La Union', 'UNI', 1);
	INSERT INTO `zone` VALUES (2593, 168, 'Leyte', 'LEY', 1);
	INSERT INTO `zone` VALUES (2594, 168, 'Maguindanao', 'MAG', 1);
	INSERT INTO `zone` VALUES (2595, 168, 'Marinduque', 'MRN', 1);
	INSERT INTO `zone` VALUES (2596, 168, 'Masbate', 'MSB', 1);
	INSERT INTO `zone` VALUES (2597, 168, 'Mindoro Occidental', 'MIC', 1);
	INSERT INTO `zone` VALUES (2598, 168, 'Mindoro Oriental', 'MIR', 1);
	INSERT INTO `zone` VALUES (2599, 168, 'Misamis Occidental', 'MSC', 1);
	INSERT INTO `zone` VALUES (2600, 168, 'Misamis Oriental', 'MOR', 1);
	INSERT INTO `zone` VALUES (2601, 168, 'Mountain', 'MOP', 1);
	INSERT INTO `zone` VALUES (2602, 168, 'Negros Occidental', 'NOC', 1);
	INSERT INTO `zone` VALUES (2603, 168, 'Negros Oriental', 'NOR', 1);
	INSERT INTO `zone` VALUES (2604, 168, 'North Cotabato', 'NCT', 1);
	INSERT INTO `zone` VALUES (2605, 168, 'Northern Samar', 'NSM', 1);
	INSERT INTO `zone` VALUES (2606, 168, 'Nueva Ecija', 'NEC', 1);
	INSERT INTO `zone` VALUES (2607, 168, 'Nueva Vizcaya', 'NVZ', 1);
	INSERT INTO `zone` VALUES (2608, 168, 'Palawan', 'PLW', 1);
	INSERT INTO `zone` VALUES (2609, 168, 'Pampanga', 'PMP', 1);
	INSERT INTO `zone` VALUES (2610, 168, 'Pangasinan', 'PNG', 1);
	INSERT INTO `zone` VALUES (2611, 168, 'Quezon', 'QZN', 1);
	INSERT INTO `zone` VALUES (2612, 168, 'Quirino', 'QRN', 1);
	INSERT INTO `zone` VALUES (2613, 168, 'Rizal', 'RIZ', 1);
	INSERT INTO `zone` VALUES (2614, 168, 'Romblon', 'ROM', 1);
	INSERT INTO `zone` VALUES (2615, 168, 'Samar', 'SMR', 1);
	INSERT INTO `zone` VALUES (2616, 168, 'Sarangani', 'SRG', 1);
	INSERT INTO `zone` VALUES (2617, 168, 'Siquijor', 'SQJ', 1);
	INSERT INTO `zone` VALUES (2618, 168, 'Sorsogon', 'SRS', 1);
	INSERT INTO `zone` VALUES (2619, 168, 'South Cotabato', 'SCO', 1);
	INSERT INTO `zone` VALUES (2620, 168, 'Southern Leyte', 'SLE', 1);
	INSERT INTO `zone` VALUES (2621, 168, 'Sultan Kudarat', 'SKU', 1);
	INSERT INTO `zone` VALUES (2622, 168, 'Sulu', 'SLU', 1);
	INSERT INTO `zone` VALUES (2623, 168, 'Surigao del Norte', 'SNO', 1);
	INSERT INTO `zone` VALUES (2624, 168, 'Surigao del Sur', 'SSU', 1);
	INSERT INTO `zone` VALUES (2625, 168, 'Tarlac', 'TAR', 1);
	INSERT INTO `zone` VALUES (2626, 168, 'Tawi-Tawi', 'TAW', 1);
	INSERT INTO `zone` VALUES (2627, 168, 'Zambales', 'ZBL', 1);
	INSERT INTO `zone` VALUES (2628, 168, 'Zamboanga del Norte', 'ZNO', 1);
	INSERT INTO `zone` VALUES (2629, 168, 'Zamboanga del Sur', 'ZSU', 1);
	INSERT INTO `zone` VALUES (2630, 168, 'Zamboanga Sibugay', 'ZSI', 1);
	INSERT INTO `zone` VALUES (2631, 170, 'Dolnoslaskie', 'DO', 1);
	INSERT INTO `zone` VALUES (2632, 170, 'Kujawsko-Pomorskie', 'KP', 1);
	INSERT INTO `zone` VALUES (2633, 170, 'Lodzkie', 'LO', 1);
	INSERT INTO `zone` VALUES (2634, 170, 'Lubelskie', 'LL', 1);
	INSERT INTO `zone` VALUES (2635, 170, 'Lubuskie', 'LU', 1);
	INSERT INTO `zone` VALUES (2636, 170, 'Malopolskie', 'ML', 1);
	INSERT INTO `zone` VALUES (2637, 170, 'Mazowieckie', 'MZ', 1);
	INSERT INTO `zone` VALUES (2638, 170, 'Opolskie', 'OP', 1);
	INSERT INTO `zone` VALUES (2639, 170, 'Podkarpackie', 'PP', 1);
	INSERT INTO `zone` VALUES (2640, 170, 'Podlaskie', 'PL', 1);
	INSERT INTO `zone` VALUES (2641, 170, 'Pomorskie', 'PM', 1);
	INSERT INTO `zone` VALUES (2642, 170, 'Slaskie', 'SL', 1);
	INSERT INTO `zone` VALUES (2643, 170, 'Swietokrzyskie', 'SW', 1);
	INSERT INTO `zone` VALUES (2644, 170, 'Warminsko-Mazurskie', 'WM', 1);
	INSERT INTO `zone` VALUES (2645, 170, 'Wielkopolskie', 'WP', 1);
	INSERT INTO `zone` VALUES (2646, 170, 'Zachodniopomorskie', 'ZA', 1);
	INSERT INTO `zone` VALUES (2647, 198, 'Saint Pierre', 'P', 1);
	INSERT INTO `zone` VALUES (2648, 198, 'Miquelon', 'M', 1);
	INSERT INTO `zone` VALUES (2649, 171, 'A&ccedil;ores', 'AC', 1);
	INSERT INTO `zone` VALUES (2650, 171, 'Aveiro', 'AV', 1);
	INSERT INTO `zone` VALUES (2651, 171, 'Beja', 'BE', 1);
	INSERT INTO `zone` VALUES (2652, 171, 'Braga', 'BR', 1);
	INSERT INTO `zone` VALUES (2653, 171, 'Bragan&ccedil;a', 'BA', 1);
	INSERT INTO `zone` VALUES (2654, 171, 'Castelo Branco', 'CB', 1);
	INSERT INTO `zone` VALUES (2655, 171, 'Coimbra', 'CO', 1);
	INSERT INTO `zone` VALUES (2656, 171, '&Eacute;vora', 'EV', 1);
	INSERT INTO `zone` VALUES (2657, 171, 'Faro', 'FA', 1);
	INSERT INTO `zone` VALUES (2658, 171, 'Guarda', 'GU', 1);
	INSERT INTO `zone` VALUES (2659, 171, 'Leiria', 'LE', 1);
	INSERT INTO `zone` VALUES (2660, 171, 'Lisboa', 'LI', 1);
	INSERT INTO `zone` VALUES (2661, 171, 'Madeira', 'ME', 1);
	INSERT INTO `zone` VALUES (2662, 171, 'Portalegre', 'PO', 1);
	INSERT INTO `zone` VALUES (2663, 171, 'Porto', 'PR', 1);
	INSERT INTO `zone` VALUES (2664, 171, 'Santar&eacute;m', 'SA', 1);
	INSERT INTO `zone` VALUES (2665, 171, 'Set&uacute;bal', 'SE', 1);
	INSERT INTO `zone` VALUES (2666, 171, 'Viana do Castelo', 'VC', 1);
	INSERT INTO `zone` VALUES (2667, 171, 'Vila Real', 'VR', 1);
	INSERT INTO `zone` VALUES (2668, 171, 'Viseu', 'VI', 1);
	INSERT INTO `zone` VALUES (2669, 173, 'Ad Dawhah', 'DW', 1);
	INSERT INTO `zone` VALUES (2670, 173, 'Al Ghuwayriyah', 'GW', 1);
	INSERT INTO `zone` VALUES (2671, 173, 'Al Jumayliyah', 'JM', 1);
	INSERT INTO `zone` VALUES (2672, 173, 'Al Khawr', 'KR', 1);
	INSERT INTO `zone` VALUES (2673, 173, 'Al Wakrah', 'WK', 1);
	INSERT INTO `zone` VALUES (2674, 173, 'Ar Rayyan', 'RN', 1);
	INSERT INTO `zone` VALUES (2675, 173, 'Jarayan al Batinah', 'JB', 1);
	INSERT INTO `zone` VALUES (2676, 173, 'Madinat ash Shamal', 'MS', 1);
	INSERT INTO `zone` VALUES (2677, 173, 'Umm Sa\'id', 'UD', 1);
	INSERT INTO `zone` VALUES (2678, 173, 'Umm Salal', 'UL', 1);
	INSERT INTO `zone` VALUES (2679, 175, 'Alba', 'AB', 1);
	INSERT INTO `zone` VALUES (2680, 175, 'Arad', 'AR', 1);
	INSERT INTO `zone` VALUES (2681, 175, 'Arges', 'AG', 1);
	INSERT INTO `zone` VALUES (2682, 175, 'Bacau', 'BC', 1);
	INSERT INTO `zone` VALUES (2683, 175, 'Bihor', 'BH', 1);
	INSERT INTO `zone` VALUES (2684, 175, 'Bistrita-Nasaud', 'BN', 1);
	INSERT INTO `zone` VALUES (2685, 175, 'Botosani', 'BT', 1);
	INSERT INTO `zone` VALUES (2686, 175, 'Brasov', 'BV', 1);
	INSERT INTO `zone` VALUES (2687, 175, 'Braila', 'BR', 1);
	INSERT INTO `zone` VALUES (2688, 175, 'Bucuresti', 'B', 1);
	INSERT INTO `zone` VALUES (2689, 175, 'Buzau', 'BZ', 1);
	INSERT INTO `zone` VALUES (2690, 175, 'Caras-Severin', 'CS', 1);
	INSERT INTO `zone` VALUES (2691, 175, 'Calarasi', 'CL', 1);
	INSERT INTO `zone` VALUES (2692, 175, 'Cluj', 'CJ', 1);
	INSERT INTO `zone` VALUES (2693, 175, 'Constanta', 'CT', 1);
	INSERT INTO `zone` VALUES (2694, 175, 'Covasna', 'CV', 1);
	INSERT INTO `zone` VALUES (2695, 175, 'Dimbovita', 'DB', 1);
	INSERT INTO `zone` VALUES (2696, 175, 'Dolj', 'DJ', 1);
	INSERT INTO `zone` VALUES (2697, 175, 'Galati', 'GL', 1);
	INSERT INTO `zone` VALUES (2698, 175, 'Giurgiu', 'GR', 1);
	INSERT INTO `zone` VALUES (2699, 175, 'Gorj', 'GJ', 1);
	INSERT INTO `zone` VALUES (2700, 175, 'Harghita', 'HR', 1);
	INSERT INTO `zone` VALUES (2701, 175, 'Hunedoara', 'HD', 1);
	INSERT INTO `zone` VALUES (2702, 175, 'Ialomita', 'IL', 1);
	INSERT INTO `zone` VALUES (2703, 175, 'Iasi', 'IS', 1);
	INSERT INTO `zone` VALUES (2704, 175, 'Ilfov', 'IF', 1);
	INSERT INTO `zone` VALUES (2705, 175, 'Maramures', 'MM', 1);
	INSERT INTO `zone` VALUES (2706, 175, 'Mehedinti', 'MH', 1);
	INSERT INTO `zone` VALUES (2707, 175, 'Mures', 'MS', 1);
	INSERT INTO `zone` VALUES (2708, 175, 'Neamt', 'NT', 1);
	INSERT INTO `zone` VALUES (2709, 175, 'Olt', 'OT', 1);
	INSERT INTO `zone` VALUES (2710, 175, 'Prahova', 'PH', 1);
	INSERT INTO `zone` VALUES (2711, 175, 'Satu-Mare', 'SM', 1);
	INSERT INTO `zone` VALUES (2712, 175, 'Salaj', 'SJ', 1);
	INSERT INTO `zone` VALUES (2713, 175, 'Sibiu', 'SB', 1);
	INSERT INTO `zone` VALUES (2714, 175, 'Suceava', 'SV', 1);
	INSERT INTO `zone` VALUES (2715, 175, 'Teleorman', 'TR', 1);
	INSERT INTO `zone` VALUES (2716, 175, 'Timis', 'TM', 1);
	INSERT INTO `zone` VALUES (2717, 175, 'Tulcea', 'TL', 1);
	INSERT INTO `zone` VALUES (2718, 175, 'Vaslui', 'VS', 1);
	INSERT INTO `zone` VALUES (2719, 175, 'Valcea', 'VL', 1);
	INSERT INTO `zone` VALUES (2720, 175, 'Vrancea', 'VN', 1);
	INSERT INTO `zone` VALUES (2721, 176, 'Республика Хакасия', 'KK', 1);
	INSERT INTO `zone` VALUES (2722, 176, 'Забайкальский край', 'ZAB', 1);
	INSERT INTO `zone` VALUES (2723, 176, 'Чукотский АО', 'CHU', 1);
	INSERT INTO `zone` VALUES (2724, 176, 'Архангельская область', 'ARK', 1);
	INSERT INTO `zone` VALUES (2725, 176, 'Астраханская область', 'AST', 1);
	INSERT INTO `zone` VALUES (2726, 176, 'Алтайский край', 'ALT', 1);
	INSERT INTO `zone` VALUES (2727, 176, 'Белгородская область', 'BEL', 1);
	INSERT INTO `zone` VALUES (2728, 176, 'Еврейская АО', 'YEV', 1);
	INSERT INTO `zone` VALUES (2729, 176, 'Амурская область', 'AMU', 1);
	INSERT INTO `zone` VALUES (2730, 176, 'Брянская область', 'BRY', 1);
	INSERT INTO `zone` VALUES (2731, 176, 'Чувашская Республика', 'CU', 1);
	INSERT INTO `zone` VALUES (2732, 176, 'Челябинская область', 'CHE', 1);
	INSERT INTO `zone` VALUES (2733, 176, 'Карачаево-Черкесия', 'KC', 1);
	INSERT INTO `zone` VALUES (2735, 176, 'Таймырский АО', 'TDN', 1);
	INSERT INTO `zone` VALUES (2736, 176, 'Республика Калмыкия', 'KL', 1);
	INSERT INTO `zone` VALUES (2738, 176, 'Республика Алтай', 'AL', 1);
	INSERT INTO `zone` VALUES (2739, 176, 'Чеченская Республика', 'CE', 1);
	INSERT INTO `zone` VALUES (2740, 176, 'Иркутская область', 'IRK', 1);
	INSERT INTO `zone` VALUES (2741, 176, 'Ивановская область', 'IVA', 1);
	INSERT INTO `zone` VALUES (2742, 176, 'Удмуртская Республика', 'UD', 1);
	INSERT INTO `zone` VALUES (2743, 176, 'Калининградская область', 'KGD', 1);
	INSERT INTO `zone` VALUES (2744, 176, 'Калужская область', 'KLU', 1);
	INSERT INTO `zone` VALUES (2745, 176, 'Краснодарский край', 'KDA', 1);
	INSERT INTO `zone` VALUES (2746, 176, 'Республика Татарстан', 'TA', 1);
	INSERT INTO `zone` VALUES (2747, 176, 'Кемеровская область', 'KEM', 1);
	INSERT INTO `zone` VALUES (2748, 176, 'Хабаровский край', 'KHA', 1);
	INSERT INTO `zone` VALUES (2749, 176, 'Ханты-Мансийский АО - Югра', 'KHM', 1);
	INSERT INTO `zone` VALUES (2750, 176, 'Костромская область', 'KOS', 1);
	INSERT INTO `zone` VALUES (2751, 176, 'Московская область', 'MOS', 1);
	INSERT INTO `zone` VALUES (2752, 176, 'Красноярский край', 'KYA', 1);
	INSERT INTO `zone` VALUES (2753, 176, 'Коми-Пермяцкий АО', 'KOP', 1);
	INSERT INTO `zone` VALUES (2754, 176, 'Курганская область', 'KGN', 1);
	INSERT INTO `zone` VALUES (2755, 176, 'Курская область', 'KRS', 1);
	INSERT INTO `zone` VALUES (2756, 176, 'Республика Тыва', 'TY', 1);
	INSERT INTO `zone` VALUES (2757, 176, 'Липецкая область', 'LIP', 1);
	INSERT INTO `zone` VALUES (2758, 176, 'Магаданская область', 'MAG', 1);
	INSERT INTO `zone` VALUES (2759, 176, 'Республика Дагестан', 'DA', 1);
	INSERT INTO `zone` VALUES (2760, 176, 'Республика Адыгея', 'AD', 1);
	INSERT INTO `zone` VALUES (2761, 176, 'Москва', 'MOW', 1);
	INSERT INTO `zone` VALUES (2762, 176, 'Мурманская область', 'MUR', 1);
	INSERT INTO `zone` VALUES (2763, 176, 'Республика Кабардино-Балкария', 'KB', 1);
	INSERT INTO `zone` VALUES (2764, 176, 'Ненецкий АО', 'NEN', 1);
	INSERT INTO `zone` VALUES (2765, 176, 'Республика Ингушетия', 'IN', 1);
	INSERT INTO `zone` VALUES (2766, 176, 'Нижегородская область', 'NIZ', 1);
	INSERT INTO `zone` VALUES (2767, 176, 'Новгородская область', 'NGR', 1);
	INSERT INTO `zone` VALUES (2768, 176, 'Новосибирская область', 'NVS', 1);
	INSERT INTO `zone` VALUES (2769, 176, 'Омская область', 'OMS', 1);
	INSERT INTO `zone` VALUES (2770, 176, 'Орловская область', 'ORL', 1);
	INSERT INTO `zone` VALUES (2771, 176, 'Оренбургская область', 'ORE', 1);
	INSERT INTO `zone` VALUES (2772, 176, 'Корякский АО', 'KOR', 1);
	INSERT INTO `zone` VALUES (2773, 176, 'Пензенская область', 'PNZ', 1);
	INSERT INTO `zone` VALUES (2774, 176, 'Пермский край', 'PER', 1);
	INSERT INTO `zone` VALUES (2775, 176, 'Камчатский край', 'KAM', 1);
	INSERT INTO `zone` VALUES (2776, 176, 'Республика Карелия', 'KR', 1);
	INSERT INTO `zone` VALUES (2777, 176, 'Псковская область', 'PSK', 1);
	INSERT INTO `zone` VALUES (2778, 176, 'Ростовская область', 'ROS', 1);
	INSERT INTO `zone` VALUES (2779, 176, 'Рязанская область', 'RYA', 1);
	INSERT INTO `zone` VALUES (2780, 176, 'Ямало-Ненецкий АО', 'YAN', 1);
	INSERT INTO `zone` VALUES (2781, 176, 'Самарская область', 'SAM', 1);
	INSERT INTO `zone` VALUES (2782, 176, 'Республика Мордовия', 'MO', 1);
	INSERT INTO `zone` VALUES (2783, 176, 'Саратовская область', 'SAR', 1);
	INSERT INTO `zone` VALUES (2784, 176, 'Смоленская область', 'SMO', 1);
	INSERT INTO `zone` VALUES (2785, 176, 'Санкт-Петербург', 'SPE', 1);
	INSERT INTO `zone` VALUES (2786, 176, 'Ставропольский край', 'STA', 1);
	INSERT INTO `zone` VALUES (2787, 176, 'Республика Коми', 'KO', 1);
	INSERT INTO `zone` VALUES (2788, 176, 'Тамбовская область', 'TAM', 1);
	INSERT INTO `zone` VALUES (2789, 176, 'Томская область', 'TOM', 1);
	INSERT INTO `zone` VALUES (2790, 176, 'Тульская область', 'TUL', 1);
	INSERT INTO `zone` VALUES (2791, 176, 'Ленинградская область', 'LEN', 1);
	INSERT INTO `zone` VALUES (2792, 176, 'Тверская область', 'TVE', 1);
	INSERT INTO `zone` VALUES (2793, 176, 'Тюменская область', 'TYU', 1);
	INSERT INTO `zone` VALUES (2794, 176, 'Республика Башкортостан', 'BA', 1);
	INSERT INTO `zone` VALUES (2795, 176, 'Ульяновская область', 'ULY', 1);
	INSERT INTO `zone` VALUES (2796, 176, 'Республика Бурятия', 'BU', 1);
	INSERT INTO `zone` VALUES (2798, 176, 'Республика Северная Осетия', 'SE', 1);
	INSERT INTO `zone` VALUES (2799, 176, 'Владимирская область', 'VLA', 1);
	INSERT INTO `zone` VALUES (2800, 176, 'Приморский край', 'PRI', 1);
	INSERT INTO `zone` VALUES (2801, 176, 'Волгоградская область', 'VGG', 1);
	INSERT INTO `zone` VALUES (2802, 176, 'Вологодская область', 'VLG', 1);
	INSERT INTO `zone` VALUES (2803, 176, 'Воронежская область', 'VOR', 1);
	INSERT INTO `zone` VALUES (2804, 176, 'Кировская область', 'KIR', 1);
	INSERT INTO `zone` VALUES (2805, 176, 'Республика  Саха / Якутия', 'SA', 1);
	INSERT INTO `zone` VALUES (2806, 176, 'Ярославская область', 'YAR', 1);
	INSERT INTO `zone` VALUES (2807, 176, 'Свердловская область', 'SVE', 1);
	INSERT INTO `zone` VALUES (2808, 176, 'Республика Марий Эл', 'ME', 1);
	INSERT INTO `zone` VALUES (2809, 177, 'Butare', 'BU', 1);
	INSERT INTO `zone` VALUES (2810, 177, 'Byumba', 'BY', 1);
	INSERT INTO `zone` VALUES (2811, 177, 'Cyangugu', 'CY', 1);
	INSERT INTO `zone` VALUES (2812, 177, 'Gikongoro', 'GK', 1);
	INSERT INTO `zone` VALUES (2813, 177, 'Gisenyi', 'GS', 1);
	INSERT INTO `zone` VALUES (2814, 177, 'Gitarama', 'GT', 1);
	INSERT INTO `zone` VALUES (2815, 177, 'Kibungo', 'KG', 1);
	INSERT INTO `zone` VALUES (2816, 177, 'Kibuye', 'KY', 1);
	INSERT INTO `zone` VALUES (2817, 177, 'Kigali Rurale', 'KR', 1);
	INSERT INTO `zone` VALUES (2818, 177, 'Kigali-ville', 'KV', 1);
	INSERT INTO `zone` VALUES (2819, 177, 'Ruhengeri', 'RU', 1);
	INSERT INTO `zone` VALUES (2820, 177, 'Umutara', 'UM', 1);
	INSERT INTO `zone` VALUES (2821, 178, 'Christ Church Nichola Town', 'CCN', 1);
	INSERT INTO `zone` VALUES (2822, 178, 'Saint Anne Sandy Point', 'SAS', 1);
	INSERT INTO `zone` VALUES (2823, 178, 'Saint George Basseterre', 'SGB', 1);
	INSERT INTO `zone` VALUES (2824, 178, 'Saint George Gingerland', 'SGG', 1);
	INSERT INTO `zone` VALUES (2825, 178, 'Saint James Windward', 'SJW', 1);
	INSERT INTO `zone` VALUES (2826, 178, 'Saint John Capesterre', 'SJC', 1);
	INSERT INTO `zone` VALUES (2827, 178, 'Saint John Figtree', 'SJF', 1);
	INSERT INTO `zone` VALUES (2828, 178, 'Saint Mary Cayon', 'SMC', 1);
	INSERT INTO `zone` VALUES (2829, 178, 'Saint Paul Capesterre', 'CAP', 1);
	INSERT INTO `zone` VALUES (2830, 178, 'Saint Paul Charlestown', 'CHA', 1);
	INSERT INTO `zone` VALUES (2831, 178, 'Saint Peter Basseterre', 'SPB', 1);
	INSERT INTO `zone` VALUES (2832, 178, 'Saint Thomas Lowland', 'STL', 1);
	INSERT INTO `zone` VALUES (2833, 178, 'Saint Thomas Middle Island', 'STM', 1);
	INSERT INTO `zone` VALUES (2834, 178, 'Trinity Palmetto Point', 'TPP', 1);
	INSERT INTO `zone` VALUES (2835, 179, 'Anse-la-Raye', 'AR', 1);
	INSERT INTO `zone` VALUES (2836, 179, 'Castries', 'CA', 1);
	INSERT INTO `zone` VALUES (2837, 179, 'Choiseul', 'CH', 1);
	INSERT INTO `zone` VALUES (2838, 179, 'Dauphin', 'DA', 1);
	INSERT INTO `zone` VALUES (2839, 179, 'Dennery', 'DE', 1);
	INSERT INTO `zone` VALUES (2840, 179, 'Gros-Islet', 'GI', 1);
	INSERT INTO `zone` VALUES (2841, 179, 'Laborie', 'LA', 1);
	INSERT INTO `zone` VALUES (2842, 179, 'Micoud', 'MI', 1);
	INSERT INTO `zone` VALUES (2843, 179, 'Praslin', 'PR', 1);
	INSERT INTO `zone` VALUES (2844, 179, 'Soufriere', 'SO', 1);
	INSERT INTO `zone` VALUES (2845, 179, 'Vieux-Fort', 'VF', 1);
	INSERT INTO `zone` VALUES (2846, 180, 'Charlotte', 'C', 1);
	INSERT INTO `zone` VALUES (2847, 180, 'Grenadines', 'R', 1);
	INSERT INTO `zone` VALUES (2848, 180, 'Saint Andrew', 'A', 1);
	INSERT INTO `zone` VALUES (2849, 180, 'Saint David', 'D', 1);
	INSERT INTO `zone` VALUES (2850, 180, 'Saint George', 'G', 1);
	INSERT INTO `zone` VALUES (2851, 180, 'Saint Patrick', 'P', 1);
	INSERT INTO `zone` VALUES (2852, 181, 'A\'ana', 'AN', 1);
	INSERT INTO `zone` VALUES (2853, 181, 'Aiga-i-le-Tai', 'AI', 1);
	INSERT INTO `zone` VALUES (2854, 181, 'Atua', 'AT', 1);
	INSERT INTO `zone` VALUES (2855, 181, 'Fa\'asaleleaga', 'FA', 1);
	INSERT INTO `zone` VALUES (2856, 181, 'Gaga\'emauga', 'GE', 1);
	INSERT INTO `zone` VALUES (2857, 181, 'Gagaifomauga', 'GF', 1);
	INSERT INTO `zone` VALUES (2858, 181, 'Palauli', 'PA', 1);
	INSERT INTO `zone` VALUES (2859, 181, 'Satupa\'itea', 'SA', 1);
	INSERT INTO `zone` VALUES (2860, 181, 'Tuamasaga', 'TU', 1);
	INSERT INTO `zone` VALUES (2861, 181, 'Va\'a-o-Fonoti', 'VF', 1);
	INSERT INTO `zone` VALUES (2862, 181, 'Vaisigano', 'VS', 1);
	INSERT INTO `zone` VALUES (2863, 182, 'Acquaviva', 'AC', 1);
	INSERT INTO `zone` VALUES (2864, 182, 'Borgo Maggiore', 'BM', 1);
	INSERT INTO `zone` VALUES (2865, 182, 'Chiesanuova', 'CH', 1);
	INSERT INTO `zone` VALUES (2866, 182, 'Domagnano', 'DO', 1);
	INSERT INTO `zone` VALUES (2867, 182, 'Faetano', 'FA', 1);
	INSERT INTO `zone` VALUES (2868, 182, 'Fiorentino', 'FI', 1);
	INSERT INTO `zone` VALUES (2869, 182, 'Montegiardino', 'MO', 1);
	INSERT INTO `zone` VALUES (2870, 182, 'Citta di San Marino', 'SM', 1);
	INSERT INTO `zone` VALUES (2871, 182, 'Serravalle', 'SE', 1);
	INSERT INTO `zone` VALUES (2872, 183, 'Sao Tome', 'S', 1);
	INSERT INTO `zone` VALUES (2873, 183, 'Principe', 'P', 1);
	INSERT INTO `zone` VALUES (2874, 184, 'Al Bahah', 'BH', 1);
	INSERT INTO `zone` VALUES (2875, 184, 'Al Hudud ash Shamaliyah', 'HS', 1);
	INSERT INTO `zone` VALUES (2876, 184, 'Al Jawf', 'JF', 1);
	INSERT INTO `zone` VALUES (2877, 184, 'Al Madinah', 'MD', 1);
	INSERT INTO `zone` VALUES (2878, 184, 'Al Qasim', 'QS', 1);
	INSERT INTO `zone` VALUES (2879, 184, 'Ar Riyad', 'RD', 1);
	INSERT INTO `zone` VALUES (2880, 184, 'Ash Sharqiyah (Eastern)', 'AQ', 1);
	INSERT INTO `zone` VALUES (2881, 184, '\'Asir', 'AS', 1);
	INSERT INTO `zone` VALUES (2882, 184, 'Ha\'il', 'HL', 1);
	INSERT INTO `zone` VALUES (2883, 184, 'Jizan', 'JZ', 1);
	INSERT INTO `zone` VALUES (2884, 184, 'Makkah', 'ML', 1);
	INSERT INTO `zone` VALUES (2885, 184, 'Najran', 'NR', 1);
	INSERT INTO `zone` VALUES (2886, 184, 'Tabuk', 'TB', 1);
	INSERT INTO `zone` VALUES (2887, 185, 'Dakar', 'DA', 1);
	INSERT INTO `zone` VALUES (2888, 185, 'Diourbel', 'DI', 1);
	INSERT INTO `zone` VALUES (2889, 185, 'Fatick', 'FA', 1);
	INSERT INTO `zone` VALUES (2890, 185, 'Kaolack', 'KA', 1);
	INSERT INTO `zone` VALUES (2891, 185, 'Kolda', 'KO', 1);
	INSERT INTO `zone` VALUES (2892, 185, 'Louga', 'LO', 1);
	INSERT INTO `zone` VALUES (2893, 185, 'Matam', 'MA', 1);
	INSERT INTO `zone` VALUES (2894, 185, 'Saint-Louis', 'SL', 1);
	INSERT INTO `zone` VALUES (2895, 185, 'Tambacounda', 'TA', 1);
	INSERT INTO `zone` VALUES (2896, 185, 'Thies', 'TH', 1);
	INSERT INTO `zone` VALUES (2897, 185, 'Ziguinchor', 'ZI', 1);
	INSERT INTO `zone` VALUES (2898, 186, 'Anse aux Pins', 'AP', 1);
	INSERT INTO `zone` VALUES (2899, 186, 'Anse Boileau', 'AB', 1);
	INSERT INTO `zone` VALUES (2900, 186, 'Anse Etoile', 'AE', 1);
	INSERT INTO `zone` VALUES (2901, 186, 'Anse Louis', 'AL', 1);
	INSERT INTO `zone` VALUES (2902, 186, 'Anse Royale', 'AR', 1);
	INSERT INTO `zone` VALUES (2903, 186, 'Baie Lazare', 'BL', 1);
	INSERT INTO `zone` VALUES (2904, 186, 'Baie Sainte Anne', 'BS', 1);
	INSERT INTO `zone` VALUES (2905, 186, 'Beau Vallon', 'BV', 1);
	INSERT INTO `zone` VALUES (2906, 186, 'Bel Air', 'BA', 1);
	INSERT INTO `zone` VALUES (2907, 186, 'Bel Ombre', 'BO', 1);
	INSERT INTO `zone` VALUES (2908, 186, 'Cascade', 'CA', 1);
	INSERT INTO `zone` VALUES (2909, 186, 'Glacis', 'GL', 1);
	INSERT INTO `zone` VALUES (2910, 186, 'Grand\' Anse (on Mahe)', 'GM', 1);
	INSERT INTO `zone` VALUES (2911, 186, 'Grand\' Anse (on Praslin)', 'GP', 1);
	INSERT INTO `zone` VALUES (2912, 186, 'La Digue', 'DG', 1);
	INSERT INTO `zone` VALUES (2913, 186, 'La Riviere Anglaise', 'RA', 1);
	INSERT INTO `zone` VALUES (2914, 186, 'Mont Buxton', 'MB', 1);
	INSERT INTO `zone` VALUES (2915, 186, 'Mont Fleuri', 'MF', 1);
	INSERT INTO `zone` VALUES (2916, 186, 'Plaisance', 'PL', 1);
	INSERT INTO `zone` VALUES (2917, 186, 'Pointe La Rue', 'PR', 1);
	INSERT INTO `zone` VALUES (2918, 186, 'Port Glaud', 'PG', 1);
	INSERT INTO `zone` VALUES (2919, 186, 'Saint Louis', 'SL', 1);
	INSERT INTO `zone` VALUES (2920, 186, 'Takamaka', 'TA', 1);
	INSERT INTO `zone` VALUES (2921, 187, 'Eastern', 'E', 1);
	INSERT INTO `zone` VALUES (2922, 187, 'Northern', 'N', 1);
	INSERT INTO `zone` VALUES (2923, 187, 'Southern', 'S', 1);
	INSERT INTO `zone` VALUES (2924, 187, 'Western', 'W', 1);
	INSERT INTO `zone` VALUES (2925, 189, 'Banskobystrický', 'BA', 1);
	INSERT INTO `zone` VALUES (2926, 189, 'Bratislavský', 'BR', 1);
	INSERT INTO `zone` VALUES (2927, 189, 'Košický', 'KO', 1);
	INSERT INTO `zone` VALUES (2928, 189, 'Nitriansky', 'NI', 1);
	INSERT INTO `zone` VALUES (2929, 189, 'Prešovský', 'PR', 1);
	INSERT INTO `zone` VALUES (2930, 189, 'Trenčiansky', 'TC', 1);
	INSERT INTO `zone` VALUES (2931, 189, 'Trnavský', 'TV', 1);
	INSERT INTO `zone` VALUES (2932, 189, 'Žilinský', 'ZI', 1);
	INSERT INTO `zone` VALUES (2933, 191, 'Central', 'CE', 1);
	INSERT INTO `zone` VALUES (2934, 191, 'Choiseul', 'CH', 1);
	INSERT INTO `zone` VALUES (2935, 191, 'Guadalcanal', 'GC', 1);
	INSERT INTO `zone` VALUES (2936, 191, 'Honiara', 'HO', 1);
	INSERT INTO `zone` VALUES (2937, 191, 'Isabel', 'IS', 1);
	INSERT INTO `zone` VALUES (2938, 191, 'Makira', 'MK', 1);
	INSERT INTO `zone` VALUES (2939, 191, 'Malaita', 'ML', 1);
	INSERT INTO `zone` VALUES (2940, 191, 'Rennell and Bellona', 'RB', 1);
	INSERT INTO `zone` VALUES (2941, 191, 'Temotu', 'TM', 1);
	INSERT INTO `zone` VALUES (2942, 191, 'Western', 'WE', 1);
	INSERT INTO `zone` VALUES (2943, 192, 'Awdal', 'AW', 1);
	INSERT INTO `zone` VALUES (2944, 192, 'Bakool', 'BK', 1);
	INSERT INTO `zone` VALUES (2945, 192, 'Banaadir', 'BN', 1);
	INSERT INTO `zone` VALUES (2946, 192, 'Bari', 'BR', 1);
	INSERT INTO `zone` VALUES (2947, 192, 'Bay', 'BY', 1);
	INSERT INTO `zone` VALUES (2948, 192, 'Galguduud', 'GA', 1);
	INSERT INTO `zone` VALUES (2949, 192, 'Gedo', 'GE', 1);
	INSERT INTO `zone` VALUES (2950, 192, 'Hiiraan', 'HI', 1);
	INSERT INTO `zone` VALUES (2951, 192, 'Jubbada Dhexe', 'JD', 1);
	INSERT INTO `zone` VALUES (2952, 192, 'Jubbada Hoose', 'JH', 1);
	INSERT INTO `zone` VALUES (2953, 192, 'Mudug', 'MU', 1);
	INSERT INTO `zone` VALUES (2954, 192, 'Nugaal', 'NU', 1);
	INSERT INTO `zone` VALUES (2955, 192, 'Sanaag', 'SA', 1);
	INSERT INTO `zone` VALUES (2956, 192, 'Shabeellaha Dhexe', 'SD', 1);
	INSERT INTO `zone` VALUES (2957, 192, 'Shabeellaha Hoose', 'SH', 1);
	INSERT INTO `zone` VALUES (2958, 192, 'Sool', 'SL', 1);
	INSERT INTO `zone` VALUES (2959, 192, 'Togdheer', 'TO', 1);
	INSERT INTO `zone` VALUES (2960, 192, 'Woqooyi Galbeed', 'WG', 1);
	INSERT INTO `zone` VALUES (2961, 193, 'Eastern Cape', 'EC', 1);
	INSERT INTO `zone` VALUES (2962, 193, 'Free State', 'FS', 1);
	INSERT INTO `zone` VALUES (2963, 193, 'Gauteng', 'GT', 1);
	INSERT INTO `zone` VALUES (2964, 193, 'KwaZulu-Natal', 'KN', 1);
	INSERT INTO `zone` VALUES (2965, 193, 'Limpopo', 'LP', 1);
	INSERT INTO `zone` VALUES (2966, 193, 'Mpumalanga', 'MP', 1);
	INSERT INTO `zone` VALUES (2967, 193, 'North West', 'NW', 1);
	INSERT INTO `zone` VALUES (2968, 193, 'Northern Cape', 'NC', 1);
	INSERT INTO `zone` VALUES (2969, 193, 'Western Cape', 'WC', 1);
	INSERT INTO `zone` VALUES (2970, 195, 'La Coru&ntilde;a', 'CA', 1);
	INSERT INTO `zone` VALUES (2971, 195, '&Aacute;lava', 'AL', 1);
	INSERT INTO `zone` VALUES (2972, 195, 'Albacete', 'AB', 1);
	INSERT INTO `zone` VALUES (2973, 195, 'Alicante', 'AC', 1);
	INSERT INTO `zone` VALUES (2974, 195, 'Almeria', 'AM', 1);
	INSERT INTO `zone` VALUES (2975, 195, 'Asturias', 'AS', 1);
	INSERT INTO `zone` VALUES (2976, 195, '&Aacute;vila', 'AV', 1);
	INSERT INTO `zone` VALUES (2977, 195, 'Badajoz', 'BJ', 1);
	INSERT INTO `zone` VALUES (2978, 195, 'Baleares', 'IB', 1);
	INSERT INTO `zone` VALUES (2979, 195, 'Barcelona', 'BA', 1);
	INSERT INTO `zone` VALUES (2980, 195, 'Burgos', 'BU', 1);
	INSERT INTO `zone` VALUES (2981, 195, 'C&aacute;ceres', 'CC', 1);
	INSERT INTO `zone` VALUES (2982, 195, 'C&aacute;diz', 'CZ', 1);
	INSERT INTO `zone` VALUES (2983, 195, 'Cantabria', 'CT', 1);
	INSERT INTO `zone` VALUES (2984, 195, 'Castell&oacute;n', 'CL', 1);
	INSERT INTO `zone` VALUES (2985, 195, 'Ceuta', 'CE', 1);
	INSERT INTO `zone` VALUES (2986, 195, 'Ciudad Real', 'CR', 1);
	INSERT INTO `zone` VALUES (2987, 195, 'C&oacute;rdoba', 'CD', 1);
	INSERT INTO `zone` VALUES (2988, 195, 'Cuenca', 'CU', 1);
	INSERT INTO `zone` VALUES (2989, 195, 'Girona', 'GI', 1);
	INSERT INTO `zone` VALUES (2990, 195, 'Granada', 'GD', 1);
	INSERT INTO `zone` VALUES (2991, 195, 'Guadalajara', 'GJ', 1);
	INSERT INTO `zone` VALUES (2992, 195, 'Guip&uacute;zcoa', 'GP', 1);
	INSERT INTO `zone` VALUES (2993, 195, 'Huelva', 'HL', 1);
	INSERT INTO `zone` VALUES (2994, 195, 'Huesca', 'HS', 1);
	INSERT INTO `zone` VALUES (2995, 195, 'Ja&eacute;n', 'JN', 1);
	INSERT INTO `zone` VALUES (2996, 195, 'La Rioja', 'RJ', 1);
	INSERT INTO `zone` VALUES (2997, 195, 'Las Palmas', 'PM', 1);
	INSERT INTO `zone` VALUES (2998, 195, 'Leon', 'LE', 1);
	INSERT INTO `zone` VALUES (2999, 195, 'Lleida', 'LL', 1);
	INSERT INTO `zone` VALUES (3000, 195, 'Lugo', 'LG', 1);
	INSERT INTO `zone` VALUES (3001, 195, 'Madrid', 'MD', 1);
	INSERT INTO `zone` VALUES (3002, 195, 'Malaga', 'MA', 1);
	INSERT INTO `zone` VALUES (3003, 195, 'Melilla', 'ML', 1);
	INSERT INTO `zone` VALUES (3004, 195, 'Murcia', 'MU', 1);
	INSERT INTO `zone` VALUES (3005, 195, 'Navarra', 'NV', 1);
	INSERT INTO `zone` VALUES (3006, 195, 'Ourense', 'OU', 1);
	INSERT INTO `zone` VALUES (3007, 195, 'Palencia', 'PL', 1);
	INSERT INTO `zone` VALUES (3008, 195, 'Pontevedra', 'PO', 1);
	INSERT INTO `zone` VALUES (3009, 195, 'Salamanca', 'SL', 1);
	INSERT INTO `zone` VALUES (3010, 195, 'Santa Cruz de Tenerife', 'SC', 1);
	INSERT INTO `zone` VALUES (3011, 195, 'Segovia', 'SG', 1);
	INSERT INTO `zone` VALUES (3012, 195, 'Sevilla', 'SV', 1);
	INSERT INTO `zone` VALUES (3013, 195, 'Soria', 'SO', 1);
	INSERT INTO `zone` VALUES (3014, 195, 'Tarragona', 'TA', 1);
	INSERT INTO `zone` VALUES (3015, 195, 'Teruel', 'TE', 1);
	INSERT INTO `zone` VALUES (3016, 195, 'Toledo', 'TO', 1);
	INSERT INTO `zone` VALUES (3017, 195, 'Valencia', 'VC', 1);
	INSERT INTO `zone` VALUES (3018, 195, 'Valladolid', 'VD', 1);
	INSERT INTO `zone` VALUES (3019, 195, 'Vizcaya', 'VZ', 1);
	INSERT INTO `zone` VALUES (3020, 195, 'Zamora', 'ZM', 1);
	INSERT INTO `zone` VALUES (3021, 195, 'Zaragoza', 'ZR', 1);
	INSERT INTO `zone` VALUES (3022, 196, 'Central', 'CE', 1);
	INSERT INTO `zone` VALUES (3023, 196, 'Eastern', 'EA', 1);
	INSERT INTO `zone` VALUES (3024, 196, 'North Central', 'NC', 1);
	INSERT INTO `zone` VALUES (3025, 196, 'Northern', 'NO', 1);
	INSERT INTO `zone` VALUES (3026, 196, 'North Western', 'NW', 1);
	INSERT INTO `zone` VALUES (3027, 196, 'Sabaragamuwa', 'SA', 1);
	INSERT INTO `zone` VALUES (3028, 196, 'Southern', 'SO', 1);
	INSERT INTO `zone` VALUES (3029, 196, 'Uva', 'UV', 1);
	INSERT INTO `zone` VALUES (3030, 196, 'Western', 'WE', 1);
	INSERT INTO `zone` VALUES (3032, 197, 'Saint Helena', 'S', 1);
	INSERT INTO `zone` VALUES (3034, 199, 'A\'ali an Nil', 'ANL', 1);
	INSERT INTO `zone` VALUES (3035, 199, 'Al Bahr al Ahmar', 'BAM', 1);
	INSERT INTO `zone` VALUES (3036, 199, 'Al Buhayrat', 'BRT', 1);
	INSERT INTO `zone` VALUES (3037, 199, 'Al Jazirah', 'JZR', 1);
	INSERT INTO `zone` VALUES (3038, 199, 'Al Khartum', 'KRT', 1);
	INSERT INTO `zone` VALUES (3039, 199, 'Al Qadarif', 'QDR', 1);
	INSERT INTO `zone` VALUES (3040, 199, 'Al Wahdah', 'WDH', 1);
	INSERT INTO `zone` VALUES (3041, 199, 'An Nil al Abyad', 'ANB', 1);
	INSERT INTO `zone` VALUES (3042, 199, 'An Nil al Azraq', 'ANZ', 1);
	INSERT INTO `zone` VALUES (3043, 199, 'Ash Shamaliyah', 'ASH', 1);
	INSERT INTO `zone` VALUES (3044, 199, 'Bahr al Jabal', 'BJA', 1);
	INSERT INTO `zone` VALUES (3045, 199, 'Gharb al Istiwa\'iyah', 'GIS', 1);
	INSERT INTO `zone` VALUES (3046, 199, 'Gharb Bahr al Ghazal', 'GBG', 1);
	INSERT INTO `zone` VALUES (3047, 199, 'Gharb Darfur', 'GDA', 1);
	INSERT INTO `zone` VALUES (3048, 199, 'Gharb Kurdufan', 'GKU', 1);
	INSERT INTO `zone` VALUES (3049, 199, 'Janub Darfur', 'JDA', 1);
	INSERT INTO `zone` VALUES (3050, 199, 'Janub Kurdufan', 'JKU', 1);
	INSERT INTO `zone` VALUES (3051, 199, 'Junqali', 'JQL', 1);
	INSERT INTO `zone` VALUES (3052, 199, 'Kassala', 'KSL', 1);
	INSERT INTO `zone` VALUES (3053, 199, 'Nahr an Nil', 'NNL', 1);
	INSERT INTO `zone` VALUES (3054, 199, 'Shamal Bahr al Ghazal', 'SBG', 1);
	INSERT INTO `zone` VALUES (3055, 199, 'Shamal Darfur', 'SDA', 1);
	INSERT INTO `zone` VALUES (3056, 199, 'Shamal Kurdufan', 'SKU', 1);
	INSERT INTO `zone` VALUES (3057, 199, 'Sharq al Istiwa\'iyah', 'SIS', 1);
	INSERT INTO `zone` VALUES (3058, 199, 'Sinnar', 'SNR', 1);
	INSERT INTO `zone` VALUES (3059, 199, 'Warab', 'WRB', 1);
	INSERT INTO `zone` VALUES (3060, 200, 'Brokopondo', 'BR', 1);
	INSERT INTO `zone` VALUES (3061, 200, 'Commewijne', 'CM', 1);
	INSERT INTO `zone` VALUES (3062, 200, 'Coronie', 'CR', 1);
	INSERT INTO `zone` VALUES (3063, 200, 'Marowijne', 'MA', 1);
	INSERT INTO `zone` VALUES (3064, 200, 'Nickerie', 'NI', 1);
	INSERT INTO `zone` VALUES (3065, 200, 'Para', 'PA', 1);
	INSERT INTO `zone` VALUES (3066, 200, 'Paramaribo', 'PM', 1);
	INSERT INTO `zone` VALUES (3067, 200, 'Saramacca', 'SA', 1);
	INSERT INTO `zone` VALUES (3068, 200, 'Sipaliwini', 'SI', 1);
	INSERT INTO `zone` VALUES (3069, 200, 'Wanica', 'WA', 1);
	INSERT INTO `zone` VALUES (3070, 202, 'Hhohho', 'H', 1);
	INSERT INTO `zone` VALUES (3071, 202, 'Lubombo', 'L', 1);
	INSERT INTO `zone` VALUES (3072, 202, 'Manzini', 'M', 1);
	INSERT INTO `zone` VALUES (3073, 202, 'Shishelweni', 'S', 1);
	INSERT INTO `zone` VALUES (3074, 203, 'Blekinge', 'K', 1);
	INSERT INTO `zone` VALUES (3075, 203, 'Dalarna', 'W', 1);
	INSERT INTO `zone` VALUES (3076, 203, 'G&auml;vleborg', 'X', 1);
	INSERT INTO `zone` VALUES (3077, 203, 'Gotland', 'I', 1);
	INSERT INTO `zone` VALUES (3078, 203, 'Halland', 'N', 1);
	INSERT INTO `zone` VALUES (3079, 203, 'J&auml;mtland', 'Z', 1);
	INSERT INTO `zone` VALUES (3080, 203, 'J&ouml;nk&ouml;ping', 'F', 1);
	INSERT INTO `zone` VALUES (3081, 203, 'Kalmar', 'H', 1);
	INSERT INTO `zone` VALUES (3082, 203, 'Kronoberg', 'G', 1);
	INSERT INTO `zone` VALUES (3083, 203, 'Norrbotten', 'BD', 1);
	INSERT INTO `zone` VALUES (3084, 203, '&Ouml;rebro', 'T', 1);
	INSERT INTO `zone` VALUES (3085, 203, '&Ouml;sterg&ouml;tland', 'E', 1);
	INSERT INTO `zone` VALUES (3086, 203, 'Sk&aring;ne', 'M', 1);
	INSERT INTO `zone` VALUES (3087, 203, 'S&ouml;dermanland', 'D', 1);
	INSERT INTO `zone` VALUES (3088, 203, 'Stockholm', 'AB', 1);
	INSERT INTO `zone` VALUES (3089, 203, 'Uppsala', 'C', 1);
	INSERT INTO `zone` VALUES (3090, 203, 'V&auml;rmland', 'S', 1);
	INSERT INTO `zone` VALUES (3091, 203, 'V&auml;sterbotten', 'AC', 1);
	INSERT INTO `zone` VALUES (3092, 203, 'V&auml;sternorrland', 'Y', 1);
	INSERT INTO `zone` VALUES (3093, 203, 'V&auml;stmanland', 'U', 1);
	INSERT INTO `zone` VALUES (3094, 203, 'V&auml;stra G&ouml;taland', 'O', 1);
	INSERT INTO `zone` VALUES (3095, 204, 'Aargau', 'AG', 1);
	INSERT INTO `zone` VALUES (3096, 204, 'Appenzell Ausserrhoden', 'AR', 1);
	INSERT INTO `zone` VALUES (3097, 204, 'Appenzell Innerrhoden', 'AI', 1);
	INSERT INTO `zone` VALUES (3098, 204, 'Basel-Stadt', 'BS', 1);
	INSERT INTO `zone` VALUES (3099, 204, 'Basel-Landschaft', 'BL', 1);
	INSERT INTO `zone` VALUES (3100, 204, 'Bern', 'BE', 1);
	INSERT INTO `zone` VALUES (3101, 204, 'Fribourg', 'FR', 1);
	INSERT INTO `zone` VALUES (3102, 204, 'Gen&egrave;ve', 'GE', 1);
	INSERT INTO `zone` VALUES (3103, 204, 'Glarus', 'GL', 1);
	INSERT INTO `zone` VALUES (3104, 204, 'Graub&uuml;nden', 'GR', 1);
	INSERT INTO `zone` VALUES (3105, 204, 'Jura', 'JU', 1);
	INSERT INTO `zone` VALUES (3106, 204, 'Luzern', 'LU', 1);
	INSERT INTO `zone` VALUES (3107, 204, 'Neuch&acirc;tel', 'NE', 1);
	INSERT INTO `zone` VALUES (3108, 204, 'Nidwald', 'NW', 1);
	INSERT INTO `zone` VALUES (3109, 204, 'Obwald', 'OW', 1);
	INSERT INTO `zone` VALUES (3110, 204, 'St. Gallen', 'SG', 1);
	INSERT INTO `zone` VALUES (3111, 204, 'Schaffhausen', 'SH', 1);
	INSERT INTO `zone` VALUES (3112, 204, 'Schwyz', 'SZ', 1);
	INSERT INTO `zone` VALUES (3113, 204, 'Solothurn', 'SO', 1);
	INSERT INTO `zone` VALUES (3114, 204, 'Thurgau', 'TG', 1);
	INSERT INTO `zone` VALUES (3115, 204, 'Ticino', 'TI', 1);
	INSERT INTO `zone` VALUES (3116, 204, 'Uri', 'UR', 1);
	INSERT INTO `zone` VALUES (3117, 204, 'Valais', 'VS', 1);
	INSERT INTO `zone` VALUES (3118, 204, 'Vaud', 'VD', 1);
	INSERT INTO `zone` VALUES (3119, 204, 'Zug', 'ZG', 1);
	INSERT INTO `zone` VALUES (3120, 204, 'Z&uuml;rich', 'ZH', 1);
	INSERT INTO `zone` VALUES (3121, 205, 'Al Hasakah', 'HA', 1);
	INSERT INTO `zone` VALUES (3122, 205, 'Al Ladhiqiyah', 'LA', 1);
	INSERT INTO `zone` VALUES (3123, 205, 'Al Qunaytirah', 'QU', 1);
	INSERT INTO `zone` VALUES (3124, 205, 'Ar Raqqah', 'RQ', 1);
	INSERT INTO `zone` VALUES (3125, 205, 'As Suwayda', 'SU', 1);
	INSERT INTO `zone` VALUES (3126, 205, 'Dara', 'DA', 1);
	INSERT INTO `zone` VALUES (3127, 205, 'Dayr az Zawr', 'DZ', 1);
	INSERT INTO `zone` VALUES (3128, 205, 'Dimashq', 'DI', 1);
	INSERT INTO `zone` VALUES (3129, 205, 'Halab', 'HL', 1);
	INSERT INTO `zone` VALUES (3130, 205, 'Hamah', 'HM', 1);
	INSERT INTO `zone` VALUES (3131, 205, 'Hims', 'HI', 1);
	INSERT INTO `zone` VALUES (3132, 205, 'Idlib', 'ID', 1);
	INSERT INTO `zone` VALUES (3133, 205, 'Rif Dimashq', 'RD', 1);
	INSERT INTO `zone` VALUES (3134, 205, 'Tartus', 'TA', 1);
	INSERT INTO `zone` VALUES (3135, 206, 'Chang-hua', 'CH', 1);
	INSERT INTO `zone` VALUES (3136, 206, 'Chia-i', 'CI', 1);
	INSERT INTO `zone` VALUES (3137, 206, 'Hsin-chu', 'HS', 1);
	INSERT INTO `zone` VALUES (3138, 206, 'Hua-lien', 'HL', 1);
	INSERT INTO `zone` VALUES (3139, 206, 'I-lan', 'IL', 1);
	INSERT INTO `zone` VALUES (3140, 206, 'Kao-hsiung county', 'KH', 1);
	INSERT INTO `zone` VALUES (3141, 206, 'Kin-men', 'KM', 1);
	INSERT INTO `zone` VALUES (3142, 206, 'Lien-chiang', 'LC', 1);
	INSERT INTO `zone` VALUES (3143, 206, 'Miao-li', 'ML', 1);
	INSERT INTO `zone` VALUES (3144, 206, 'Nan-t\'ou', 'NT', 1);
	INSERT INTO `zone` VALUES (3145, 206, 'P\'eng-hu', 'PH', 1);
	INSERT INTO `zone` VALUES (3146, 206, 'P\'ing-tung', 'PT', 1);
	INSERT INTO `zone` VALUES (3147, 206, 'T\'ai-chung', 'TG', 1);
	INSERT INTO `zone` VALUES (3148, 206, 'T\'ai-nan', 'TA', 1);
	INSERT INTO `zone` VALUES (3149, 206, 'T\'ai-pei county', 'TP', 1);
	INSERT INTO `zone` VALUES (3150, 206, 'T\'ai-tung', 'TT', 1);
	INSERT INTO `zone` VALUES (3151, 206, 'T\'ao-yuan', 'TY', 1);
	INSERT INTO `zone` VALUES (3152, 206, 'Yun-lin', 'YL', 1);
	INSERT INTO `zone` VALUES (3153, 206, 'Chia-i city', 'CC', 1);
	INSERT INTO `zone` VALUES (3154, 206, 'Chi-lung', 'CL', 1);
	INSERT INTO `zone` VALUES (3155, 206, 'Hsin-chu', 'HC', 1);
	INSERT INTO `zone` VALUES (3156, 206, 'T\'ai-chung', 'TH', 1);
	INSERT INTO `zone` VALUES (3157, 206, 'T\'ai-nan', 'TN', 1);
	INSERT INTO `zone` VALUES (3158, 206, 'Kao-hsiung city', 'KC', 1);
	INSERT INTO `zone` VALUES (3159, 206, 'T\'ai-pei city', 'TC', 1);
	INSERT INTO `zone` VALUES (3160, 207, 'Gorno-Badakhstan', 'GB', 1);
	INSERT INTO `zone` VALUES (3161, 207, 'Khatlon', 'KT', 1);
	INSERT INTO `zone` VALUES (3162, 207, 'Sughd', 'SU', 1);
	INSERT INTO `zone` VALUES (3163, 208, 'Arusha', 'AR', 1);
	INSERT INTO `zone` VALUES (3164, 208, 'Dar es Salaam', 'DS', 1);
	INSERT INTO `zone` VALUES (3165, 208, 'Dodoma', 'DO', 1);
	INSERT INTO `zone` VALUES (3166, 208, 'Iringa', 'IR', 1);
	INSERT INTO `zone` VALUES (3167, 208, 'Kagera', 'KA', 1);
	INSERT INTO `zone` VALUES (3168, 208, 'Kigoma', 'KI', 1);
	INSERT INTO `zone` VALUES (3169, 208, 'Kilimanjaro', 'KJ', 1);
	INSERT INTO `zone` VALUES (3170, 208, 'Lindi', 'LN', 1);
	INSERT INTO `zone` VALUES (3171, 208, 'Manyara', 'MY', 1);
	INSERT INTO `zone` VALUES (3172, 208, 'Mara', 'MR', 1);
	INSERT INTO `zone` VALUES (3173, 208, 'Mbeya', 'MB', 1);
	INSERT INTO `zone` VALUES (3174, 208, 'Morogoro', 'MO', 1);
	INSERT INTO `zone` VALUES (3175, 208, 'Mtwara', 'MT', 1);
	INSERT INTO `zone` VALUES (3176, 208, 'Mwanza', 'MW', 1);
	INSERT INTO `zone` VALUES (3177, 208, 'Pemba North', 'PN', 1);
	INSERT INTO `zone` VALUES (3178, 208, 'Pemba South', 'PS', 1);
	INSERT INTO `zone` VALUES (3179, 208, 'Pwani', 'PW', 1);
	INSERT INTO `zone` VALUES (3180, 208, 'Rukwa', 'RK', 1);
	INSERT INTO `zone` VALUES (3181, 208, 'Ruvuma', 'RV', 1);
	INSERT INTO `zone` VALUES (3182, 208, 'Shinyanga', 'SH', 1);
	INSERT INTO `zone` VALUES (3183, 208, 'Singida', 'SI', 1);
	INSERT INTO `zone` VALUES (3184, 208, 'Tabora', 'TB', 1);
	INSERT INTO `zone` VALUES (3185, 208, 'Tanga', 'TN', 1);
	INSERT INTO `zone` VALUES (3186, 208, 'Zanzibar Central/South', 'ZC', 1);
	INSERT INTO `zone` VALUES (3187, 208, 'Zanzibar North', 'ZN', 1);
	INSERT INTO `zone` VALUES (3188, 208, 'Zanzibar Urban/West', 'ZU', 1);
	INSERT INTO `zone` VALUES (3189, 209, 'Amnat Charoen', 'Amnat Charoen', 1);
	INSERT INTO `zone` VALUES (3190, 209, 'Ang Thong', 'Ang Thong', 1);
	INSERT INTO `zone` VALUES (3191, 209, 'Ayutthaya', 'Ayutthaya', 1);
	INSERT INTO `zone` VALUES (3192, 209, 'Bangkok', 'Bangkok', 1);
	INSERT INTO `zone` VALUES (3193, 209, 'Buriram', 'Buriram', 1);
	INSERT INTO `zone` VALUES (3194, 209, 'Chachoengsao', 'Chachoengsao', 1);
	INSERT INTO `zone` VALUES (3195, 209, 'Chai Nat', 'Chai Nat', 1);
	INSERT INTO `zone` VALUES (3196, 209, 'Chaiyaphum', 'Chaiyaphum', 1);
	INSERT INTO `zone` VALUES (3197, 209, 'Chanthaburi', 'Chanthaburi', 1);
	INSERT INTO `zone` VALUES (3198, 209, 'Chiang Mai', 'Chiang Mai', 1);
	INSERT INTO `zone` VALUES (3199, 209, 'Chiang Rai', 'Chiang Rai', 1);
	INSERT INTO `zone` VALUES (3200, 209, 'Chon Buri', 'Chon Buri', 1);
	INSERT INTO `zone` VALUES (3201, 209, 'Chumphon', 'Chumphon', 1);
	INSERT INTO `zone` VALUES (3202, 209, 'Kalasin', 'Kalasin', 1);
	INSERT INTO `zone` VALUES (3203, 209, 'Kamphaeng Phet', 'Kamphaeng Phet', 1);
	INSERT INTO `zone` VALUES (3204, 209, 'Kanchanaburi', 'Kanchanaburi', 1);
	INSERT INTO `zone` VALUES (3205, 209, 'Khon Kaen', 'Khon Kaen', 1);
	INSERT INTO `zone` VALUES (3206, 209, 'Krabi', 'Krabi', 1);
	INSERT INTO `zone` VALUES (3207, 209, 'Lampang', 'Lampang', 1);
	INSERT INTO `zone` VALUES (3208, 209, 'Lamphun', 'Lamphun', 1);
	INSERT INTO `zone` VALUES (3209, 209, 'Loei', 'Loei', 1);
	INSERT INTO `zone` VALUES (3210, 209, 'Lop Buri', 'Lop Buri', 1);
	INSERT INTO `zone` VALUES (3211, 209, 'Mae Hong Son', 'Mae Hong Son', 1);
	INSERT INTO `zone` VALUES (3212, 209, 'Maha Sarakham', 'Maha Sarakham', 1);
	INSERT INTO `zone` VALUES (3213, 209, 'Mukdahan', 'Mukdahan', 1);
	INSERT INTO `zone` VALUES (3214, 209, 'Nakhon Nayok', 'Nakhon Nayok', 1);
	INSERT INTO `zone` VALUES (3215, 209, 'Nakhon Pathom', 'Nakhon Pathom', 1);
	INSERT INTO `zone` VALUES (3216, 209, 'Nakhon Phanom', 'Nakhon Phanom', 1);
	INSERT INTO `zone` VALUES (3217, 209, 'Nakhon Ratchasima', 'Nakhon Ratchasima', 1);
	INSERT INTO `zone` VALUES (3218, 209, 'Nakhon Sawan', 'Nakhon Sawan', 1);
	INSERT INTO `zone` VALUES (3219, 209, 'Nakhon Si Thammarat', 'Nakhon Si Thammarat', 1);
	INSERT INTO `zone` VALUES (3220, 209, 'Nan', 'Nan', 1);
	INSERT INTO `zone` VALUES (3221, 209, 'Narathiwat', 'Narathiwat', 1);
	INSERT INTO `zone` VALUES (3222, 209, 'Nong Bua Lamphu', 'Nong Bua Lamphu', 1);
	INSERT INTO `zone` VALUES (3223, 209, 'Nong Khai', 'Nong Khai', 1);
	INSERT INTO `zone` VALUES (3224, 209, 'Nonthaburi', 'Nonthaburi', 1);
	INSERT INTO `zone` VALUES (3225, 209, 'Pathum Thani', 'Pathum Thani', 1);
	INSERT INTO `zone` VALUES (3226, 209, 'Pattani', 'Pattani', 1);
	INSERT INTO `zone` VALUES (3227, 209, 'Phangnga', 'Phangnga', 1);
	INSERT INTO `zone` VALUES (3228, 209, 'Phatthalung', 'Phatthalung', 1);
	INSERT INTO `zone` VALUES (3229, 209, 'Phayao', 'Phayao', 1);
	INSERT INTO `zone` VALUES (3230, 209, 'Phetchabun', 'Phetchabun', 1);
	INSERT INTO `zone` VALUES (3231, 209, 'Phetchaburi', 'Phetchaburi', 1);
	INSERT INTO `zone` VALUES (3232, 209, 'Phichit', 'Phichit', 1);
	INSERT INTO `zone` VALUES (3233, 209, 'Phitsanulok', 'Phitsanulok', 1);
	INSERT INTO `zone` VALUES (3234, 209, 'Phrae', 'Phrae', 1);
	INSERT INTO `zone` VALUES (3235, 209, 'Phuket', 'Phuket', 1);
	INSERT INTO `zone` VALUES (3236, 209, 'Prachin Buri', 'Prachin Buri', 1);
	INSERT INTO `zone` VALUES (3237, 209, 'Prachuap Khiri Khan', 'Prachuap Khiri Khan', 1);
	INSERT INTO `zone` VALUES (3238, 209, 'Ranong', 'Ranong', 1);
	INSERT INTO `zone` VALUES (3239, 209, 'Ratchaburi', 'Ratchaburi', 1);
	INSERT INTO `zone` VALUES (3240, 209, 'Rayong', 'Rayong', 1);
	INSERT INTO `zone` VALUES (3241, 209, 'Roi Et', 'Roi Et', 1);
	INSERT INTO `zone` VALUES (3242, 209, 'Sa Kaeo', 'Sa Kaeo', 1);
	INSERT INTO `zone` VALUES (3243, 209, 'Sakon Nakhon', 'Sakon Nakhon', 1);
	INSERT INTO `zone` VALUES (3244, 209, 'Samut Prakan', 'Samut Prakan', 1);
	INSERT INTO `zone` VALUES (3245, 209, 'Samut Sakhon', 'Samut Sakhon', 1);
	INSERT INTO `zone` VALUES (3246, 209, 'Samut Songkhram', 'Samut Songkhram', 1);
	INSERT INTO `zone` VALUES (3247, 209, 'Sara Buri', 'Sara Buri', 1);
	INSERT INTO `zone` VALUES (3248, 209, 'Satun', 'Satun', 1);
	INSERT INTO `zone` VALUES (3249, 209, 'Sing Buri', 'Sing Buri', 1);
	INSERT INTO `zone` VALUES (3250, 209, 'Sisaket', 'Sisaket', 1);
	INSERT INTO `zone` VALUES (3251, 209, 'Songkhla', 'Songkhla', 1);
	INSERT INTO `zone` VALUES (3252, 209, 'Sukhothai', 'Sukhothai', 1);
	INSERT INTO `zone` VALUES (3253, 209, 'Suphan Buri', 'Suphan Buri', 1);
	INSERT INTO `zone` VALUES (3254, 209, 'Surat Thani', 'Surat Thani', 1);
	INSERT INTO `zone` VALUES (3255, 209, 'Surin', 'Surin', 1);
	INSERT INTO `zone` VALUES (3256, 209, 'Tak', 'Tak', 1);
	INSERT INTO `zone` VALUES (3257, 209, 'Trang', 'Trang', 1);
	INSERT INTO `zone` VALUES (3258, 209, 'Trat', 'Trat', 1);
	INSERT INTO `zone` VALUES (3259, 209, 'Ubon Ratchathani', 'Ubon Ratchathani', 1);
	INSERT INTO `zone` VALUES (3260, 209, 'Udon Thani', 'Udon Thani', 1);
	INSERT INTO `zone` VALUES (3261, 209, 'Uthai Thani', 'Uthai Thani', 1);
	INSERT INTO `zone` VALUES (3262, 209, 'Uttaradit', 'Uttaradit', 1);
	INSERT INTO `zone` VALUES (3263, 209, 'Yala', 'Yala', 1);
	INSERT INTO `zone` VALUES (3264, 209, 'Yasothon', 'Yasothon', 1);
	INSERT INTO `zone` VALUES (3265, 210, 'Kara', 'K', 1);
	INSERT INTO `zone` VALUES (3266, 210, 'Plateaux', 'P', 1);
	INSERT INTO `zone` VALUES (3267, 210, 'Savanes', 'S', 1);
	INSERT INTO `zone` VALUES (3268, 210, 'Centrale', 'C', 1);
	INSERT INTO `zone` VALUES (3269, 210, 'Maritime', 'M', 1);
	INSERT INTO `zone` VALUES (3270, 211, 'Atafu', 'A', 1);
	INSERT INTO `zone` VALUES (3271, 211, 'Fakaofo', 'F', 1);
	INSERT INTO `zone` VALUES (3272, 211, 'Nukunonu', 'N', 1);
	INSERT INTO `zone` VALUES (3273, 212, 'Ha\'apai', 'H', 1);
	INSERT INTO `zone` VALUES (3274, 212, 'Tongatapu', 'T', 1);
	INSERT INTO `zone` VALUES (3275, 212, 'Vava\'u', 'V', 1);
	INSERT INTO `zone` VALUES (3276, 213, 'Couva/Tabaquite/Talparo', 'CT', 1);
	INSERT INTO `zone` VALUES (3277, 213, 'Diego Martin', 'DM', 1);
	INSERT INTO `zone` VALUES (3278, 213, 'Mayaro/Rio Claro', 'MR', 1);
	INSERT INTO `zone` VALUES (3279, 213, 'Penal/Debe', 'PD', 1);
	INSERT INTO `zone` VALUES (3280, 213, 'Princes Town', 'PT', 1);
	INSERT INTO `zone` VALUES (3281, 213, 'Sangre Grande', 'SG', 1);
	INSERT INTO `zone` VALUES (3282, 213, 'San Juan/Laventille', 'SL', 1);
	INSERT INTO `zone` VALUES (3283, 213, 'Siparia', 'SI', 1);
	INSERT INTO `zone` VALUES (3284, 213, 'Tunapuna/Piarco', 'TP', 1);
	INSERT INTO `zone` VALUES (3285, 213, 'Port of Spain', 'PS', 1);
	INSERT INTO `zone` VALUES (3286, 213, 'San Fernando', 'SF', 1);
	INSERT INTO `zone` VALUES (3287, 213, 'Arima', 'AR', 1);
	INSERT INTO `zone` VALUES (3288, 213, 'Point Fortin', 'PF', 1);
	INSERT INTO `zone` VALUES (3289, 213, 'Chaguanas', 'CH', 1);
	INSERT INTO `zone` VALUES (3290, 213, 'Tobago', 'TO', 1);
	INSERT INTO `zone` VALUES (3291, 214, 'Ariana', 'AR', 1);
	INSERT INTO `zone` VALUES (3292, 214, 'Beja', 'BJ', 1);
	INSERT INTO `zone` VALUES (3293, 214, 'Ben Arous', 'BA', 1);
	INSERT INTO `zone` VALUES (3294, 214, 'Bizerte', 'BI', 1);
	INSERT INTO `zone` VALUES (3295, 214, 'Gabes', 'GB', 1);
	INSERT INTO `zone` VALUES (3296, 214, 'Gafsa', 'GF', 1);
	INSERT INTO `zone` VALUES (3297, 214, 'Jendouba', 'JE', 1);
	INSERT INTO `zone` VALUES (3298, 214, 'Kairouan', 'KR', 1);
	INSERT INTO `zone` VALUES (3299, 214, 'Kasserine', 'KS', 1);
	INSERT INTO `zone` VALUES (3300, 214, 'Kebili', 'KB', 1);
	INSERT INTO `zone` VALUES (3301, 214, 'Kef', 'KF', 1);
	INSERT INTO `zone` VALUES (3302, 214, 'Mahdia', 'MH', 1);
	INSERT INTO `zone` VALUES (3303, 214, 'Manouba', 'MN', 1);
	INSERT INTO `zone` VALUES (3304, 214, 'Medenine', 'ME', 1);
	INSERT INTO `zone` VALUES (3305, 214, 'Monastir', 'MO', 1);
	INSERT INTO `zone` VALUES (3306, 214, 'Nabeul', 'NA', 1);
	INSERT INTO `zone` VALUES (3307, 214, 'Sfax', 'SF', 1);
	INSERT INTO `zone` VALUES (3308, 214, 'Sidi', 'SD', 1);
	INSERT INTO `zone` VALUES (3309, 214, 'Siliana', 'SL', 1);
	INSERT INTO `zone` VALUES (3310, 214, 'Sousse', 'SO', 1);
	INSERT INTO `zone` VALUES (3311, 214, 'Tataouine', 'TA', 1);
	INSERT INTO `zone` VALUES (3312, 214, 'Tozeur', 'TO', 1);
	INSERT INTO `zone` VALUES (3313, 214, 'Tunis', 'TU', 1);
	INSERT INTO `zone` VALUES (3314, 214, 'Zaghouan', 'ZA', 1);
	INSERT INTO `zone` VALUES (3315, 215, 'Adana', 'ADA', 1);
	INSERT INTO `zone` VALUES (3316, 215, 'Adıyaman', 'ADI', 1);
	INSERT INTO `zone` VALUES (3317, 215, 'Afyonkarahisar', 'AFY', 1);
	INSERT INTO `zone` VALUES (3318, 215, 'Ağrı', 'AGR', 1);
	INSERT INTO `zone` VALUES (3319, 215, 'Aksaray', 'AKS', 1);
	INSERT INTO `zone` VALUES (3320, 215, 'Amasya', 'AMA', 1);
	INSERT INTO `zone` VALUES (3321, 215, 'Ankara', 'ANK', 1);
	INSERT INTO `zone` VALUES (3322, 215, 'Antalya', 'ANT', 1);
	INSERT INTO `zone` VALUES (3323, 215, 'Ardahan', 'ARD', 1);
	INSERT INTO `zone` VALUES (3324, 215, 'Artvin', 'ART', 1);
	INSERT INTO `zone` VALUES (3325, 215, 'Aydın', 'AYI', 1);
	INSERT INTO `zone` VALUES (3326, 215, 'Balıkesir', 'BAL', 1);
	INSERT INTO `zone` VALUES (3327, 215, 'Bartın', 'BAR', 1);
	INSERT INTO `zone` VALUES (3328, 215, 'Batman', 'BAT', 1);
	INSERT INTO `zone` VALUES (3329, 215, 'Bayburt', 'BAY', 1);
	INSERT INTO `zone` VALUES (3330, 215, 'Bilecik', 'BIL', 1);
	INSERT INTO `zone` VALUES (3331, 215, 'Bingöl', 'BIN', 1);
	INSERT INTO `zone` VALUES (3332, 215, 'Bitlis', 'BIT', 1);
	INSERT INTO `zone` VALUES (3333, 215, 'Bolu', 'BOL', 1);
	INSERT INTO `zone` VALUES (3334, 215, 'Burdur', 'BRD', 1);
	INSERT INTO `zone` VALUES (3335, 215, 'Bursa', 'BRS', 1);
	INSERT INTO `zone` VALUES (3336, 215, 'Çanakkale', 'CKL', 1);
	INSERT INTO `zone` VALUES (3337, 215, 'Çankırı', 'CKR', 1);
	INSERT INTO `zone` VALUES (3338, 215, 'Çorum', 'COR', 1);
	INSERT INTO `zone` VALUES (3339, 215, 'Denizli', 'DEN', 1);
	INSERT INTO `zone` VALUES (3340, 215, 'Diyarbakır', 'DIY', 1);
	INSERT INTO `zone` VALUES (3341, 215, 'Düzce', 'DUZ', 1);
	INSERT INTO `zone` VALUES (3342, 215, 'Edirne', 'EDI', 1);
	INSERT INTO `zone` VALUES (3343, 215, 'Elazığ', 'ELA', 1);
	INSERT INTO `zone` VALUES (3344, 215, 'Erzincan', 'EZC', 1);
	INSERT INTO `zone` VALUES (3345, 215, 'Erzurum', 'EZR', 1);
	INSERT INTO `zone` VALUES (3346, 215, 'Eskişehir', 'ESK', 1);
	INSERT INTO `zone` VALUES (3347, 215, 'Gaziantep', 'GAZ', 1);
	INSERT INTO `zone` VALUES (3348, 215, 'Giresun', 'GIR', 1);
	INSERT INTO `zone` VALUES (3349, 215, 'Gümüşhane', 'GMS', 1);
	INSERT INTO `zone` VALUES (3350, 215, 'Hakkari', 'HKR', 1);
	INSERT INTO `zone` VALUES (3351, 215, 'Hatay', 'HTY', 1);
	INSERT INTO `zone` VALUES (3352, 215, 'Iğdır', 'IGD', 1);
	INSERT INTO `zone` VALUES (3353, 215, 'Isparta', 'ISP', 1);
	INSERT INTO `zone` VALUES (3354, 215, 'İstanbul', 'IST', 1);
	INSERT INTO `zone` VALUES (3355, 215, 'İzmir', 'IZM', 1);
	INSERT INTO `zone` VALUES (3356, 215, 'Kahramanmaraş', 'KAH', 1);
	INSERT INTO `zone` VALUES (3357, 215, 'Karabük', 'KRB', 1);
	INSERT INTO `zone` VALUES (3358, 215, 'Karaman', 'KRM', 1);
	INSERT INTO `zone` VALUES (3359, 215, 'Kars', 'KRS', 1);
	INSERT INTO `zone` VALUES (3360, 215, 'Kastamonu', 'KAS', 1);
	INSERT INTO `zone` VALUES (3361, 215, 'Kayseri', 'KAY', 1);
	INSERT INTO `zone` VALUES (3362, 215, 'Kilis', 'KLS', 1);
	INSERT INTO `zone` VALUES (3363, 215, 'Kırıkkale', 'KRK', 1);
	INSERT INTO `zone` VALUES (3364, 215, 'Kırklareli', 'KLR', 1);
	INSERT INTO `zone` VALUES (3365, 215, 'Kırşehir', 'KRH', 1);
	INSERT INTO `zone` VALUES (3366, 215, 'Kocaeli', 'KOC', 1);
	INSERT INTO `zone` VALUES (3367, 215, 'Konya', 'KON', 1);
	INSERT INTO `zone` VALUES (3368, 215, 'Kütahya', 'KUT', 1);
	INSERT INTO `zone` VALUES (3369, 215, 'Malatya', 'MAL', 1);
	INSERT INTO `zone` VALUES (3370, 215, 'Manisa', 'MAN', 1);
	INSERT INTO `zone` VALUES (3371, 215, 'Mardin', 'MAR', 1);
	INSERT INTO `zone` VALUES (3372, 215, 'Mersin', 'MER', 1);
	INSERT INTO `zone` VALUES (3373, 215, 'Muğla', 'MUG', 1);
	INSERT INTO `zone` VALUES (3374, 215, 'Muş', 'MUS', 1);
	INSERT INTO `zone` VALUES (3375, 215, 'Nevşehir', 'NEV', 1);
	INSERT INTO `zone` VALUES (3376, 215, 'Niğde', 'NIG', 1);
	INSERT INTO `zone` VALUES (3377, 215, 'Ordu', 'ORD', 1);
	INSERT INTO `zone` VALUES (3378, 215, 'Osmaniye', 'OSM', 1);
	INSERT INTO `zone` VALUES (3379, 215, 'Rize', 'RIZ', 1);
	INSERT INTO `zone` VALUES (3380, 215, 'Sakarya', 'SAK', 1);
	INSERT INTO `zone` VALUES (3381, 215, 'Samsun', 'SAM', 1);
	INSERT INTO `zone` VALUES (3382, 215, 'Şanlıurfa', 'SAN', 1);
	INSERT INTO `zone` VALUES (3383, 215, 'Siirt', 'SII', 1);
	INSERT INTO `zone` VALUES (3384, 215, 'Sinop', 'SIN', 1);
	INSERT INTO `zone` VALUES (3385, 215, 'Şırnak', 'SIR', 1);
	INSERT INTO `zone` VALUES (3386, 215, 'Sivas', 'SIV', 1);
	INSERT INTO `zone` VALUES (3387, 215, 'Tekirdağ', 'TEL', 1);
	INSERT INTO `zone` VALUES (3388, 215, 'Tokat', 'TOK', 1);
	INSERT INTO `zone` VALUES (3389, 215, 'Trabzon', 'TRA', 1);
	INSERT INTO `zone` VALUES (3390, 215, 'Tunceli', 'TUN', 1);
	INSERT INTO `zone` VALUES (3391, 215, 'Uşak', 'USK', 1);
	INSERT INTO `zone` VALUES (3392, 215, 'Van', 'VAN', 1);
	INSERT INTO `zone` VALUES (3393, 215, 'Yalova', 'YAL', 1);
	INSERT INTO `zone` VALUES (3394, 215, 'Yozgat', 'YOZ', 1);
	INSERT INTO `zone` VALUES (3395, 215, 'Zonguldak', 'ZON', 1);
	INSERT INTO `zone` VALUES (3396, 216, 'Ahal Welayaty', 'A', 1);
	INSERT INTO `zone` VALUES (3397, 216, 'Balkan Welayaty', 'B', 1);
	INSERT INTO `zone` VALUES (3398, 216, 'Dashhowuz Welayaty', 'D', 1);
	INSERT INTO `zone` VALUES (3399, 216, 'Lebap Welayaty', 'L', 1);
	INSERT INTO `zone` VALUES (3400, 216, 'Mary Welayaty', 'M', 1);
	INSERT INTO `zone` VALUES (3401, 217, 'Ambergris Cays', 'AC', 1);
	INSERT INTO `zone` VALUES (3402, 217, 'Dellis Cay', 'DC', 1);
	INSERT INTO `zone` VALUES (3403, 217, 'French Cay', 'FC', 1);
	INSERT INTO `zone` VALUES (3404, 217, 'Little Water Cay', 'LW', 1);
	INSERT INTO `zone` VALUES (3405, 217, 'Parrot Cay', 'RC', 1);
	INSERT INTO `zone` VALUES (3406, 217, 'Pine Cay', 'PN', 1);
	INSERT INTO `zone` VALUES (3407, 217, 'Salt Cay', 'SL', 1);
	INSERT INTO `zone` VALUES (3408, 217, 'Grand Turk', 'GT', 1);
	INSERT INTO `zone` VALUES (3409, 217, 'South Caicos', 'SC', 1);
	INSERT INTO `zone` VALUES (3410, 217, 'East Caicos', 'EC', 1);
	INSERT INTO `zone` VALUES (3411, 217, 'Middle Caicos', 'MC', 1);
	INSERT INTO `zone` VALUES (3412, 217, 'North Caicos', 'NC', 1);
	INSERT INTO `zone` VALUES (3413, 217, 'Providenciales', 'PR', 1);
	INSERT INTO `zone` VALUES (3414, 217, 'West Caicos', 'WC', 1);
	INSERT INTO `zone` VALUES (3415, 218, 'Nanumanga', 'NMG', 1);
	INSERT INTO `zone` VALUES (3416, 218, 'Niulakita', 'NLK', 1);
	INSERT INTO `zone` VALUES (3417, 218, 'Niutao', 'NTO', 1);
	INSERT INTO `zone` VALUES (3418, 218, 'Funafuti', 'FUN', 1);
	INSERT INTO `zone` VALUES (3419, 218, 'Nanumea', 'NME', 1);
	INSERT INTO `zone` VALUES (3420, 218, 'Nui', 'NUI', 1);
	INSERT INTO `zone` VALUES (3421, 218, 'Nukufetau', 'NFT', 1);
	INSERT INTO `zone` VALUES (3422, 218, 'Nukulaelae', 'NLL', 1);
	INSERT INTO `zone` VALUES (3423, 218, 'Vaitupu', 'VAI', 1);
	INSERT INTO `zone` VALUES (3424, 219, 'Kalangala', 'KAL', 1);
	INSERT INTO `zone` VALUES (3425, 219, 'Kampala', 'KMP', 1);
	INSERT INTO `zone` VALUES (3426, 219, 'Kayunga', 'KAY', 1);
	INSERT INTO `zone` VALUES (3427, 219, 'Kiboga', 'KIB', 1);
	INSERT INTO `zone` VALUES (3428, 219, 'Luwero', 'LUW', 1);
	INSERT INTO `zone` VALUES (3429, 219, 'Masaka', 'MAS', 1);
	INSERT INTO `zone` VALUES (3430, 219, 'Mpigi', 'MPI', 1);
	INSERT INTO `zone` VALUES (3431, 219, 'Mubende', 'MUB', 1);
	INSERT INTO `zone` VALUES (3432, 219, 'Mukono', 'MUK', 1);
	INSERT INTO `zone` VALUES (3433, 219, 'Nakasongola', 'NKS', 1);
	INSERT INTO `zone` VALUES (3434, 219, 'Rakai', 'RAK', 1);
	INSERT INTO `zone` VALUES (3435, 219, 'Sembabule', 'SEM', 1);
	INSERT INTO `zone` VALUES (3436, 219, 'Wakiso', 'WAK', 1);
	INSERT INTO `zone` VALUES (3437, 219, 'Bugiri', 'BUG', 1);
	INSERT INTO `zone` VALUES (3438, 219, 'Busia', 'BUS', 1);
	INSERT INTO `zone` VALUES (3439, 219, 'Iganga', 'IGA', 1);
	INSERT INTO `zone` VALUES (3440, 219, 'Jinja', 'JIN', 1);
	INSERT INTO `zone` VALUES (3441, 219, 'Kaberamaido', 'KAB', 1);
	INSERT INTO `zone` VALUES (3442, 219, 'Kamuli', 'KML', 1);
	INSERT INTO `zone` VALUES (3443, 219, 'Kapchorwa', 'KPC', 1);
	INSERT INTO `zone` VALUES (3444, 219, 'Katakwi', 'KTK', 1);
	INSERT INTO `zone` VALUES (3445, 219, 'Kumi', 'KUM', 1);
	INSERT INTO `zone` VALUES (3446, 219, 'Mayuge', 'MAY', 1);
	INSERT INTO `zone` VALUES (3447, 219, 'Mbale', 'MBA', 1);
	INSERT INTO `zone` VALUES (3448, 219, 'Pallisa', 'PAL', 1);
	INSERT INTO `zone` VALUES (3449, 219, 'Sironko', 'SIR', 1);
	INSERT INTO `zone` VALUES (3450, 219, 'Soroti', 'SOR', 1);
	INSERT INTO `zone` VALUES (3451, 219, 'Tororo', 'TOR', 1);
	INSERT INTO `zone` VALUES (3452, 219, 'Adjumani', 'ADJ', 1);
	INSERT INTO `zone` VALUES (3453, 219, 'Apac', 'APC', 1);
	INSERT INTO `zone` VALUES (3454, 219, 'Arua', 'ARU', 1);
	INSERT INTO `zone` VALUES (3455, 219, 'Gulu', 'GUL', 1);
	INSERT INTO `zone` VALUES (3456, 219, 'Kitgum', 'KIT', 1);
	INSERT INTO `zone` VALUES (3457, 219, 'Kotido', 'KOT', 1);
	INSERT INTO `zone` VALUES (3458, 219, 'Lira', 'LIR', 1);
	INSERT INTO `zone` VALUES (3459, 219, 'Moroto', 'MRT', 1);
	INSERT INTO `zone` VALUES (3460, 219, 'Moyo', 'MOY', 1);
	INSERT INTO `zone` VALUES (3461, 219, 'Nakapiripirit', 'NAK', 1);
	INSERT INTO `zone` VALUES (3462, 219, 'Nebbi', 'NEB', 1);
	INSERT INTO `zone` VALUES (3463, 219, 'Pader', 'PAD', 1);
	INSERT INTO `zone` VALUES (3464, 219, 'Yumbe', 'YUM', 1);
	INSERT INTO `zone` VALUES (3465, 219, 'Bundibugyo', 'BUN', 1);
	INSERT INTO `zone` VALUES (3466, 219, 'Bushenyi', 'BSH', 1);
	INSERT INTO `zone` VALUES (3467, 219, 'Hoima', 'HOI', 1);
	INSERT INTO `zone` VALUES (3468, 219, 'Kabale', 'KBL', 1);
	INSERT INTO `zone` VALUES (3469, 219, 'Kabarole', 'KAR', 1);
	INSERT INTO `zone` VALUES (3470, 219, 'Kamwenge', 'KAM', 1);
	INSERT INTO `zone` VALUES (3471, 219, 'Kanungu', 'KAN', 1);
	INSERT INTO `zone` VALUES (3472, 219, 'Kasese', 'KAS', 1);
	INSERT INTO `zone` VALUES (3473, 219, 'Kibaale', 'KBA', 1);
	INSERT INTO `zone` VALUES (3474, 219, 'Kisoro', 'KIS', 1);
	INSERT INTO `zone` VALUES (3475, 219, 'Kyenjojo', 'KYE', 1);
	INSERT INTO `zone` VALUES (3476, 219, 'Masindi', 'MSN', 1);
	INSERT INTO `zone` VALUES (3477, 219, 'Mbarara', 'MBR', 1);
	INSERT INTO `zone` VALUES (3478, 219, 'Ntungamo', 'NTU', 1);
	INSERT INTO `zone` VALUES (3479, 219, 'Rukungiri', 'RUK', 1);
	INSERT INTO `zone` VALUES (3480, 220, 'Черкасская область', '71', 1);
	INSERT INTO `zone` VALUES (3481, 220, 'Черниговская область', '74', 1);
	INSERT INTO `zone` VALUES (3482, 220, 'Черновицкая область', '77', 1);
	INSERT INTO `zone` VALUES (3483, 220, 'Крым', '43', 1);
	INSERT INTO `zone` VALUES (3484, 220, 'Днепропетровская область', '12', 1);
	INSERT INTO `zone` VALUES (3485, 220, 'Донецкая область', '14', 1);
	INSERT INTO `zone` VALUES (3486, 220, 'Ивано-Франковская область', '26', 1);
	INSERT INTO `zone` VALUES (3487, 220, 'Херсонская область', '65', 1);
	INSERT INTO `zone` VALUES (3488, 220, 'Хмельницкая область', '68', 1);
	INSERT INTO `zone` VALUES (3489, 220, 'Кировоградская область', '35', 1);
	INSERT INTO `zone` VALUES (3490, 220, 'Киев', '30', 1);
	INSERT INTO `zone` VALUES (3491, 220, 'Киевская область', '32', 1);
	INSERT INTO `zone` VALUES (3492, 220, 'Луганская область', '09', 1);
	INSERT INTO `zone` VALUES (3493, 220, 'Львовская область', '46', 1);
	INSERT INTO `zone` VALUES (3494, 220, 'Николаевская область', '48', 1);
	INSERT INTO `zone` VALUES (3495, 220, 'Одесская область', '51', 1);
	INSERT INTO `zone` VALUES (3496, 220, 'Полтавская область', '53', 1);
	INSERT INTO `zone` VALUES (3497, 220, 'Ровненская область', '56', 1);
	INSERT INTO `zone` VALUES (3498, 220, 'Севастополь', '40', 1);
	INSERT INTO `zone` VALUES (3499, 220, 'Сумская область', '59', 1);
	INSERT INTO `zone` VALUES (3500, 220, 'Тернопольская область', '61', 1);
	INSERT INTO `zone` VALUES (3501, 220, 'Винницкая область', '05', 1);
	INSERT INTO `zone` VALUES (3502, 220, 'Волынская область', '07', 1);
	INSERT INTO `zone` VALUES (3503, 220, 'Закарпатская область', '21', 1);
	INSERT INTO `zone` VALUES (3504, 220, 'Запорожская область', '23', 1);
	INSERT INTO `zone` VALUES (3505, 220, 'Житомирская область', '18', 1);
	INSERT INTO `zone` VALUES (3506, 221, 'Abu Zaby', 'AZ', 1);
	INSERT INTO `zone` VALUES (3507, 221, '\'Ajman', 'AJ', 1);
	INSERT INTO `zone` VALUES (3508, 221, 'Al Fujayrah', 'FU', 1);
	INSERT INTO `zone` VALUES (3509, 221, 'Ash Shariqah', 'SH', 1);
	INSERT INTO `zone` VALUES (3510, 221, 'Dubai', 'DU', 1);
	INSERT INTO `zone` VALUES (3511, 221, 'R\'as al Khaymah', 'RK', 1);
	INSERT INTO `zone` VALUES (3512, 221, 'Umm al Qaywayn', 'UQ', 1);
	INSERT INTO `zone` VALUES (3513, 222, 'Aberdeen', 'ABN', 1);
	INSERT INTO `zone` VALUES (3514, 222, 'Aberdeenshire', 'ABNS', 1);
	INSERT INTO `zone` VALUES (3515, 222, 'Anglesey', 'ANG', 1);
	INSERT INTO `zone` VALUES (3516, 222, 'Angus', 'AGS', 1);
	INSERT INTO `zone` VALUES (3517, 222, 'Argyll and Bute', 'ARY', 1);
	INSERT INTO `zone` VALUES (3518, 222, 'Bedfordshire', 'BEDS', 1);
	INSERT INTO `zone` VALUES (3519, 222, 'Berkshire', 'BERKS', 1);
	INSERT INTO `zone` VALUES (3520, 222, 'Blaenau Gwent', 'BLA', 1);
	INSERT INTO `zone` VALUES (3521, 222, 'Bridgend', 'BRI', 1);
	INSERT INTO `zone` VALUES (3522, 222, 'Bristol', 'BSTL', 1);
	INSERT INTO `zone` VALUES (3523, 222, 'Buckinghamshire', 'BUCKS', 1);
	INSERT INTO `zone` VALUES (3524, 222, 'Caerphilly', 'CAE', 1);
	INSERT INTO `zone` VALUES (3525, 222, 'Cambridgeshire', 'CAMBS', 1);
	INSERT INTO `zone` VALUES (3526, 222, 'Cardiff', 'CDF', 1);
	INSERT INTO `zone` VALUES (3527, 222, 'Carmarthenshire', 'CARM', 1);
	INSERT INTO `zone` VALUES (3528, 222, 'Ceredigion', 'CDGN', 1);
	INSERT INTO `zone` VALUES (3529, 222, 'Cheshire', 'CHES', 1);
	INSERT INTO `zone` VALUES (3530, 222, 'Clackmannanshire', 'CLACK', 1);
	INSERT INTO `zone` VALUES (3531, 222, 'Conwy', 'CON', 1);
	INSERT INTO `zone` VALUES (3532, 222, 'Cornwall', 'CORN', 1);
	INSERT INTO `zone` VALUES (3533, 222, 'Denbighshire', 'DNBG', 1);
	INSERT INTO `zone` VALUES (3534, 222, 'Derbyshire', 'DERBY', 1);
	INSERT INTO `zone` VALUES (3535, 222, 'Devon', 'DVN', 1);
	INSERT INTO `zone` VALUES (3536, 222, 'Dorset', 'DOR', 1);
	INSERT INTO `zone` VALUES (3537, 222, 'Dumfries and Galloway', 'DGL', 1);
	INSERT INTO `zone` VALUES (3538, 222, 'Dundee', 'DUND', 1);
	INSERT INTO `zone` VALUES (3539, 222, 'Durham', 'DHM', 1);
	INSERT INTO `zone` VALUES (3540, 222, 'East Ayrshire', 'ARYE', 1);
	INSERT INTO `zone` VALUES (3541, 222, 'East Dunbartonshire', 'DUNBE', 1);
	INSERT INTO `zone` VALUES (3542, 222, 'East Lothian', 'LOTE', 1);
	INSERT INTO `zone` VALUES (3543, 222, 'East Renfrewshire', 'RENE', 1);
	INSERT INTO `zone` VALUES (3544, 222, 'East Riding of Yorkshire', 'ERYS', 1);
	INSERT INTO `zone` VALUES (3545, 222, 'East Sussex', 'SXE', 1);
	INSERT INTO `zone` VALUES (3546, 222, 'Edinburgh', 'EDIN', 1);
	INSERT INTO `zone` VALUES (3547, 222, 'Essex', 'ESX', 1);
	INSERT INTO `zone` VALUES (3548, 222, 'Falkirk', 'FALK', 1);
	INSERT INTO `zone` VALUES (3549, 222, 'Fife', 'FFE', 1);
	INSERT INTO `zone` VALUES (3550, 222, 'Flintshire', 'FLINT', 1);
	INSERT INTO `zone` VALUES (3551, 222, 'Glasgow', 'GLAS', 1);
	INSERT INTO `zone` VALUES (3552, 222, 'Gloucestershire', 'GLOS', 1);
	INSERT INTO `zone` VALUES (3553, 222, 'Greater London', 'LDN', 1);
	INSERT INTO `zone` VALUES (3554, 222, 'Greater Manchester', 'MCH', 1);
	INSERT INTO `zone` VALUES (3555, 222, 'Gwynedd', 'GDD', 1);
	INSERT INTO `zone` VALUES (3556, 222, 'Hampshire', 'HANTS', 1);
	INSERT INTO `zone` VALUES (3557, 222, 'Herefordshire', 'HWR', 1);
	INSERT INTO `zone` VALUES (3558, 222, 'Hertfordshire', 'HERTS', 1);
	INSERT INTO `zone` VALUES (3559, 222, 'Highlands', 'HLD', 1);
	INSERT INTO `zone` VALUES (3560, 222, 'Inverclyde', 'IVER', 1);
	INSERT INTO `zone` VALUES (3561, 222, 'Isle of Wight', 'IOW', 1);
	INSERT INTO `zone` VALUES (3562, 222, 'Kent', 'KNT', 1);
	INSERT INTO `zone` VALUES (3563, 222, 'Lancashire', 'LANCS', 1);
	INSERT INTO `zone` VALUES (3564, 222, 'Leicestershire', 'LEICS', 1);
	INSERT INTO `zone` VALUES (3565, 222, 'Lincolnshire', 'LINCS', 1);
	INSERT INTO `zone` VALUES (3566, 222, 'Merseyside', 'MSY', 1);
	INSERT INTO `zone` VALUES (3567, 222, 'Merthyr Tydfil', 'MERT', 1);
	INSERT INTO `zone` VALUES (3568, 222, 'Midlothian', 'MLOT', 1);
	INSERT INTO `zone` VALUES (3569, 222, 'Monmouthshire', 'MMOUTH', 1);
	INSERT INTO `zone` VALUES (3570, 222, 'Moray', 'MORAY', 1);
	INSERT INTO `zone` VALUES (3571, 222, 'Neath Port Talbot', 'NPRTAL', 1);
	INSERT INTO `zone` VALUES (3572, 222, 'Newport', 'NEWPT', 1);
	INSERT INTO `zone` VALUES (3573, 222, 'Norfolk', 'NOR', 1);
	INSERT INTO `zone` VALUES (3574, 222, 'North Ayrshire', 'ARYN', 1);
	INSERT INTO `zone` VALUES (3575, 222, 'North Lanarkshire', 'LANN', 1);
	INSERT INTO `zone` VALUES (3576, 222, 'North Yorkshire', 'YSN', 1);
	INSERT INTO `zone` VALUES (3577, 222, 'Northamptonshire', 'NHM', 1);
	INSERT INTO `zone` VALUES (3578, 222, 'Northumberland', 'NLD', 1);
	INSERT INTO `zone` VALUES (3579, 222, 'Nottinghamshire', 'NOT', 1);
	INSERT INTO `zone` VALUES (3580, 222, 'Orkney Islands', 'ORK', 1);
	INSERT INTO `zone` VALUES (3581, 222, 'Oxfordshire', 'OFE', 1);
	INSERT INTO `zone` VALUES (3582, 222, 'Pembrokeshire', 'PEM', 1);
	INSERT INTO `zone` VALUES (3583, 222, 'Perth and Kinross', 'PERTH', 1);
	INSERT INTO `zone` VALUES (3584, 222, 'Powys', 'PWS', 1);
	INSERT INTO `zone` VALUES (3585, 222, 'Renfrewshire', 'REN', 1);
	INSERT INTO `zone` VALUES (3586, 222, 'Rhondda Cynon Taff', 'RHON', 1);
	INSERT INTO `zone` VALUES (3587, 222, 'Rutland', 'RUT', 1);
	INSERT INTO `zone` VALUES (3588, 222, 'Scottish Borders', 'BOR', 1);
	INSERT INTO `zone` VALUES (3589, 222, 'Shetland Islands', 'SHET', 1);
	INSERT INTO `zone` VALUES (3590, 222, 'Shropshire', 'SPE', 1);
	INSERT INTO `zone` VALUES (3591, 222, 'Somerset', 'SOM', 1);
	INSERT INTO `zone` VALUES (3592, 222, 'South Ayrshire', 'ARYS', 1);
	INSERT INTO `zone` VALUES (3593, 222, 'South Lanarkshire', 'LANS', 1);
	INSERT INTO `zone` VALUES (3594, 222, 'South Yorkshire', 'YSS', 1);
	INSERT INTO `zone` VALUES (3595, 222, 'Staffordshire', 'SFD', 1);
	INSERT INTO `zone` VALUES (3596, 222, 'Stirling', 'STIR', 1);
	INSERT INTO `zone` VALUES (3597, 222, 'Suffolk', 'SFK', 1);
	INSERT INTO `zone` VALUES (3598, 222, 'Surrey', 'SRY', 1);
	INSERT INTO `zone` VALUES (3599, 222, 'Swansea', 'SWAN', 1);
	INSERT INTO `zone` VALUES (3600, 222, 'Torfaen', 'TORF', 1);
	INSERT INTO `zone` VALUES (3601, 222, 'Tyne and Wear', 'TWR', 1);
	INSERT INTO `zone` VALUES (3602, 222, 'Vale of Glamorgan', 'VGLAM', 1);
	INSERT INTO `zone` VALUES (3603, 222, 'Warwickshire', 'WARKS', 1);
	INSERT INTO `zone` VALUES (3604, 222, 'West Dunbartonshire', 'WDUN', 1);
	INSERT INTO `zone` VALUES (3605, 222, 'West Lothian', 'WLOT', 1);
	INSERT INTO `zone` VALUES (3606, 222, 'West Midlands', 'WMD', 1);
	INSERT INTO `zone` VALUES (3607, 222, 'West Sussex', 'SXW', 1);
	INSERT INTO `zone` VALUES (3608, 222, 'West Yorkshire', 'YSW', 1);
	INSERT INTO `zone` VALUES (3609, 222, 'Western Isles', 'WIL', 1);
	INSERT INTO `zone` VALUES (3610, 222, 'Wiltshire', 'WLT', 1);
	INSERT INTO `zone` VALUES (3611, 222, 'Worcestershire', 'WORCS', 1);
	INSERT INTO `zone` VALUES (3612, 222, 'Wrexham', 'WRX', 1);
	INSERT INTO `zone` VALUES (3613, 223, 'Alabama', 'AL', 1);
	INSERT INTO `zone` VALUES (3614, 223, 'Alaska', 'AK', 1);
	INSERT INTO `zone` VALUES (3615, 223, 'American Samoa', 'AS', 1);
	INSERT INTO `zone` VALUES (3616, 223, 'Arizona', 'AZ', 1);
	INSERT INTO `zone` VALUES (3617, 223, 'Arkansas', 'AR', 1);
	INSERT INTO `zone` VALUES (3618, 223, 'Armed Forces Africa', 'AF', 1);
	INSERT INTO `zone` VALUES (3619, 223, 'Armed Forces Americas', 'AA', 1);
	INSERT INTO `zone` VALUES (3620, 223, 'Armed Forces Canada', 'AC', 1);
	INSERT INTO `zone` VALUES (3621, 223, 'Armed Forces Europe', 'AE', 1);
	INSERT INTO `zone` VALUES (3622, 223, 'Armed Forces Middle East', 'AM', 1);
	INSERT INTO `zone` VALUES (3623, 223, 'Armed Forces Pacific', 'AP', 1);
	INSERT INTO `zone` VALUES (3624, 223, 'California', 'CA', 1);
	INSERT INTO `zone` VALUES (3625, 223, 'Colorado', 'CO', 1);
	INSERT INTO `zone` VALUES (3626, 223, 'Connecticut', 'CT', 1);
	INSERT INTO `zone` VALUES (3627, 223, 'Delaware', 'DE', 1);
	INSERT INTO `zone` VALUES (3628, 223, 'District of Columbia', 'DC', 1);
	INSERT INTO `zone` VALUES (3629, 223, 'Federated States Of Micronesia', 'FM', 1);
	INSERT INTO `zone` VALUES (3630, 223, 'Florida', 'FL', 1);
	INSERT INTO `zone` VALUES (3631, 223, 'Georgia', 'GA', 1);
	INSERT INTO `zone` VALUES (3632, 223, 'Guam', 'GU', 1);
	INSERT INTO `zone` VALUES (3633, 223, 'Hawaii', 'HI', 1);
	INSERT INTO `zone` VALUES (3634, 223, 'Idaho', 'ID', 1);
	INSERT INTO `zone` VALUES (3635, 223, 'Illinois', 'IL', 1);
	INSERT INTO `zone` VALUES (3636, 223, 'Indiana', 'IN', 1);
	INSERT INTO `zone` VALUES (3637, 223, 'Iowa', 'IA', 1);
	INSERT INTO `zone` VALUES (3638, 223, 'Kansas', 'KS', 1);
	INSERT INTO `zone` VALUES (3639, 223, 'Kentucky', 'KY', 1);
	INSERT INTO `zone` VALUES (3640, 223, 'Louisiana', 'LA', 1);
	INSERT INTO `zone` VALUES (3641, 223, 'Maine', 'ME', 1);
	INSERT INTO `zone` VALUES (3642, 223, 'Marshall Islands', 'MH', 1);
	INSERT INTO `zone` VALUES (3643, 223, 'Maryland', 'MD', 1);
	INSERT INTO `zone` VALUES (3644, 223, 'Massachusetts', 'MA', 1);
	INSERT INTO `zone` VALUES (3645, 223, 'Michigan', 'MI', 1);
	INSERT INTO `zone` VALUES (3646, 223, 'Minnesota', 'MN', 1);
	INSERT INTO `zone` VALUES (3647, 223, 'Mississippi', 'MS', 1);
	INSERT INTO `zone` VALUES (3648, 223, 'Missouri', 'MO', 1);
	INSERT INTO `zone` VALUES (3649, 223, 'Montana', 'MT', 1);
	INSERT INTO `zone` VALUES (3650, 223, 'Nebraska', 'NE', 1);
	INSERT INTO `zone` VALUES (3651, 223, 'Nevada', 'NV', 1);
	INSERT INTO `zone` VALUES (3652, 223, 'New Hampshire', 'NH', 1);
	INSERT INTO `zone` VALUES (3653, 223, 'New Jersey', 'NJ', 1);
	INSERT INTO `zone` VALUES (3654, 223, 'New Mexico', 'NM', 1);
	INSERT INTO `zone` VALUES (3655, 223, 'New York', 'NY', 1);
	INSERT INTO `zone` VALUES (3656, 223, 'North Carolina', 'NC', 1);
	INSERT INTO `zone` VALUES (3657, 223, 'North Dakota', 'ND', 1);
	INSERT INTO `zone` VALUES (3658, 223, 'Northern Mariana Islands', 'MP', 1);
	INSERT INTO `zone` VALUES (3659, 223, 'Ohio', 'OH', 1);
	INSERT INTO `zone` VALUES (3660, 223, 'Oklahoma', 'OK', 1);
	INSERT INTO `zone` VALUES (3661, 223, 'Oregon', 'OR', 1);
	INSERT INTO `zone` VALUES (3662, 223, 'Palau', 'PW', 1);
	INSERT INTO `zone` VALUES (3663, 223, 'Pennsylvania', 'PA', 1);
	INSERT INTO `zone` VALUES (3664, 223, 'Puerto Rico', 'PR', 1);
	INSERT INTO `zone` VALUES (3665, 223, 'Rhode Island', 'RI', 1);
	INSERT INTO `zone` VALUES (3666, 223, 'South Carolina', 'SC', 1);
	INSERT INTO `zone` VALUES (3667, 223, 'South Dakota', 'SD', 1);
	INSERT INTO `zone` VALUES (3668, 223, 'Tennessee', 'TN', 1);
	INSERT INTO `zone` VALUES (3669, 223, 'Texas', 'TX', 1);
	INSERT INTO `zone` VALUES (3670, 223, 'Utah', 'UT', 1);
	INSERT INTO `zone` VALUES (3671, 223, 'Vermont', 'VT', 1);
	INSERT INTO `zone` VALUES (3672, 223, 'Virgin Islands', 'VI', 1);
	INSERT INTO `zone` VALUES (3673, 223, 'Virginia', 'VA', 1);
	INSERT INTO `zone` VALUES (3674, 223, 'Washington', 'WA', 1);
	INSERT INTO `zone` VALUES (3675, 223, 'West Virginia', 'WV', 1);
	INSERT INTO `zone` VALUES (3676, 223, 'Wisconsin', 'WI', 1);
	INSERT INTO `zone` VALUES (3677, 223, 'Wyoming', 'WY', 1);
	INSERT INTO `zone` VALUES (3678, 224, 'Baker Island', 'BI', 1);
	INSERT INTO `zone` VALUES (3679, 224, 'Howland Island', 'HI', 1);
	INSERT INTO `zone` VALUES (3680, 224, 'Jarvis Island', 'JI', 1);
	INSERT INTO `zone` VALUES (3681, 224, 'Johnston Atoll', 'JA', 1);
	INSERT INTO `zone` VALUES (3682, 224, 'Kingman Reef', 'KR', 1);
	INSERT INTO `zone` VALUES (3683, 224, 'Midway Atoll', 'MA', 1);
	INSERT INTO `zone` VALUES (3684, 224, 'Navassa Island', 'NI', 1);
	INSERT INTO `zone` VALUES (3685, 224, 'Palmyra Atoll', 'PA', 1);
	INSERT INTO `zone` VALUES (3686, 224, 'Wake Island', 'WI', 1);
	INSERT INTO `zone` VALUES (3687, 225, 'Artigas', 'AR', 1);
	INSERT INTO `zone` VALUES (3688, 225, 'Canelones', 'CA', 1);
	INSERT INTO `zone` VALUES (3689, 225, 'Cerro Largo', 'CL', 1);
	INSERT INTO `zone` VALUES (3690, 225, 'Colonia', 'CO', 1);
	INSERT INTO `zone` VALUES (3691, 225, 'Durazno', 'DU', 1);
	INSERT INTO `zone` VALUES (3692, 225, 'Flores', 'FS', 1);
	INSERT INTO `zone` VALUES (3693, 225, 'Florida', 'FA', 1);
	INSERT INTO `zone` VALUES (3694, 225, 'Lavalleja', 'LA', 1);
	INSERT INTO `zone` VALUES (3695, 225, 'Maldonado', 'MA', 1);
	INSERT INTO `zone` VALUES (3696, 225, 'Montevideo', 'MO', 1);
	INSERT INTO `zone` VALUES (3697, 225, 'Paysandu', 'PA', 1);
	INSERT INTO `zone` VALUES (3698, 225, 'Rio Negro', 'RN', 1);
	INSERT INTO `zone` VALUES (3699, 225, 'Rivera', 'RV', 1);
	INSERT INTO `zone` VALUES (3700, 225, 'Rocha', 'RO', 1);
	INSERT INTO `zone` VALUES (3701, 225, 'Salto', 'SL', 1);
	INSERT INTO `zone` VALUES (3702, 225, 'San Jose', 'SJ', 1);
	INSERT INTO `zone` VALUES (3703, 225, 'Soriano', 'SO', 1);
	INSERT INTO `zone` VALUES (3704, 225, 'Tacuarembo', 'TA', 1);
	INSERT INTO `zone` VALUES (3705, 225, 'Treinta y Tres', 'TT', 1);
	INSERT INTO `zone` VALUES (3706, 226, 'Andijon', 'AN', 1);
	INSERT INTO `zone` VALUES (3707, 226, 'Buxoro', 'BU', 1);
	INSERT INTO `zone` VALUES (3708, 226, 'Farg\'ona', 'FA', 1);
	INSERT INTO `zone` VALUES (3709, 226, 'Jizzax', 'JI', 1);
	INSERT INTO `zone` VALUES (3710, 226, 'Namangan', 'NG', 1);
	INSERT INTO `zone` VALUES (3711, 226, 'Navoiy', 'NW', 1);
	INSERT INTO `zone` VALUES (3712, 226, 'Qashqadaryo', 'QA', 1);
	INSERT INTO `zone` VALUES (3713, 226, 'Qoraqalpog\'iston Republikasi', 'QR', 1);
	INSERT INTO `zone` VALUES (3714, 226, 'Samarqand', 'SA', 1);
	INSERT INTO `zone` VALUES (3715, 226, 'Sirdaryo', 'SI', 1);
	INSERT INTO `zone` VALUES (3716, 226, 'Surxondaryo', 'SU', 1);
	INSERT INTO `zone` VALUES (3717, 226, 'Toshkent City', 'TK', 1);
	INSERT INTO `zone` VALUES (3718, 226, 'Toshkent Region', 'TO', 1);
	INSERT INTO `zone` VALUES (3719, 226, 'Xorazm', 'XO', 1);
	INSERT INTO `zone` VALUES (3720, 227, 'Malampa', 'MA', 1);
	INSERT INTO `zone` VALUES (3721, 227, 'Penama', 'PE', 1);
	INSERT INTO `zone` VALUES (3722, 227, 'Sanma', 'SA', 1);
	INSERT INTO `zone` VALUES (3723, 227, 'Shefa', 'SH', 1);
	INSERT INTO `zone` VALUES (3724, 227, 'Tafea', 'TA', 1);
	INSERT INTO `zone` VALUES (3725, 227, 'Torba', 'TO', 1);
	INSERT INTO `zone` VALUES (3726, 229, 'Amazonas', 'AM', 1);
	INSERT INTO `zone` VALUES (3727, 229, 'Anzoategui', 'AN', 1);
	INSERT INTO `zone` VALUES (3728, 229, 'Apure', 'AP', 1);
	INSERT INTO `zone` VALUES (3729, 229, 'Aragua', 'AR', 1);
	INSERT INTO `zone` VALUES (3730, 229, 'Barinas', 'BA', 1);
	INSERT INTO `zone` VALUES (3731, 229, 'Bolivar', 'BO', 1);
	INSERT INTO `zone` VALUES (3732, 229, 'Carabobo', 'CA', 1);
	INSERT INTO `zone` VALUES (3733, 229, 'Cojedes', 'CO', 1);
	INSERT INTO `zone` VALUES (3734, 229, 'Delta Amacuro', 'DA', 1);
	INSERT INTO `zone` VALUES (3735, 229, 'Dependencias Federales', 'DF', 1);
	INSERT INTO `zone` VALUES (3736, 229, 'Distrito Federal', 'DI', 1);
	INSERT INTO `zone` VALUES (3737, 229, 'Falcon', 'FA', 1);
	INSERT INTO `zone` VALUES (3738, 229, 'Guarico', 'GU', 1);
	INSERT INTO `zone` VALUES (3739, 229, 'Lara', 'LA', 1);
	INSERT INTO `zone` VALUES (3740, 229, 'Merida', 'ME', 1);
	INSERT INTO `zone` VALUES (3741, 229, 'Miranda', 'MI', 1);
	INSERT INTO `zone` VALUES (3742, 229, 'Monagas', 'MO', 1);
	INSERT INTO `zone` VALUES (3743, 229, 'Nueva Esparta', 'NE', 1);
	INSERT INTO `zone` VALUES (3744, 229, 'Portuguesa', 'PO', 1);
	INSERT INTO `zone` VALUES (3745, 229, 'Sucre', 'SU', 1);
	INSERT INTO `zone` VALUES (3746, 229, 'Tachira', 'TA', 1);
	INSERT INTO `zone` VALUES (3747, 229, 'Trujillo', 'TR', 1);
	INSERT INTO `zone` VALUES (3748, 229, 'Vargas', 'VA', 1);
	INSERT INTO `zone` VALUES (3749, 229, 'Yaracuy', 'YA', 1);
	INSERT INTO `zone` VALUES (3750, 229, 'Zulia', 'ZU', 1);
	INSERT INTO `zone` VALUES (3751, 230, 'An Giang', 'AG', 1);
	INSERT INTO `zone` VALUES (3752, 230, 'Bac Giang', 'BG', 1);
	INSERT INTO `zone` VALUES (3753, 230, 'Bac Kan', 'BK', 1);
	INSERT INTO `zone` VALUES (3754, 230, 'Bac Lieu', 'BL', 1);
	INSERT INTO `zone` VALUES (3755, 230, 'Bac Ninh', 'BC', 1);
	INSERT INTO `zone` VALUES (3756, 230, 'Ba Ria-Vung Tau', 'BR', 1);
	INSERT INTO `zone` VALUES (3757, 230, 'Ben Tre', 'BN', 1);
	INSERT INTO `zone` VALUES (3758, 230, 'Binh Dinh', 'BH', 1);
	INSERT INTO `zone` VALUES (3759, 230, 'Binh Duong', 'BU', 1);
	INSERT INTO `zone` VALUES (3760, 230, 'Binh Phuoc', 'BP', 1);
	INSERT INTO `zone` VALUES (3761, 230, 'Binh Thuan', 'BT', 1);
	INSERT INTO `zone` VALUES (3762, 230, 'Ca Mau', 'CM', 1);
	INSERT INTO `zone` VALUES (3763, 230, 'Can Tho', 'CT', 1);
	INSERT INTO `zone` VALUES (3764, 230, 'Cao Bang', 'CB', 1);
	INSERT INTO `zone` VALUES (3765, 230, 'Dak Lak', 'DL', 1);
	INSERT INTO `zone` VALUES (3766, 230, 'Dak Nong', 'DG', 1);
	INSERT INTO `zone` VALUES (3767, 230, 'Da Nang', 'DN', 1);
	INSERT INTO `zone` VALUES (3768, 230, 'Dien Bien', 'DB', 1);
	INSERT INTO `zone` VALUES (3769, 230, 'Dong Nai', 'DI', 1);
	INSERT INTO `zone` VALUES (3770, 230, 'Dong Thap', 'DT', 1);
	INSERT INTO `zone` VALUES (3771, 230, 'Gia Lai', 'GL', 1);
	INSERT INTO `zone` VALUES (3772, 230, 'Ha Giang', 'HG', 1);
	INSERT INTO `zone` VALUES (3773, 230, 'Hai Duong', 'HD', 1);
	INSERT INTO `zone` VALUES (3774, 230, 'Hai Phong', 'HP', 1);
	INSERT INTO `zone` VALUES (3775, 230, 'Ha Nam', 'HM', 1);
	INSERT INTO `zone` VALUES (3776, 230, 'Ha Noi', 'HI', 1);
	INSERT INTO `zone` VALUES (3777, 230, 'Ha Tay', 'HT', 1);
	INSERT INTO `zone` VALUES (3778, 230, 'Ha Tinh', 'HH', 1);
	INSERT INTO `zone` VALUES (3779, 230, 'Hoa Binh', 'HB', 1);
	INSERT INTO `zone` VALUES (3780, 230, 'Ho Chi Minh City', 'HC', 1);
	INSERT INTO `zone` VALUES (3781, 230, 'Hau Giang', 'HU', 1);
	INSERT INTO `zone` VALUES (3782, 230, 'Hung Yen', 'HY', 1);
	INSERT INTO `zone` VALUES (3783, 232, 'Saint Croix', 'C', 1);
	INSERT INTO `zone` VALUES (3784, 232, 'Saint John', 'J', 1);
	INSERT INTO `zone` VALUES (3785, 232, 'Saint Thomas', 'T', 1);
	INSERT INTO `zone` VALUES (3786, 233, 'Alo', 'A', 1);
	INSERT INTO `zone` VALUES (3787, 233, 'Sigave', 'S', 1);
	INSERT INTO `zone` VALUES (3788, 233, 'Wallis', 'W', 1);
	INSERT INTO `zone` VALUES (3789, 235, 'Abyan', 'AB', 1);
	INSERT INTO `zone` VALUES (3790, 235, 'Adan', 'AD', 1);
	INSERT INTO `zone` VALUES (3791, 235, 'Amran', 'AM', 1);
	INSERT INTO `zone` VALUES (3792, 235, 'Al Bayda', 'BA', 1);
	INSERT INTO `zone` VALUES (3793, 235, 'Ad Dali', 'DA', 1);
	INSERT INTO `zone` VALUES (3794, 235, 'Dhamar', 'DH', 1);
	INSERT INTO `zone` VALUES (3795, 235, 'Hadramawt', 'HD', 1);
	INSERT INTO `zone` VALUES (3796, 235, 'Hajjah', 'HJ', 1);
	INSERT INTO `zone` VALUES (3797, 235, 'Al Hudaydah', 'HU', 1);
	INSERT INTO `zone` VALUES (3798, 235, 'Ibb', 'IB', 1);
	INSERT INTO `zone` VALUES (3799, 235, 'Al Jawf', 'JA', 1);
	INSERT INTO `zone` VALUES (3800, 235, 'Lahij', 'LA', 1);
	INSERT INTO `zone` VALUES (3801, 235, 'Ma\'rib', 'MA', 1);
	INSERT INTO `zone` VALUES (3802, 235, 'Al Mahrah', 'MR', 1);
	INSERT INTO `zone` VALUES (3803, 235, 'Al Mahwit', 'MW', 1);
	INSERT INTO `zone` VALUES (3804, 235, 'Sa\'dah', 'SD', 1);
	INSERT INTO `zone` VALUES (3805, 235, 'San\'a', 'SN', 1);
	INSERT INTO `zone` VALUES (3806, 235, 'Shabwah', 'SH', 1);
	INSERT INTO `zone` VALUES (3807, 235, 'Ta\'izz', 'TA', 1);
	INSERT INTO `zone` VALUES (3812, 237, 'Bas-Congo', 'BC', 1);
	INSERT INTO `zone` VALUES (3813, 237, 'Bandundu', 'BN', 1);
	INSERT INTO `zone` VALUES (3814, 237, 'Equateur', 'EQ', 1);
	INSERT INTO `zone` VALUES (3815, 237, 'Katanga', 'KA', 1);
	INSERT INTO `zone` VALUES (3816, 237, 'Kasai-Oriental', 'KE', 1);
	INSERT INTO `zone` VALUES (3817, 237, 'Kinshasa', 'KN', 1);
	INSERT INTO `zone` VALUES (3818, 237, 'Kasai-Occidental', 'KW', 1);
	INSERT INTO `zone` VALUES (3819, 237, 'Maniema', 'MA', 1);
	INSERT INTO `zone` VALUES (3820, 237, 'Nord-Kivu', 'NK', 1);
	INSERT INTO `zone` VALUES (3821, 237, 'Orientale', 'OR', 1);
	INSERT INTO `zone` VALUES (3822, 237, 'Sud-Kivu', 'SK', 1);
	INSERT INTO `zone` VALUES (3823, 238, 'Central', 'CE', 1);
	INSERT INTO `zone` VALUES (3824, 238, 'Copperbelt', 'CB', 1);
	INSERT INTO `zone` VALUES (3825, 238, 'Eastern', 'EA', 1);
	INSERT INTO `zone` VALUES (3826, 238, 'Luapula', 'LP', 1);
	INSERT INTO `zone` VALUES (3827, 238, 'Lusaka', 'LK', 1);
	INSERT INTO `zone` VALUES (3828, 238, 'Northern', 'NO', 1);
	INSERT INTO `zone` VALUES (3829, 238, 'North-Western', 'NW', 1);
	INSERT INTO `zone` VALUES (3830, 238, 'Southern', 'SO', 1);
	INSERT INTO `zone` VALUES (3831, 238, 'Western', 'WE', 1);
	INSERT INTO `zone` VALUES (3832, 239, 'Bulawayo', 'BU', 1);
	INSERT INTO `zone` VALUES (3833, 239, 'Harare', 'HA', 1);
	INSERT INTO `zone` VALUES (3834, 239, 'Manicaland', 'ML', 1);
	INSERT INTO `zone` VALUES (3835, 239, 'Mashonaland Central', 'MC', 1);
	INSERT INTO `zone` VALUES (3836, 239, 'Mashonaland East', 'ME', 1);
	INSERT INTO `zone` VALUES (3837, 239, 'Mashonaland West', 'MW', 1);
	INSERT INTO `zone` VALUES (3838, 239, 'Masvingo', 'MV', 1);
	INSERT INTO `zone` VALUES (3839, 239, 'Matabeleland North', 'MN', 1);
	INSERT INTO `zone` VALUES (3840, 239, 'Matabeleland South', 'MS', 1);
	INSERT INTO `zone` VALUES (3841, 239, 'Midlands', 'MD', 1);
	INSERT INTO `zone` VALUES (3861, 105, 'Campobasso', 'CB', 1);
	INSERT INTO `zone` VALUES (3862, 105, 'Carbonia-Iglesias', 'CI', 1);
	INSERT INTO `zone` VALUES (3863, 105, 'Caserta', 'CE', 1);
	INSERT INTO `zone` VALUES (3864, 105, 'Catania', 'CT', 1);
	INSERT INTO `zone` VALUES (3865, 105, 'Catanzaro', 'CZ', 1);
	INSERT INTO `zone` VALUES (3866, 105, 'Chieti', 'CH', 1);
	INSERT INTO `zone` VALUES (3867, 105, 'Como', 'CO', 1);
	INSERT INTO `zone` VALUES (3868, 105, 'Cosenza', 'CS', 1);
	INSERT INTO `zone` VALUES (3869, 105, 'Cremona', 'CR', 1);
	INSERT INTO `zone` VALUES (3870, 105, 'Crotone', 'KR', 1);
	INSERT INTO `zone` VALUES (3871, 105, 'Cuneo', 'CN', 1);
	INSERT INTO `zone` VALUES (3872, 105, 'Enna', 'EN', 1);
	INSERT INTO `zone` VALUES (3873, 105, 'Ferrara', 'FE', 1);
	INSERT INTO `zone` VALUES (3874, 105, 'Firenze', 'FI', 1);
	INSERT INTO `zone` VALUES (3875, 105, 'Foggia', 'FG', 1);
	INSERT INTO `zone` VALUES (3876, 105, 'Forli-Cesena', 'FC', 1);
	INSERT INTO `zone` VALUES (3877, 105, 'Frosinone', 'FR', 1);
	INSERT INTO `zone` VALUES (3878, 105, 'Genova', 'GE', 1);
	INSERT INTO `zone` VALUES (3879, 105, 'Gorizia', 'GO', 1);
	INSERT INTO `zone` VALUES (3880, 105, 'Grosseto', 'GR', 1);
	INSERT INTO `zone` VALUES (3881, 105, 'Imperia', 'IM', 1);
	INSERT INTO `zone` VALUES (3882, 105, 'Isernia', 'IS', 1);
	INSERT INTO `zone` VALUES (3883, 105, 'L&#39;Aquila', 'AQ', 1);
	INSERT INTO `zone` VALUES (3884, 105, 'La Spezia', 'SP', 1);
	INSERT INTO `zone` VALUES (3885, 105, 'Latina', 'LT', 1);
	INSERT INTO `zone` VALUES (3886, 105, 'Lecce', 'LE', 1);
	INSERT INTO `zone` VALUES (3887, 105, 'Lecco', 'LC', 1);
	INSERT INTO `zone` VALUES (3888, 105, 'Livorno', 'LI', 1);
	INSERT INTO `zone` VALUES (3889, 105, 'Lodi', 'LO', 1);
	INSERT INTO `zone` VALUES (3890, 105, 'Lucca', 'LU', 1);
	INSERT INTO `zone` VALUES (3891, 105, 'Macerata', 'MC', 1);
	INSERT INTO `zone` VALUES (3892, 105, 'Mantova', 'MN', 1);
	INSERT INTO `zone` VALUES (3893, 105, 'Massa-Carrara', 'MS', 1);
	INSERT INTO `zone` VALUES (3894, 105, 'Matera', 'MT', 1);
	INSERT INTO `zone` VALUES (3895, 105, 'Medio Campidano', 'VS', 1);
	INSERT INTO `zone` VALUES (3896, 105, 'Messina', 'ME', 1);
	INSERT INTO `zone` VALUES (3897, 105, 'Milano', 'MI', 1);
	INSERT INTO `zone` VALUES (3898, 105, 'Modena', 'MO', 1);
	INSERT INTO `zone` VALUES (3899, 105, 'Napoli', 'NA', 1);
	INSERT INTO `zone` VALUES (3900, 105, 'Novara', 'NO', 1);
	INSERT INTO `zone` VALUES (3901, 105, 'Nuoro', 'NU', 1);
	INSERT INTO `zone` VALUES (3902, 105, 'Ogliastra', 'OG', 1);
	INSERT INTO `zone` VALUES (3903, 105, 'Olbia-Tempio', 'OT', 1);
	INSERT INTO `zone` VALUES (3904, 105, 'Oristano', 'OR', 1);
	INSERT INTO `zone` VALUES (3905, 105, 'Padova', 'PD', 1);
	INSERT INTO `zone` VALUES (3906, 105, 'Palermo', 'PA', 1);
	INSERT INTO `zone` VALUES (3907, 105, 'Parma', 'PR', 1);
	INSERT INTO `zone` VALUES (3908, 105, 'Pavia', 'PV', 1);
	INSERT INTO `zone` VALUES (3909, 105, 'Perugia', 'PG', 1);
	INSERT INTO `zone` VALUES (3910, 105, 'Pesaro e Urbino', 'PU', 1);
	INSERT INTO `zone` VALUES (3911, 105, 'Pescara', 'PE', 1);
	INSERT INTO `zone` VALUES (3912, 105, 'Piacenza', 'PC', 1);
	INSERT INTO `zone` VALUES (3913, 105, 'Pisa', 'PI', 1);
	INSERT INTO `zone` VALUES (3914, 105, 'Pistoia', 'PT', 1);
	INSERT INTO `zone` VALUES (3915, 105, 'Pordenone', 'PN', 1);
	INSERT INTO `zone` VALUES (3916, 105, 'Potenza', 'PZ', 1);
	INSERT INTO `zone` VALUES (3917, 105, 'Prato', 'PO', 1);
	INSERT INTO `zone` VALUES (3918, 105, 'Ragusa', 'RG', 1);
	INSERT INTO `zone` VALUES (3919, 105, 'Ravenna', 'RA', 1);
	INSERT INTO `zone` VALUES (3920, 105, 'Reggio Calabria', 'RC', 1);
	INSERT INTO `zone` VALUES (3921, 105, 'Reggio Emilia', 'RE', 1);
	INSERT INTO `zone` VALUES (3922, 105, 'Rieti', 'RI', 1);
	INSERT INTO `zone` VALUES (3923, 105, 'Rimini', 'RN', 1);
	INSERT INTO `zone` VALUES (3924, 105, 'Roma', 'RM', 1);
	INSERT INTO `zone` VALUES (3925, 105, 'Rovigo', 'RO', 1);
	INSERT INTO `zone` VALUES (3926, 105, 'Salerno', 'SA', 1);
	INSERT INTO `zone` VALUES (3927, 105, 'Sassari', 'SS', 1);
	INSERT INTO `zone` VALUES (3928, 105, 'Savona', 'SV', 1);
	INSERT INTO `zone` VALUES (3929, 105, 'Siena', 'SI', 1);
	INSERT INTO `zone` VALUES (3930, 105, 'Siracusa', 'SR', 1);
	INSERT INTO `zone` VALUES (3931, 105, 'Sondrio', 'SO', 1);
	INSERT INTO `zone` VALUES (3932, 105, 'Taranto', 'TA', 1);
	INSERT INTO `zone` VALUES (3933, 105, 'Teramo', 'TE', 1);
	INSERT INTO `zone` VALUES (3934, 105, 'Terni', 'TR', 1);
	INSERT INTO `zone` VALUES (3935, 105, 'Torino', 'TO', 1);
	INSERT INTO `zone` VALUES (3936, 105, 'Trapani', 'TP', 1);
	INSERT INTO `zone` VALUES (3937, 105, 'Trento', 'TN', 1);
	INSERT INTO `zone` VALUES (3938, 105, 'Treviso', 'TV', 1);
	INSERT INTO `zone` VALUES (3939, 105, 'Trieste', 'TS', 1);
	INSERT INTO `zone` VALUES (3940, 105, 'Udine', 'UD', 1);
	INSERT INTO `zone` VALUES (3941, 105, 'Varese', 'VA', 1);
	INSERT INTO `zone` VALUES (3942, 105, 'Venezia', 'VE', 1);
	INSERT INTO `zone` VALUES (3943, 105, 'Verbano-Cusio-Ossola', 'VB', 1);
	INSERT INTO `zone` VALUES (3944, 105, 'Vercelli', 'VC', 1);
	INSERT INTO `zone` VALUES (3945, 105, 'Verona', 'VR', 1);
	INSERT INTO `zone` VALUES (3946, 105, 'Vibo Valentia', 'VV', 1);
	INSERT INTO `zone` VALUES (3947, 105, 'Vicenza', 'VI', 1);
	INSERT INTO `zone` VALUES (3948, 105, 'Viterbo', 'VT', 1);
	INSERT INTO `zone` VALUES (3949, 222, 'County Antrim', 'ANT', 1);
	INSERT INTO `zone` VALUES (3950, 222, 'County Armagh', 'ARM', 1);
	INSERT INTO `zone` VALUES (3951, 222, 'County Down', 'DOW', 1);
	INSERT INTO `zone` VALUES (3952, 222, 'County Fermanagh', 'FER', 1);
	INSERT INTO `zone` VALUES (3953, 222, 'County Londonderry', 'LDY', 1);
	INSERT INTO `zone` VALUES (3954, 222, 'County Tyrone', 'TYR', 1);
	INSERT INTO `zone` VALUES (3955, 222, 'Cumbria', 'CMA', 1);
	INSERT INTO `zone` VALUES (3956, 190, 'Pomurska', '1', 1);
	INSERT INTO `zone` VALUES (3957, 190, 'Podravska', '2', 1);
	INSERT INTO `zone` VALUES (3958, 190, 'Koroška', '3', 1);
	INSERT INTO `zone` VALUES (3959, 190, 'Savinjska', '4', 1);
	INSERT INTO `zone` VALUES (3960, 190, 'Zasavska', '5', 1);
	INSERT INTO `zone` VALUES (3961, 190, 'Spodnjeposavska', '6', 1);
	INSERT INTO `zone` VALUES (3962, 190, 'Jugovzhodna Slovenija', '7', 1);
	INSERT INTO `zone` VALUES (3963, 190, 'Osrednjeslovenska', '8', 1);
	INSERT INTO `zone` VALUES (3964, 190, 'Gorenjska', '9', 1);
	INSERT INTO `zone` VALUES (3965, 190, 'Notranjsko-kraška', '10', 1);
	INSERT INTO `zone` VALUES (3966, 190, 'Goriška', '11', 1);
	INSERT INTO `zone` VALUES (3967, 190, 'Obalno-kraška', '12', 1);
	INSERT INTO `zone` VALUES (3968, 33, 'Ruse', '', 1);
	INSERT INTO `zone` VALUES (3969, 101, 'Alborz', 'ALB', 1);
	INSERT INTO `zone` VALUES (3970, 21, 'Brussels-Capital Region', 'BRU', 1);
	INSERT INTO `zone` VALUES (3971, 138, 'Aguascalientes', 'AG', 1);
	INSERT INTO `zone` VALUES (3973, 242, 'Andrijevica', '01', 1);
	INSERT INTO `zone` VALUES (3974, 242, 'Bar', '02', 1);
	INSERT INTO `zone` VALUES (3975, 242, 'Berane', '03', 1);
	INSERT INTO `zone` VALUES (3976, 242, 'Bijelo Polje', '04', 1);
	INSERT INTO `zone` VALUES (3977, 242, 'Budva', '05', 1);
	INSERT INTO `zone` VALUES (3978, 242, 'Cetinje', '06', 1);
	INSERT INTO `zone` VALUES (3979, 242, 'Danilovgrad', '07', 1);
	INSERT INTO `zone` VALUES (3980, 242, 'Herceg-Novi', '08', 1);
	INSERT INTO `zone` VALUES (3981, 242, 'Kolašin', '09', 1);
	INSERT INTO `zone` VALUES (3982, 242, 'Kotor', '10', 1);
	INSERT INTO `zone` VALUES (3983, 242, 'Mojkovac', '11', 1);
	INSERT INTO `zone` VALUES (3984, 242, 'Nikšić', '12', 1);
	INSERT INTO `zone` VALUES (3985, 242, 'Plav', '13', 1);
	INSERT INTO `zone` VALUES (3986, 242, 'Pljevlja', '14', 1);
	INSERT INTO `zone` VALUES (3987, 242, 'Plužine', '15', 1);
	INSERT INTO `zone` VALUES (3988, 242, 'Podgorica', '16', 1);
	INSERT INTO `zone` VALUES (3989, 242, 'Rožaje', '17', 1);
	INSERT INTO `zone` VALUES (3990, 242, 'Šavnik', '18', 1);
	INSERT INTO `zone` VALUES (3991, 242, 'Tivat', '19', 1);
	INSERT INTO `zone` VALUES (3992, 242, 'Ulcinj', '20', 1);
	INSERT INTO `zone` VALUES (3993, 242, 'Žabljak', '21', 1);
	INSERT INTO `zone` VALUES (3994, 243, 'Belgrade', '00', 1);
	INSERT INTO `zone` VALUES (3995, 243, 'North Bačka', '01', 1);
	INSERT INTO `zone` VALUES (3996, 243, 'Central Banat', '02', 1);
	INSERT INTO `zone` VALUES (3997, 243, 'North Banat', '03', 1);
	INSERT INTO `zone` VALUES (3998, 243, 'South Banat', '04', 1);
	INSERT INTO `zone` VALUES (3999, 243, 'West Bačka', '05', 1);
	INSERT INTO `zone` VALUES (4000, 243, 'South Bačka', '06', 1);
	INSERT INTO `zone` VALUES (4001, 243, 'Srem', '07', 1);
	INSERT INTO `zone` VALUES (4002, 243, 'Mačva', '08', 1);
	INSERT INTO `zone` VALUES (4003, 243, 'Kolubara', '09', 1);
	INSERT INTO `zone` VALUES (4004, 243, 'Podunavlje', '10', 1);
	INSERT INTO `zone` VALUES (4005, 243, 'Braničevo', '11', 1);
	INSERT INTO `zone` VALUES (4006, 243, 'Šumadija', '12', 1);
	INSERT INTO `zone` VALUES (4007, 243, 'Pomoravlje', '13', 1);
	INSERT INTO `zone` VALUES (4008, 243, 'Bor', '14', 1);
	INSERT INTO `zone` VALUES (4009, 243, 'Zaječar', '15', 1);
	INSERT INTO `zone` VALUES (4010, 243, 'Zlatibor', '16', 1);
	INSERT INTO `zone` VALUES (4011, 243, 'Moravica', '17', 1);
	INSERT INTO `zone` VALUES (4012, 243, 'Raška', '18', 1);
	INSERT INTO `zone` VALUES (4013, 243, 'Rasina', '19', 1);
	INSERT INTO `zone` VALUES (4014, 243, 'Nišava', '20', 1);
	INSERT INTO `zone` VALUES (4015, 243, 'Toplica', '21', 1);
	INSERT INTO `zone` VALUES (4016, 243, 'Pirot', '22', 1);
	INSERT INTO `zone` VALUES (4017, 243, 'Jablanica', '23', 1);
	INSERT INTO `zone` VALUES (4018, 243, 'Pčinja', '24', 1);
	INSERT INTO `zone` VALUES (4020, 245, 'Bonaire', 'BO', 1);
	INSERT INTO `zone` VALUES (4021, 245, 'Saba', 'SA', 1);
	INSERT INTO `zone` VALUES (4022, 245, 'Sint Eustatius', 'SE', 1);
	INSERT INTO `zone` VALUES (4023, 248, 'Central Equatoria', 'EC', 1);
	INSERT INTO `zone` VALUES (4024, 248, 'Eastern Equatoria', 'EE', 1);
	INSERT INTO `zone` VALUES (4025, 248, 'Jonglei', 'JG', 1);
	INSERT INTO `zone` VALUES (4026, 248, 'Lakes', 'LK', 1);
	INSERT INTO `zone` VALUES (4027, 248, 'Northern Bahr el-Ghazal', 'BN', 1);
	INSERT INTO `zone` VALUES (4028, 248, 'Unity', 'UY', 1);
	INSERT INTO `zone` VALUES (4029, 248, 'Upper Nile', 'NU', 1);
	INSERT INTO `zone` VALUES (4030, 248, 'Warrap', 'WR', 1);
	INSERT INTO `zone` VALUES (4031, 248, 'Western Bahr el-Ghazal', 'BW', 1);
	INSERT INTO `zone` VALUES (4032, 248, 'Western Equatoria', 'EW', 1);
	INSERT INTO `zone` VALUES (4036, 117, 'Ainaži, Salacgrīvas novads', '0661405', 1);
	INSERT INTO `zone` VALUES (4037, 117, 'Aizkraukle, Aizkraukles novads', '0320201', 1);
	INSERT INTO `zone` VALUES (4038, 117, 'Aizkraukles novads', '0320200', 1);
	INSERT INTO `zone` VALUES (4039, 117, 'Aizpute, Aizputes novads', '0640605', 1);
	INSERT INTO `zone` VALUES (4040, 117, 'Aizputes novads', '0640600', 1);
	INSERT INTO `zone` VALUES (4041, 117, 'Aknīste, Aknīstes novads', '0560805', 1);
	INSERT INTO `zone` VALUES (4042, 117, 'Aknīstes novads', '0560800', 1);
	INSERT INTO `zone` VALUES (4043, 117, 'Aloja, Alojas novads', '0661007', 1);
	INSERT INTO `zone` VALUES (4044, 117, 'Alojas novads', '0661000', 1);
	INSERT INTO `zone` VALUES (4045, 117, 'Alsungas novads', '0624200', 1);
	INSERT INTO `zone` VALUES (4046, 117, 'Alūksne, Alūksnes novads', '0360201', 1);
	INSERT INTO `zone` VALUES (4047, 117, 'Alūksnes novads', '0360200', 1);
	INSERT INTO `zone` VALUES (4048, 117, 'Amatas novads', '0424701', 1);
	INSERT INTO `zone` VALUES (4049, 117, 'Ape, Apes novads', '0360805', 1);
	INSERT INTO `zone` VALUES (4050, 117, 'Apes novads', '0360800', 1);
	INSERT INTO `zone` VALUES (4051, 117, 'Auce, Auces novads', '0460805', 1);
	INSERT INTO `zone` VALUES (4052, 117, 'Auces novads', '0460800', 1);
	INSERT INTO `zone` VALUES (4053, 117, 'Ādažu novads', '0804400', 1);
	INSERT INTO `zone` VALUES (4054, 117, 'Babītes novads', '0804900', 1);
	INSERT INTO `zone` VALUES (4055, 117, 'Baldone, Baldones novads', '0800605', 1);
	INSERT INTO `zone` VALUES (4056, 117, 'Baldones novads', '0800600', 1);
	INSERT INTO `zone` VALUES (4057, 117, 'Baloži, Ķekavas novads', '0800807', 1);
	INSERT INTO `zone` VALUES (4058, 117, 'Baltinavas novads', '0384400', 1);
	INSERT INTO `zone` VALUES (4059, 117, 'Balvi, Balvu novads', '0380201', 1);
	INSERT INTO `zone` VALUES (4060, 117, 'Balvu novads', '0380200', 1);
	INSERT INTO `zone` VALUES (4061, 117, 'Bauska, Bauskas novads', '0400201', 1);
	INSERT INTO `zone` VALUES (4062, 117, 'Bauskas novads', '0400200', 1);
	INSERT INTO `zone` VALUES (4063, 117, 'Beverīnas novads', '0964700', 1);
	INSERT INTO `zone` VALUES (4064, 117, 'Brocēni, Brocēnu novads', '0840605', 1);
	INSERT INTO `zone` VALUES (4065, 117, 'Brocēnu novads', '0840601', 1);
	INSERT INTO `zone` VALUES (4066, 117, 'Burtnieku novads', '0967101', 1);
	INSERT INTO `zone` VALUES (4067, 117, 'Carnikavas novads', '0805200', 1);
	INSERT INTO `zone` VALUES (4068, 117, 'Cesvaine, Cesvaines novads', '0700807', 1);
	INSERT INTO `zone` VALUES (4069, 117, 'Cesvaines novads', '0700800', 1);
	INSERT INTO `zone` VALUES (4070, 117, 'Cēsis, Cēsu novads', '0420201', 1);
	INSERT INTO `zone` VALUES (4071, 117, 'Cēsu novads', '0420200', 1);
	INSERT INTO `zone` VALUES (4072, 117, 'Ciblas novads', '0684901', 1);
	INSERT INTO `zone` VALUES (4073, 117, 'Dagda, Dagdas novads', '0601009', 1);
	INSERT INTO `zone` VALUES (4074, 117, 'Dagdas novads', '0601000', 1);
	INSERT INTO `zone` VALUES (4075, 117, 'Daugavpils', '0050000', 1);
	INSERT INTO `zone` VALUES (4076, 117, 'Daugavpils novads', '0440200', 1);
	INSERT INTO `zone` VALUES (4077, 117, 'Dobele, Dobeles novads', '0460201', 1);
	INSERT INTO `zone` VALUES (4078, 117, 'Dobeles novads', '0460200', 1);
	INSERT INTO `zone` VALUES (4079, 117, 'Dundagas novads', '0885100', 1);
	INSERT INTO `zone` VALUES (4080, 117, 'Durbe, Durbes novads', '0640807', 1);
	INSERT INTO `zone` VALUES (4081, 117, 'Durbes novads', '0640801', 1);
	INSERT INTO `zone` VALUES (4082, 117, 'Engures novads', '0905100', 1);
	INSERT INTO `zone` VALUES (4083, 117, 'Ērgļu novads', '0705500', 1);
	INSERT INTO `zone` VALUES (4084, 117, 'Garkalnes novads', '0806000', 1);
	INSERT INTO `zone` VALUES (4085, 117, 'Grobiņa, Grobiņas novads', '0641009', 1);
	INSERT INTO `zone` VALUES (4086, 117, 'Grobiņas novads', '0641000', 1);
	INSERT INTO `zone` VALUES (4087, 117, 'Gulbene, Gulbenes novads', '0500201', 1);
	INSERT INTO `zone` VALUES (4088, 117, 'Gulbenes novads', '0500200', 1);
	INSERT INTO `zone` VALUES (4089, 117, 'Iecavas novads', '0406400', 1);
	INSERT INTO `zone` VALUES (4090, 117, 'Ikšķile, Ikšķiles novads', '0740605', 1);
	INSERT INTO `zone` VALUES (4091, 117, 'Ikšķiles novads', '0740600', 1);
	INSERT INTO `zone` VALUES (4092, 117, 'Ilūkste, Ilūkstes novads', '0440807', 1);
	INSERT INTO `zone` VALUES (4093, 117, 'Ilūkstes novads', '0440801', 1);
	INSERT INTO `zone` VALUES (4094, 117, 'Inčukalna novads', '0801800', 1);
	INSERT INTO `zone` VALUES (4095, 117, 'Jaunjelgava, Jaunjelgavas novads', '0321007', 1);
	INSERT INTO `zone` VALUES (4096, 117, 'Jaunjelgavas novads', '0321000', 1);
	INSERT INTO `zone` VALUES (4097, 117, 'Jaunpiebalgas novads', '0425700', 1);
	INSERT INTO `zone` VALUES (4098, 117, 'Jaunpils novads', '0905700', 1);
	INSERT INTO `zone` VALUES (4099, 117, 'Jelgava', '0090000', 1);
	INSERT INTO `zone` VALUES (4100, 117, 'Jelgavas novads', '0540200', 1);
	INSERT INTO `zone` VALUES (4101, 117, 'Jēkabpils', '0110000', 1);
	INSERT INTO `zone` VALUES (4102, 117, 'Jēkabpils novads', '0560200', 1);
	INSERT INTO `zone` VALUES (4103, 117, 'Jūrmala', '0130000', 1);
	INSERT INTO `zone` VALUES (4104, 117, 'Kalnciems, Jelgavas novads', '0540211', 1);
	INSERT INTO `zone` VALUES (4105, 117, 'Kandava, Kandavas novads', '0901211', 1);
	INSERT INTO `zone` VALUES (4106, 117, 'Kandavas novads', '0901201', 1);
	INSERT INTO `zone` VALUES (4107, 117, 'Kārsava, Kārsavas novads', '0681009', 1);
	INSERT INTO `zone` VALUES (4108, 117, 'Kārsavas novads', '0681000', 1);
	INSERT INTO `zone` VALUES (4109, 117, 'Kocēnu novads ,bij. Valmieras)', '0960200', 1);
	INSERT INTO `zone` VALUES (4110, 117, 'Kokneses novads', '0326100', 1);
	INSERT INTO `zone` VALUES (4111, 117, 'Krāslava, Krāslavas novads', '0600201', 1);
	INSERT INTO `zone` VALUES (4112, 117, 'Krāslavas novads', '0600202', 1);
	INSERT INTO `zone` VALUES (4113, 117, 'Krimuldas novads', '0806900', 1);
	INSERT INTO `zone` VALUES (4114, 117, 'Krustpils novads', '0566900', 1);
	INSERT INTO `zone` VALUES (4115, 117, 'Kuldīga, Kuldīgas novads', '0620201', 1);
	INSERT INTO `zone` VALUES (4116, 117, 'Kuldīgas novads', '0620200', 1);
	INSERT INTO `zone` VALUES (4117, 117, 'Ķeguma novads', '0741001', 1);
	INSERT INTO `zone` VALUES (4118, 117, 'Ķegums, Ķeguma novads', '0741009', 1);
	INSERT INTO `zone` VALUES (4119, 117, 'Ķekavas novads', '0800800', 1);
	INSERT INTO `zone` VALUES (4120, 117, 'Lielvārde, Lielvārdes novads', '0741413', 1);
	INSERT INTO `zone` VALUES (4121, 117, 'Lielvārdes novads', '0741401', 1);
	INSERT INTO `zone` VALUES (4122, 117, 'Liepāja', '0170000', 1);
	INSERT INTO `zone` VALUES (4123, 117, 'Limbaži, Limbažu novads', '0660201', 1);
	INSERT INTO `zone` VALUES (4124, 117, 'Limbažu novads', '0660200', 1);
	INSERT INTO `zone` VALUES (4125, 117, 'Līgatne, Līgatnes novads', '0421211', 1);
	INSERT INTO `zone` VALUES (4126, 117, 'Līgatnes novads', '0421200', 1);
	INSERT INTO `zone` VALUES (4127, 117, 'Līvāni, Līvānu novads', '0761211', 1);
	INSERT INTO `zone` VALUES (4128, 117, 'Līvānu novads', '0761201', 1);
	INSERT INTO `zone` VALUES (4129, 117, 'Lubāna, Lubānas novads', '0701413', 1);
	INSERT INTO `zone` VALUES (4130, 117, 'Lubānas novads', '0701400', 1);
	INSERT INTO `zone` VALUES (4131, 117, 'Ludza, Ludzas novads', '0680201', 1);
	INSERT INTO `zone` VALUES (4132, 117, 'Ludzas novads', '0680200', 1);
	INSERT INTO `zone` VALUES (4133, 117, 'Madona, Madonas novads', '0700201', 1);
	INSERT INTO `zone` VALUES (4134, 117, 'Madonas novads', '0700200', 1);
	INSERT INTO `zone` VALUES (4135, 117, 'Mazsalaca, Mazsalacas novads', '0961011', 1);
	INSERT INTO `zone` VALUES (4136, 117, 'Mazsalacas novads', '0961000', 1);
	INSERT INTO `zone` VALUES (4137, 117, 'Mālpils novads', '0807400', 1);
	INSERT INTO `zone` VALUES (4138, 117, 'Mārupes novads', '0807600', 1);
	INSERT INTO `zone` VALUES (4139, 117, 'Mērsraga novads', '0887600', 1);
	INSERT INTO `zone` VALUES (4140, 117, 'Naukšēnu novads', '0967300', 1);
	INSERT INTO `zone` VALUES (4141, 117, 'Neretas novads', '0327100', 1);
	INSERT INTO `zone` VALUES (4142, 117, 'Nīcas novads', '0647900', 1);
	INSERT INTO `zone` VALUES (4143, 117, 'Ogre, Ogres novads', '0740201', 1);
	INSERT INTO `zone` VALUES (4144, 117, 'Ogres novads', '0740202', 1);
	INSERT INTO `zone` VALUES (4145, 117, 'Olaine, Olaines novads', '0801009', 1);
	INSERT INTO `zone` VALUES (4146, 117, 'Olaines novads', '0801000', 1);
	INSERT INTO `zone` VALUES (4147, 117, 'Ozolnieku novads', '0546701', 1);
	INSERT INTO `zone` VALUES (4148, 117, 'Pārgaujas novads', '0427500', 1);
	INSERT INTO `zone` VALUES (4149, 117, 'Pāvilosta, Pāvilostas novads', '0641413', 1);
	INSERT INTO `zone` VALUES (4150, 117, 'Pāvilostas novads', '0641401', 1);
	INSERT INTO `zone` VALUES (4151, 117, 'Piltene, Ventspils novads', '0980213', 1);
	INSERT INTO `zone` VALUES (4152, 117, 'Pļaviņas, Pļaviņu novads', '0321413', 1);
	INSERT INTO `zone` VALUES (4153, 117, 'Pļaviņu novads', '0321400', 1);
	INSERT INTO `zone` VALUES (4154, 117, 'Preiļi, Preiļu novads', '0760201', 1);
	INSERT INTO `zone` VALUES (4155, 117, 'Preiļu novads', '0760202', 1);
	INSERT INTO `zone` VALUES (4156, 117, 'Priekule, Priekules novads', '0641615', 1);
	INSERT INTO `zone` VALUES (4157, 117, 'Priekules novads', '0641600', 1);
	INSERT INTO `zone` VALUES (4158, 117, 'Priekuļu novads', '0427300', 1);
	INSERT INTO `zone` VALUES (4159, 117, 'Raunas novads', '0427700', 1);
	INSERT INTO `zone` VALUES (4160, 117, 'Rēzekne', '0210000', 1);
	INSERT INTO `zone` VALUES (4161, 117, 'Rēzeknes novads', '0780200', 1);
	INSERT INTO `zone` VALUES (4162, 117, 'Riebiņu novads', '0766300', 1);
	INSERT INTO `zone` VALUES (4163, 117, 'Rīga', '0010000', 1);
	INSERT INTO `zone` VALUES (4164, 117, 'Rojas novads', '0888300', 1);
	INSERT INTO `zone` VALUES (4165, 117, 'Ropažu novads', '0808400', 1);
	INSERT INTO `zone` VALUES (4166, 117, 'Rucavas novads', '0648500', 1);
	INSERT INTO `zone` VALUES (4167, 117, 'Rugāju novads', '0387500', 1);
	INSERT INTO `zone` VALUES (4168, 117, 'Rundāles novads', '0407700', 1);
	INSERT INTO `zone` VALUES (4169, 117, 'Rūjiena, Rūjienas novads', '0961615', 1);
	INSERT INTO `zone` VALUES (4170, 117, 'Rūjienas novads', '0961600', 1);
	INSERT INTO `zone` VALUES (4171, 117, 'Sabile, Talsu novads', '0880213', 1);
	INSERT INTO `zone` VALUES (4172, 117, 'Salacgrīva, Salacgrīvas novads', '0661415', 1);
	INSERT INTO `zone` VALUES (4173, 117, 'Salacgrīvas novads', '0661400', 1);
	INSERT INTO `zone` VALUES (4174, 117, 'Salas novads', '0568700', 1);
	INSERT INTO `zone` VALUES (4175, 117, 'Salaspils novads', '0801200', 1);
	INSERT INTO `zone` VALUES (4176, 117, 'Salaspils, Salaspils novads', '0801211', 1);
	INSERT INTO `zone` VALUES (4177, 117, 'Saldus novads', '0840200', 1);
	INSERT INTO `zone` VALUES (4178, 117, 'Saldus, Saldus novads', '0840201', 1);
	INSERT INTO `zone` VALUES (4179, 117, 'Saulkrasti, Saulkrastu novads', '0801413', 1);
	INSERT INTO `zone` VALUES (4180, 117, 'Saulkrastu novads', '0801400', 1);
	INSERT INTO `zone` VALUES (4181, 117, 'Seda, Strenču novads', '0941813', 1);
	INSERT INTO `zone` VALUES (4182, 117, 'Sējas novads', '0809200', 1);
	INSERT INTO `zone` VALUES (4183, 117, 'Sigulda, Siguldas novads', '0801615', 1);
	INSERT INTO `zone` VALUES (4184, 117, 'Siguldas novads', '0801601', 1);
	INSERT INTO `zone` VALUES (4185, 117, 'Skrīveru novads', '0328200', 1);
	INSERT INTO `zone` VALUES (4186, 117, 'Skrunda, Skrundas novads', '0621209', 1);
	INSERT INTO `zone` VALUES (4187, 117, 'Skrundas novads', '0621200', 1);
	INSERT INTO `zone` VALUES (4188, 117, 'Smiltene, Smiltenes novads', '0941615', 1);
	INSERT INTO `zone` VALUES (4189, 117, 'Smiltenes novads', '0941600', 1);
	INSERT INTO `zone` VALUES (4190, 117, 'Staicele, Alojas novads', '0661017', 1);
	INSERT INTO `zone` VALUES (4191, 117, 'Stende, Talsu novads', '0880215', 1);
	INSERT INTO `zone` VALUES (4192, 117, 'Stopiņu novads', '0809600', 1);
	INSERT INTO `zone` VALUES (4193, 117, 'Strenči, Strenču novads', '0941817', 1);
	INSERT INTO `zone` VALUES (4194, 117, 'Strenču novads', '0941800', 1);
	INSERT INTO `zone` VALUES (4195, 117, 'Subate, Ilūkstes novads', '0440815', 1);
	INSERT INTO `zone` VALUES (4196, 117, 'Talsi, Talsu novads', '0880201', 1);
	INSERT INTO `zone` VALUES (4197, 117, 'Talsu novads', '0880200', 1);
	INSERT INTO `zone` VALUES (4198, 117, 'Tērvetes novads', '0468900', 1);
	INSERT INTO `zone` VALUES (4199, 117, 'Tukuma novads', '0900200', 1);
	INSERT INTO `zone` VALUES (4200, 117, 'Tukums, Tukuma novads', '0900201', 1);
	INSERT INTO `zone` VALUES (4201, 117, 'Vaiņodes novads', '0649300', 1);
	INSERT INTO `zone` VALUES (4202, 117, 'Valdemārpils, Talsu novads', '0880217', 1);
	INSERT INTO `zone` VALUES (4203, 117, 'Valka, Valkas novads', '0940201', 1);
	INSERT INTO `zone` VALUES (4204, 117, 'Valkas novads', '0940200', 1);
	INSERT INTO `zone` VALUES (4205, 117, 'Valmiera', '0250000', 1);
	INSERT INTO `zone` VALUES (4206, 117, 'Vangaži, Inčukalna novads', '0801817', 1);
	INSERT INTO `zone` VALUES (4207, 117, 'Varakļāni, Varakļānu novads', '0701817', 1);
	INSERT INTO `zone` VALUES (4208, 117, 'Varakļānu novads', '0701800', 1);
	INSERT INTO `zone` VALUES (4209, 117, 'Vārkavas novads', '0769101', 1);
	INSERT INTO `zone` VALUES (4210, 117, 'Vecpiebalgas novads', '0429300', 1);
	INSERT INTO `zone` VALUES (4211, 117, 'Vecumnieku novads', '0409500', 1);
	INSERT INTO `zone` VALUES (4212, 117, 'Ventspils', '0270000', 1);
	INSERT INTO `zone` VALUES (4213, 117, 'Ventspils novads', '0980200', 1);
	INSERT INTO `zone` VALUES (4214, 117, 'Viesīte, Viesītes novads', '0561815', 1);
	INSERT INTO `zone` VALUES (4215, 117, 'Viesītes novads', '0561800', 1);
	INSERT INTO `zone` VALUES (4216, 117, 'Viļaka, Viļakas novads', '0381615', 1);
	INSERT INTO `zone` VALUES (4217, 117, 'Viļakas novads', '0381600', 1);
	INSERT INTO `zone` VALUES (4218, 117, 'Viļāni, Viļānu novads', '0781817', 1);
	INSERT INTO `zone` VALUES (4219, 117, 'Viļānu novads', '0781800', 1);
	INSERT INTO `zone` VALUES (4220, 117, 'Zilupe, Zilupes novads', '0681817', 1);
	INSERT INTO `zone` VALUES (4221, 117, 'Zilupes novads', '0681801', 1);
	INSERT INTO `zone` VALUES (4222, 43, 'Arica y Parinacota', 'AP', 1);
	INSERT INTO `zone` VALUES (4223, 43, 'Los Rios', 'LR', 1);
	INSERT INTO `zone` VALUES (4224, 220, 'Харьковская область', '63', 1);
	INSERT INTO `zone` VALUES (4225, 118, 'Beirut', 'LB-BR', 1);
	INSERT INTO `zone` VALUES (4226, 118, 'Bekaa', 'LB-BE', 1);
	INSERT INTO `zone` VALUES (4227, 118, 'Mount Lebanon', 'LB-ML', 1);
	INSERT INTO `zone` VALUES (4228, 118, 'Nabatieh', 'LB-NB', 1);
	INSERT INTO `zone` VALUES (4229, 118, 'North', 'LB-NR', 1);
	INSERT INTO `zone` VALUES (4230, 118, 'South', 'LB-ST', 1);
	INSERT INTO `zone` VALUES (4231, 99, 'Telangana', 'TS', 1);

	-- ----------------------------
	-- Table structure for zone_to_geo_zone
	-- ----------------------------
	DROP TABLE IF EXISTS `zone_to_geo_zone`;
	CREATE TABLE `zone_to_geo_zone`  (
	  `zone_to_geo_zone_id` int(11) NOT NULL AUTO_INCREMENT,
	  `country_id` int(11) NOT NULL,
	  `zone_id` int(11) NOT NULL DEFAULT 0,
	  `geo_zone_id` int(11) NOT NULL,
	  `date_added` datetime(0) NOT NULL,
	  `date_modified` datetime(0) NOT NULL,
	  PRIMARY KEY (`zone_to_geo_zone_id`) USING BTREE
	) ENGINE = MyISAM AUTO_INCREMENT = 110 CHARACTER SET = utf8 COLLATE = utf8_general_ci ROW_FORMAT = Fixed;

	-- ----------------------------
	-- Records of zone_to_geo_zone
	-- ----------------------------
	INSERT INTO `zone_to_geo_zone` VALUES (1, 222, 0, 4, '2019-03-07 00:22:16', '2019-03-07 00:22:16');
	INSERT INTO `zone_to_geo_zone` VALUES (2, 222, 3513, 3, '2019-03-07 00:22:16', '2019-03-07 00:22:16');
	INSERT INTO `zone_to_geo_zone` VALUES (3, 222, 3514, 3, '2019-03-07 00:22:16', '2019-03-07 00:22:16');
	INSERT INTO `zone_to_geo_zone` VALUES (4, 222, 3515, 3, '2019-03-07 00:22:16', '2019-03-07 00:22:16');
	INSERT INTO `zone_to_geo_zone` VALUES (5, 222, 3516, 3, '2019-03-07 00:22:16', '2019-03-07 00:22:16');
	INSERT INTO `zone_to_geo_zone` VALUES (6, 222, 3517, 3, '2019-03-07 00:22:16', '2019-03-07 00:22:16');
	INSERT INTO `zone_to_geo_zone` VALUES (7, 222, 3518, 3, '2019-03-07 00:22:16', '2019-03-07 00:22:16');
	INSERT INTO `zone_to_geo_zone` VALUES (8, 222, 3519, 3, '2019-03-07 00:22:16', '2019-03-07 00:22:16');
	INSERT INTO `zone_to_geo_zone` VALUES (9, 222, 3520, 3, '2019-03-07 00:22:16', '2019-03-07 00:22:16');
	INSERT INTO `zone_to_geo_zone` VALUES (10, 222, 3521, 3, '2019-03-07 00:22:16', '2019-03-07 00:22:16');
	INSERT INTO `zone_to_geo_zone` VALUES (11, 222, 3522, 3, '2019-03-07 00:22:16', '2019-03-07 00:22:16');
	INSERT INTO `zone_to_geo_zone` VALUES (12, 222, 3523, 3, '2019-03-07 00:22:16', '2019-03-07 00:22:16');
	INSERT INTO `zone_to_geo_zone` VALUES (13, 222, 3524, 3, '2019-03-07 00:22:16', '2019-03-07 00:22:16');
	INSERT INTO `zone_to_geo_zone` VALUES (14, 222, 3525, 3, '2019-03-07 00:22:16', '2019-03-07 00:22:16');
	INSERT INTO `zone_to_geo_zone` VALUES (15, 222, 3526, 3, '2019-03-07 00:22:16', '2019-03-07 00:22:16');
	INSERT INTO `zone_to_geo_zone` VALUES (16, 222, 3527, 3, '2019-03-07 00:22:16', '2019-03-07 00:22:16');
	INSERT INTO `zone_to_geo_zone` VALUES (17, 222, 3528, 3, '2019-03-07 00:22:16', '2019-03-07 00:22:16');
	INSERT INTO `zone_to_geo_zone` VALUES (18, 222, 3529, 3, '2019-03-07 00:22:16', '2019-03-07 00:22:16');
	INSERT INTO `zone_to_geo_zone` VALUES (19, 222, 3530, 3, '2019-03-07 00:22:16', '2019-03-07 00:22:16');
	INSERT INTO `zone_to_geo_zone` VALUES (20, 222, 3531, 3, '2019-03-07 00:22:16', '2019-03-07 00:22:16');
	INSERT INTO `zone_to_geo_zone` VALUES (21, 222, 3532, 3, '2019-03-07 00:22:16', '2019-03-07 00:22:16');
	INSERT INTO `zone_to_geo_zone` VALUES (22, 222, 3533, 3, '2019-03-07 00:22:16', '2019-03-07 00:22:16');
	INSERT INTO `zone_to_geo_zone` VALUES (23, 222, 3534, 3, '2019-03-07 00:22:16', '2019-03-07 00:22:16');
	INSERT INTO `zone_to_geo_zone` VALUES (24, 222, 3535, 3, '2019-03-07 00:22:16', '2019-03-07 00:22:16');
	INSERT INTO `zone_to_geo_zone` VALUES (25, 222, 3536, 3, '2019-03-07 00:22:16', '2019-03-07 00:22:16');
	INSERT INTO `zone_to_geo_zone` VALUES (26, 222, 3537, 3, '2019-03-07 00:22:16', '2019-03-07 00:22:16');
	INSERT INTO `zone_to_geo_zone` VALUES (27, 222, 3538, 3, '2019-03-07 00:22:16', '2019-03-07 00:22:16');
	INSERT INTO `zone_to_geo_zone` VALUES (28, 222, 3539, 3, '2019-03-07 00:22:16', '2019-03-07 00:22:16');
	INSERT INTO `zone_to_geo_zone` VALUES (29, 222, 3540, 3, '2019-03-07 00:22:16', '2019-03-07 00:22:16');
	INSERT INTO `zone_to_geo_zone` VALUES (30, 222, 3541, 3, '2019-03-07 00:22:16', '2019-03-07 00:22:16');
	INSERT INTO `zone_to_geo_zone` VALUES (31, 222, 3542, 3, '2019-03-07 00:22:16', '2019-03-07 00:22:16');
	INSERT INTO `zone_to_geo_zone` VALUES (32, 222, 3543, 3, '2019-03-07 00:22:16', '2019-03-07 00:22:16');
	INSERT INTO `zone_to_geo_zone` VALUES (33, 222, 3544, 3, '2019-03-07 00:22:16', '2019-03-07 00:22:16');
	INSERT INTO `zone_to_geo_zone` VALUES (34, 222, 3545, 3, '2019-03-07 00:22:16', '2019-03-07 00:22:16');
	INSERT INTO `zone_to_geo_zone` VALUES (35, 222, 3546, 3, '2019-03-07 00:22:16', '2019-03-07 00:22:16');
	INSERT INTO `zone_to_geo_zone` VALUES (36, 222, 3547, 3, '2019-03-07 00:22:16', '2019-03-07 00:22:16');
	INSERT INTO `zone_to_geo_zone` VALUES (37, 222, 3548, 3, '2019-03-07 00:22:16', '2019-03-07 00:22:16');
	INSERT INTO `zone_to_geo_zone` VALUES (38, 222, 3549, 3, '2019-03-07 00:22:16', '2019-03-07 00:22:16');
	INSERT INTO `zone_to_geo_zone` VALUES (39, 222, 3550, 3, '2019-03-07 00:22:16', '2019-03-07 00:22:16');
	INSERT INTO `zone_to_geo_zone` VALUES (40, 222, 3551, 3, '2019-03-07 00:22:16', '2019-03-07 00:22:16');
	INSERT INTO `zone_to_geo_zone` VALUES (41, 222, 3552, 3, '2019-03-07 00:22:16', '2019-03-07 00:22:16');
	INSERT INTO `zone_to_geo_zone` VALUES (42, 222, 3553, 3, '2019-03-07 00:22:16', '2019-03-07 00:22:16');
	INSERT INTO `zone_to_geo_zone` VALUES (43, 222, 3554, 3, '2019-03-07 00:22:16', '2019-03-07 00:22:16');
	INSERT INTO `zone_to_geo_zone` VALUES (44, 222, 3555, 3, '2019-03-07 00:22:16', '2019-03-07 00:22:16');
	INSERT INTO `zone_to_geo_zone` VALUES (45, 222, 3556, 3, '2019-03-07 00:22:16', '2019-03-07 00:22:16');
	INSERT INTO `zone_to_geo_zone` VALUES (46, 222, 3557, 3, '2019-03-07 00:22:16', '2019-03-07 00:22:16');
	INSERT INTO `zone_to_geo_zone` VALUES (47, 222, 3558, 3, '2019-03-07 00:22:16', '2019-03-07 00:22:16');
	INSERT INTO `zone_to_geo_zone` VALUES (48, 222, 3559, 3, '2019-03-07 00:22:16', '2019-03-07 00:22:16');
	INSERT INTO `zone_to_geo_zone` VALUES (49, 222, 3560, 3, '2019-03-07 00:22:16', '2019-03-07 00:22:16');
	INSERT INTO `zone_to_geo_zone` VALUES (50, 222, 3561, 3, '2019-03-07 00:22:16', '2019-03-07 00:22:16');
	INSERT INTO `zone_to_geo_zone` VALUES (51, 222, 3562, 3, '2019-03-07 00:22:16', '2019-03-07 00:22:16');
	INSERT INTO `zone_to_geo_zone` VALUES (52, 222, 3563, 3, '2019-03-07 00:22:16', '2019-03-07 00:22:16');
	INSERT INTO `zone_to_geo_zone` VALUES (53, 222, 3564, 3, '2019-03-07 00:22:16', '2019-03-07 00:22:16');
	INSERT INTO `zone_to_geo_zone` VALUES (54, 222, 3565, 3, '2019-03-07 00:22:16', '2019-03-07 00:22:16');
	INSERT INTO `zone_to_geo_zone` VALUES (55, 222, 3566, 3, '2019-03-07 00:22:16', '2019-03-07 00:22:16');
	INSERT INTO `zone_to_geo_zone` VALUES (56, 222, 3567, 3, '2019-03-07 00:22:16', '2019-03-07 00:22:16');
	INSERT INTO `zone_to_geo_zone` VALUES (57, 222, 3568, 3, '2019-03-07 00:22:16', '2019-03-07 00:22:16');
	INSERT INTO `zone_to_geo_zone` VALUES (58, 222, 3569, 3, '2019-03-07 00:22:16', '2019-03-07 00:22:16');
	INSERT INTO `zone_to_geo_zone` VALUES (59, 222, 3570, 3, '2019-03-07 00:22:16', '2019-03-07 00:22:16');
	INSERT INTO `zone_to_geo_zone` VALUES (60, 222, 3571, 3, '2019-03-07 00:22:16', '2019-03-07 00:22:16');
	INSERT INTO `zone_to_geo_zone` VALUES (61, 222, 3572, 3, '2019-03-07 00:22:16', '2019-03-07 00:22:16');
	INSERT INTO `zone_to_geo_zone` VALUES (62, 222, 3573, 3, '2019-03-07 00:22:16', '2019-03-07 00:22:16');
	INSERT INTO `zone_to_geo_zone` VALUES (63, 222, 3574, 3, '2019-03-07 00:22:16', '2019-03-07 00:22:16');
	INSERT INTO `zone_to_geo_zone` VALUES (64, 222, 3575, 3, '2019-03-07 00:22:16', '2019-03-07 00:22:16');
	INSERT INTO `zone_to_geo_zone` VALUES (65, 222, 3576, 3, '2019-03-07 00:22:16', '2019-03-07 00:22:16');
	INSERT INTO `zone_to_geo_zone` VALUES (66, 222, 3577, 3, '2019-03-07 00:22:16', '2019-03-07 00:22:16');
	INSERT INTO `zone_to_geo_zone` VALUES (67, 222, 3578, 3, '2019-03-07 00:22:16', '2019-03-07 00:22:16');
	INSERT INTO `zone_to_geo_zone` VALUES (68, 222, 3579, 3, '2019-03-07 00:22:16', '2019-03-07 00:22:16');
	INSERT INTO `zone_to_geo_zone` VALUES (69, 222, 3580, 3, '2019-03-07 00:22:16', '2019-03-07 00:22:16');
	INSERT INTO `zone_to_geo_zone` VALUES (70, 222, 3581, 3, '2019-03-07 00:22:16', '2019-03-07 00:22:16');
	INSERT INTO `zone_to_geo_zone` VALUES (71, 222, 3582, 3, '2019-03-07 00:22:16', '2019-03-07 00:22:16');
	INSERT INTO `zone_to_geo_zone` VALUES (72, 222, 3583, 3, '2019-03-07 00:22:16', '2019-03-07 00:22:16');
	INSERT INTO `zone_to_geo_zone` VALUES (73, 222, 3584, 3, '2019-03-07 00:22:16', '2019-03-07 00:22:16');
	INSERT INTO `zone_to_geo_zone` VALUES (74, 222, 3585, 3, '2019-03-07 00:22:16', '2019-03-07 00:22:16');
	INSERT INTO `zone_to_geo_zone` VALUES (75, 222, 3586, 3, '2019-03-07 00:22:16', '2019-03-07 00:22:16');
	INSERT INTO `zone_to_geo_zone` VALUES (76, 222, 3587, 3, '2019-03-07 00:22:16', '2019-03-07 00:22:16');
	INSERT INTO `zone_to_geo_zone` VALUES (77, 222, 3588, 3, '2019-03-07 00:22:16', '2019-03-07 00:22:16');
	INSERT INTO `zone_to_geo_zone` VALUES (78, 222, 3589, 3, '2019-03-07 00:22:16', '2019-03-07 00:22:16');
	INSERT INTO `zone_to_geo_zone` VALUES (79, 222, 3590, 3, '2019-03-07 00:22:16', '2019-03-07 00:22:16');
	INSERT INTO `zone_to_geo_zone` VALUES (80, 222, 3591, 3, '2019-03-07 00:22:16', '2019-03-07 00:22:16');
	INSERT INTO `zone_to_geo_zone` VALUES (81, 222, 3592, 3, '2019-03-07 00:22:16', '2019-03-07 00:22:16');
	INSERT INTO `zone_to_geo_zone` VALUES (82, 222, 3593, 3, '2019-03-07 00:22:16', '2019-03-07 00:22:16');
	INSERT INTO `zone_to_geo_zone` VALUES (83, 222, 3594, 3, '2019-03-07 00:22:16', '2019-03-07 00:22:16');
	INSERT INTO `zone_to_geo_zone` VALUES (84, 222, 3595, 3, '2019-03-07 00:22:16', '2019-03-07 00:22:16');
	INSERT INTO `zone_to_geo_zone` VALUES (85, 222, 3596, 3, '2019-03-07 00:22:16', '2019-03-07 00:22:16');
	INSERT INTO `zone_to_geo_zone` VALUES (86, 222, 3597, 3, '2019-03-07 00:22:16', '2019-03-07 00:22:16');
	INSERT INTO `zone_to_geo_zone` VALUES (87, 222, 3598, 3, '2019-03-07 00:22:16', '2019-03-07 00:22:16');
	INSERT INTO `zone_to_geo_zone` VALUES (88, 222, 3599, 3, '2019-03-07 00:22:16', '2019-03-07 00:22:16');
	INSERT INTO `zone_to_geo_zone` VALUES (89, 222, 3600, 3, '2019-03-07 00:22:16', '2019-03-07 00:22:16');
	INSERT INTO `zone_to_geo_zone` VALUES (90, 222, 3601, 3, '2019-03-07 00:22:16', '2019-03-07 00:22:16');
	INSERT INTO `zone_to_geo_zone` VALUES (91, 222, 3602, 3, '2019-03-07 00:22:16', '2019-03-07 00:22:16');
	INSERT INTO `zone_to_geo_zone` VALUES (92, 222, 3603, 3, '2019-03-07 00:22:16', '2019-03-07 00:22:16');
	INSERT INTO `zone_to_geo_zone` VALUES (93, 222, 3604, 3, '2019-03-07 00:22:16', '2019-03-07 00:22:16');
	INSERT INTO `zone_to_geo_zone` VALUES (94, 222, 3605, 3, '2019-03-07 00:22:16', '2019-03-07 00:22:16');
	INSERT INTO `zone_to_geo_zone` VALUES (95, 222, 3606, 3, '2019-03-07 00:22:16', '2019-03-07 00:22:16');
	INSERT INTO `zone_to_geo_zone` VALUES (96, 222, 3607, 3, '2019-03-07 00:22:16', '2019-03-07 00:22:16');
	INSERT INTO `zone_to_geo_zone` VALUES (97, 222, 3608, 3, '2019-03-07 00:22:16', '2019-03-07 00:22:16');
	INSERT INTO `zone_to_geo_zone` VALUES (98, 222, 3609, 3, '2019-03-07 00:22:16', '2019-03-07 00:22:16');
	INSERT INTO `zone_to_geo_zone` VALUES (99, 222, 3610, 3, '2019-03-07 00:22:16', '2019-03-07 00:22:16');
	INSERT INTO `zone_to_geo_zone` VALUES (100, 222, 3611, 3, '2019-03-07 00:22:16', '2019-03-07 00:22:16');
	INSERT INTO `zone_to_geo_zone` VALUES (101, 222, 3612, 3, '2019-03-07 00:22:16', '2019-03-07 00:22:16');
	INSERT INTO `zone_to_geo_zone` VALUES (102, 222, 3949, 3, '2019-03-07 00:22:16', '2019-03-07 00:22:16');
	INSERT INTO `zone_to_geo_zone` VALUES (103, 222, 3950, 3, '2019-03-07 00:22:16', '2019-03-07 00:22:16');
	INSERT INTO `zone_to_geo_zone` VALUES (104, 222, 3951, 3, '2019-03-07 00:22:16', '2019-03-07 00:22:16');
	INSERT INTO `zone_to_geo_zone` VALUES (105, 222, 3952, 3, '2019-03-07 00:22:16', '2019-03-07 00:22:16');
	INSERT INTO `zone_to_geo_zone` VALUES (106, 222, 3953, 3, '2019-03-07 00:22:16', '2019-03-07 00:22:16');
	INSERT INTO `zone_to_geo_zone` VALUES (107, 222, 3954, 3, '2019-03-07 00:22:16', '2019-03-07 00:22:16');
	INSERT INTO `zone_to_geo_zone` VALUES (108, 222, 3955, 3, '2019-03-07 00:22:16', '2019-03-07 00:22:16');
	INSERT INTO `zone_to_geo_zone` VALUES (109, 222, 3972, 3, '2019-03-07 00:22:16', '2019-03-07 00:22:16');

	SET FOREIGN_KEY_CHECKS = 1;
